game_id,player_id,team_type,at_bat,run,single,double,triple,home_run,runs_batted_in,walk,strikeout,hit_by_pitch,stolen_base,sacrifice,roe
23992260,12061790,away,1,0,1,0,0,0,0,1,0,1,0,0,0
23992260,12061787,away,3,0,0,0,0,0,0,0,0,0,0,0,0
23992260,12061774,away,3,0,1,0,0,0,0,0,0,0,0,0,0
23992260,12061769,away,2,0,1,0,0,0,1,1,1,0,0,0,0
23992260,12061770,away,3,1,2,0,0,0,1,0,0,0,0,0,0
23992260,12061791,away,2,1,1,0,0,0,1,1,1,0,0,0,0
23992260,12061766,away,3,1,1,0,0,0,0,0,1,0,0,0,0
23992260,12061765,away,3,1,2,0,0,0,0,0,0,0,0,0,0
23992260,12063209,away,4,3,3,0,0,0,3,1,0,0,0,0,0
23992260,12061767,away,3,0,1,0,0,0,0,0,1,0,0,0,0
23992260,12061789,away,2,0,0,0,0,0,0,0,0,1,0,0,0
23992260,12063323,home,2,0,0,0,0,0,0,1,0,0,0,0,0
23992260,12061746,home,4,0,1,0,0,0,0,0,3,0,0,0,0
23992260,12061725,home,3,2,1,0,0,0,0,1,0,0,0,0,0
23992260,12061742,home,5,1,2,0,0,0,1,0,0,0,0,0,0
23992260,12061740,home,5,2,3,0,0,0,1,0,0,0,0,0,0
23992260,12061726,home,3,3,1,0,0,0,1,1,0,0,0,0,0
23992260,12061727,home,4,0,2,1,0,0,3,0,1,0,0,0,0
23992260,12061743,home,4,1,1,0,0,0,0,0,2,0,0,0,0
23992260,12061751,home,3,0,1,0,0,0,0,0,0,1,0,0,0
23992260,12061745,home,3,1,1,0,0,0,0,0,0,1,0,0,0
23992321,12061796,away,5,0,2,0,0,0,0,0,0,0,0,0,0
23992321,12062032,away,5,3,4,0,0,0,1,0,0,0,0,0,0
23992321,12061793,away,6,2,2,0,1,0,6,0,0,0,0,0,0
23992321,12061799,away,4,1,0,0,0,0,0,1,1,0,0,0,0
23992321,12061956,away,6,4,6,0,0,0,0,0,0,0,0,0,0
23992321,12061797,away,5,1,2,0,0,0,1,0,0,0,0,0,0
23992321,12061795,away,5,1,3,0,0,0,1,0,1,0,0,0,0
23992321,12061800,away,5,2,3,0,0,0,4,0,0,0,0,0,0
23992321,12061798,away,4,0,1,0,0,0,1,0,1,0,0,0,0
23992321,12061794,away,5,2,5,0,0,0,2,1,0,0,0,0,0
23992321,12061754,home,2,0,1,0,0,0,0,2,0,0,0,0,0
23992321,12061762,home,3,0,0,0,0,0,0,1,0,0,0,0,0
23992321,12063187,home,4,1,1,0,0,0,0,0,0,0,0,0,0
23992321,12061759,home,4,1,1,0,0,0,0,0,1,0,0,0,0
23992321,12061758,home,2,0,2,0,0,0,0,1,0,1,0,0,0
23992321,12061763,home,3,0,1,0,0,0,0,1,0,0,0,0,0
23992321,12061764,home,3,0,0,0,0,0,0,1,0,0,0,0,0
23992261,12063323,away,4,0,0,0,0,0,1,0,0,1,0,0,0
23992261,12061748,away,6,0,0,0,0,0,0,0,2,0,0,0,0
23992261,12061742,away,5,1,2,0,0,0,1,0,0,0,0,0,0
23992261,12061740,away,4,1,1,1,0,0,0,1,0,0,0,0,0
23992261,12061726,away,5,1,4,0,0,0,0,0,1,0,0,0,0
23992261,12061727,away,4,2,1,0,0,0,0,0,0,1,0,0,0
23992261,12061743,away,5,3,1,1,0,0,0,0,0,0,0,0,0
23992261,12061751,away,5,1,1,0,0,0,2,0,1,0,0,0,0
23992261,12061745,away,3,0,0,0,0,0,0,1,0,1,0,0,0
23992261,12061796,home,1,0,0,0,0,0,0,2,1,0,0,0,0
23992261,12062032,home,2,0,1,0,0,0,0,1,0,0,0,0,0
23992261,12061793,home,4,2,2,0,0,0,1,0,0,0,0,0,0
23992261,12061799,home,3,1,1,0,0,0,0,0,2,0,0,0,0
23992261,12061792,home,3,0,2,0,0,0,1,0,0,0,0,0,0
23992261,12061956,home,3,2,1,0,0,0,0,1,0,0,0,0,0
23992261,12061797,home,3,0,0,0,0,0,0,0,1,0,0,0,0
23992261,12061795,home,2,1,1,0,0,0,1,1,0,0,0,0,0
23992261,12061800,home,4,0,2,0,0,0,4,0,0,0,0,0,0
23992261,12061798,home,3,0,1,0,0,0,0,0,0,0,0,0,0
23992261,12061794,home,3,1,0,0,0,0,0,1,1,0,0,0,0
23992322,12061753,away,5,1,3,0,0,0,2,0,0,0,0,0,0
23992322,12061756,away,0,0,0,0,0,0,0,0,0,0,0,0,0
23992322,12061754,away,6,0,2,0,0,0,1,0,1,0,0,0,0
23992322,12063187,away,0,0,0,0,0,0,0,0,0,0,0,0,0
23992322,12061759,away,6,1,3,0,0,0,4,0,0,0,0,0,0
23992322,12061758,away,6,1,3,0,0,0,1,0,0,0,0,0,0
23992322,12061755,away,3,2,1,0,0,0,0,2,0,0,0,0,0
23992322,12061764,away,4,1,2,0,0,0,1,1,0,0,0,0,0
23992322,12061790,home,5,2,2,0,0,0,1,0,0,0,0,0,0
23992322,12061787,home,4,0,2,0,0,0,1,0,1,0,0,0,0
23992322,12061774,home,5,3,1,0,0,0,0,0,0,0,0,0,0
23992322,12061769,home,0,0,0,0,0,0,0,0,0,0,0,0,0
23992322,12061791,home,4,0,1,0,0,0,0,0,0,0,0,0,0
23992322,12061766,home,4,2,1,0,0,0,1,1,0,0,0,0,0
23992322,12061765,home,3,0,0,0,0,0,1,1,0,0,0,0,0
23992322,12063209,home,4,1,2,0,0,0,1,1,0,0,0,0,0
23992322,12061767,home,3,0,0,0,0,0,0,1,2,0,0,0,0
23992322,12061789,home,5,1,2,1,0,0,2,0,0,0,0,0,0
23992262,12063323,away,4,0,3,0,0,0,0,0,0,0,0,0,0
23992262,12061746,away,4,2,2,0,0,0,0,1,2,0,0,0,0
23992262,12061748,away,4,0,2,0,0,0,0,0,0,0,0,0,0
23992262,12061725,away,5,2,2,0,0,0,0,0,0,0,0,0,0
23992262,12061742,away,5,2,3,1,0,0,1,0,1,0,0,0,0
23992262,12061740,away,5,2,1,0,0,0,0,0,1,0,0,0,0
23992262,12061726,away,5,2,1,1,0,0,4,0,0,0,0,0,0
23992262,12061727,away,5,3,2,0,0,0,2,0,0,0,0,0,0
23992262,12061743,away,3,2,3,0,0,0,1,0,0,0,0,0,0
23992262,12061753,home,3,1,2,0,0,0,0,1,0,0,0,0,0
23992262,12061754,home,3,2,1,0,0,0,0,1,0,0,0,0,0
23992262,12061762,home,4,0,2,0,0,0,1,0,0,0,0,0,0
23992262,12063187,home,2,2,1,0,0,0,0,2,0,0,0,0,0
23992262,12061759,home,4,2,3,0,0,0,0,0,1,0,0,0,0
23992262,12061758,home,3,1,2,0,0,0,1,1,0,0,0,0,0
23992262,12061755,home,5,0,0,0,0,0,0,0,2,0,0,0,0
23992262,12061757,home,3,0,0,0,0,0,1,1,0,0,0,0,0
23992262,12061764,home,3,0,1,0,0,0,1,1,1,0,0,0,0
23992331,12061790,away,4,0,1,0,0,0,0,0,2,0,0,0,0
23992331,12061768,away,4,0,0,0,0,0,0,0,3,0,0,0,0
23992331,12061787,away,4,1,3,0,0,0,2,0,0,0,0,0,0
23992331,12061774,away,4,3,3,0,0,0,1,1,0,0,0,0,0
23992331,12061769,away,3,0,1,0,0,0,0,1,0,0,0,0,0
23992331,12061791,away,2,0,1,0,0,0,1,0,1,0,0,0,0
23992331,12061766,away,2,1,2,0,0,0,3,2,0,0,0,0,0
23992331,12061765,away,4,0,1,0,0,0,0,0,1,0,0,0,0
23992331,12061767,away,4,0,1,0,0,0,0,0,2,0,0,0,0
23992331,12061789,away,5,2,2,0,0,0,0,0,0,0,0,0,0
23992331,12061796,home,4,0,1,0,0,0,0,0,0,0,0,0,0
23992331,12062032,home,0,0,0,0,0,0,0,0,0,0,0,0,0
23992331,12061793,home,5,1,2,0,0,0,0,0,0,0,0,0,0
23992331,12061799,home,3,1,1,0,0,0,0,0,0,1,0,0,0
23992331,12061792,home,5,3,2,0,0,0,2,0,0,0,0,0,0
23992331,12061956,home,0,0,0,0,0,0,0,0,0,0,0,0,0
23992331,12061797,home,5,0,4,0,0,0,5,0,0,0,0,0,0
23992331,12061795,home,5,4,4,0,0,0,3,0,0,0,0,0,0
23992331,12061800,home,5,2,2,1,0,0,0,0,0,0,0,0,0
23992331,12061798,home,4,0,2,0,0,0,1,1,0,0,0,0,0
23992331,12061794,home,5,1,0,0,0,0,0,0,2,0,0,0,0
23992263,12063323,away,3,0,0,0,0,0,0,1,0,0,0,0,0
23992263,12061746,away,4,3,1,0,0,0,0,0,1,1,0,0,0
23992263,12061748,away,4,1,2,0,0,0,0,1,0,0,0,0,0
23992263,12061725,away,4,1,1,0,0,0,1,0,0,0,0,0,0
23992263,12061742,away,3,0,2,0,0,0,0,1,0,0,0,0,0
23992263,12061740,away,4,1,0,1,0,0,0,0,1,0,0,0,0
23992263,12061750,away,3,0,1,0,0,0,0,1,0,0,0,0,0
23992263,12061726,away,5,2,4,0,0,0,2,0,0,0,0,0,0
23992263,12061727,away,5,0,2,0,0,0,3,0,0,0,0,0,0
23992263,12061743,away,3,3,2,0,0,0,2,1,0,0,0,0,0
23992263,12061751,away,4,0,0,0,0,0,0,0,0,0,0,0,0
23992263,12061745,away,4,1,4,0,0,0,1,0,0,0,0,0,0
23992263,12061790,home,3,0,2,0,0,0,1,1,0,0,0,0,0
23992263,12061768,home,4,0,2,0,0,0,1,0,0,0,0,0,0
23992263,12061787,home,3,0,0,0,0,0,0,1,2,0,0,0,0
23992263,12061774,home,4,1,1,0,0,0,0,0,1,0,0,0,0
23992263,12061769,home,3,0,1,0,0,0,0,0,0,1,0,0,0
23992263,12061791,home,0,0,0,0,0,0,0,0,0,0,0,0,0
23992263,12063209,home,3,2,1,0,1,0,3,1,1,0,0,0,0
23992263,12061767,home,3,0,0,0,0,0,0,1,1,0,0,0,0
23992263,12061789,home,4,0,0,1,0,0,0,1,1,0,0,0,0
23992323,12061753,away,4,0,2,0,0,0,0,0,0,0,0,0,0
23992323,12061756,away,4,1,1,0,0,0,0,0,0,0,0,0,0
23992323,12061754,away,5,0,3,0,0,0,0,0,0,0,0,0,0
23992323,12063187,away,0,0,0,0,0,0,0,0,0,0,0,0,0
23992323,12061759,away,5,0,2,0,0,0,0,0,1,0,0,0,0
23992323,12061758,away,4,0,0,0,0,0,0,0,0,0,0,0,0
23992323,12061763,away,5,0,2,0,0,0,1,0,0,0,0,0,0
23992323,12061755,away,2,1,2,0,0,0,2,2,0,0,0,0,0
23992323,12061757,away,4,2,1,1,0,0,0,0,1,0,0,0,0
23992323,12061764,away,3,0,1,0,0,0,0,1,0,0,0,0,0
23992323,12061796,home,4,1,3,0,0,0,3,1,0,0,0,0,0
23992323,12062032,home,4,1,0,0,0,0,1,0,0,0,0,0,0
23992323,12061793,home,4,2,2,0,0,0,2,1,0,0,0,0,0
23992323,12061799,home,3,2,1,0,0,0,2,2,1,0,0,0,0
23992323,12061792,home,5,2,3,0,0,0,1,0,0,0,0,0,0
23992323,12061956,home,5,0,1,0,0,0,0,0,1,0,0,0,0
23992323,12061797,home,5,2,3,0,0,0,1,0,1,0,0,0,0
23992323,12061795,home,5,1,3,0,0,0,1,0,0,0,0,0,0
23992323,12061800,home,5,0,2,0,0,0,1,0,0,0,0,0,0
23992323,12061798,home,5,2,2,0,0,0,0,0,1,0,0,0,0
23992323,12061794,home,4,3,3,0,0,0,3,1,0,0,0,0,0
23992264,12061796,away,4,0,1,0,0,0,3,0,0,1,0,0,0
23992264,12062032,away,4,2,1,0,0,0,0,0,1,0,0,0,0
23992264,12061793,away,4,4,2,1,0,1,4,0,0,1,0,0,0
23992264,12061799,away,2,2,2,0,0,0,1,1,0,1,0,0,0
23992264,12061792,away,0,0,0,0,0,0,0,0,0,0,0,0,0
23992264,12061956,away,2,2,0,0,0,0,0,1,1,1,0,0,0
23992264,12061797,away,0,0,0,0,0,0,0,0,0,0,0,0,0
23992264,12061795,away,5,0,3,0,0,0,1,0,1,0,0,0,0
23992264,12061800,away,5,1,3,0,0,0,1,0,1,0,0,0,0
23992264,12061798,away,5,0,1,0,0,0,1,0,1,0,0,0,0
23992264,12061794,away,4,2,2,0,0,0,1,0,0,1,0,0,0
23992264,12063323,home,5,1,1,1,0,0,2,0,0,0,0,0,0
23992264,12061746,home,4,3,1,0,0,0,0,1,1,0,0,0,0
23992264,12061748,home,5,0,1,0,0,0,0,0,0,0,0,0,0
23992264,12061725,home,5,1,3,0,0,0,0,0,0,0,0,0,0
23992264,12061742,home,3,0,1,0,0,0,0,0,0,0,0,0,0
23992264,12061750,home,5,0,4,0,0,0,2,0,0,0,0,0,0
23992264,12061726,home,6,0,3,0,0,0,0,0,0,0,0,0,0
23992264,12061727,home,0,0,0,0,0,0,0,0,0,0,0,0,0
23992264,12061743,home,0,0,0,0,0,0,0,0,0,0,0,0,0
23992264,12061751,home,3,2,2,0,0,0,2,2,0,0,0,0,0
23992264,12061745,home,5,3,3,0,0,0,0,0,1,0,0,0,0
23992324,12061790,away,5,0,3,0,0,0,1,0,0,0,0,0,0
23992324,12061768,away,4,2,0,0,0,0,1,1,1,0,0,0,0
23992324,12061787,away,0,0,0,0,0,0,0,0,0,0,0,0,0
23992324,12061774,away,1,0,0,0,0,0,0,0,0,0,0,0,0
23992324,12061769,away,4,2,3,0,0,0,2,2,0,0,0,0,0
23992324,12061770,away,3,2,2,0,0,0,2,2,0,1,0,0,0
23992324,12061791,away,4,2,2,0,0,0,1,1,0,0,0,0,0
23992324,12061766,away,0,0,0,0,0,0,0,0,0,0,0,0,0
23992324,12061765,away,3,4,2,1,0,0,2,2,0,0,0,0,0
23992324,12063209,away,5,3,2,0,1,0,3,1,0,0,0,0,0
23992324,12061767,away,4,1,1,0,0,0,0,1,1,0,0,0,0
23992324,12061789,away,4,5,3,1,0,0,3,2,0,0,0,0,0
23992324,12061753,home,5,3,3,1,0,0,0,0,0,0,0,0,0
23992324,12061756,home,3,1,0,0,0,0,0,1,0,0,0,0,0
23992324,12061754,home,5,1,3,0,0,0,1,0,0,0,0,0,0
23992324,12061762,home,4,2,1,1,0,0,1,1,0,0,0,0,0
23992324,12061758,home,0,0,0,0,0,0,0,0,0,0,0,0,0
23992324,12061763,home,3,3,0,1,1,0,2,2,0,0,0,0,0
23992324,12061755,home,4,1,3,0,0,0,0,1,1,0,0,0,0
23992324,12061757,home,4,0,1,0,0,0,0,0,1,0,0,0,0
23992324,12061764,home,4,1,2,0,0,0,1,0,0,0,0,0,0
23992332,12061796,away,2,1,0,0,0,0,1,0,0,0,0,0,0
23992332,12062032,away,4,1,1,0,0,0,1,1,0,0,0,0,0
23992332,12061793,away,6,2,3,0,0,0,1,0,1,0,0,0,0
23992332,12061799,away,5,0,1,0,0,0,0,0,1,0,0,0,0
23992332,12061792,away,6,2,4,0,0,0,4,0,0,0,0,0,0
23992332,12061956,away,5,1,1,0,0,0,1,0,1,0,0,0,0
23992332,12061797,away,5,1,1,0,0,0,1,0,2,0,0,0,0
23992332,12061795,away,0,0,0,0,0,0,0,0,0,0,0,0,0
23992332,12061800,away,5,2,2,0,0,0,2,0,0,0,0,0,0
23992332,12061798,away,4,1,1,0,0,0,0,1,0,0,0,0,0
23992332,12061794,away,6,3,3,0,0,0,0,0,1,0,0,0,0
23992332,12061790,home,7,0,0,0,0,0,0,0,1,0,0,0,0
23992332,12061768,home,6,2,2,0,0,0,0,0,0,0,0,0,0
23992332,12061769,home,6,2,2,0,0,0,1,1,0,0,0,0,0
23992332,12061770,home,1,0,0,0,0,0,0,0,0,0,0,0,0
23992332,12061791,home,3,0,1,0,0,0,0,1,0,0,0,0,0
23992332,12061766,home,7,2,2,0,0,0,0,0,1,0,0,0,0
23992332,12061765,home,6,0,2,0,1,0,3,1,0,0,0,0,0
23992332,12061767,home,5,2,2,0,0,0,2,1,0,0,0,0,0
23992265,12061753,away,4,3,2,1,0,0,0,0,0,0,0,0,0
23992265,12061756,away,4,1,2,0,0,0,2,0,0,0,0,0,0
23992265,12061754,away,3,1,2,0,0,0,0,1,0,0,0,0,0
23992265,12061759,away,4,1,2,0,0,0,1,0,0,0,0,0,0
23992265,12061758,away,4,1,2,0,0,0,2,0,1,0,0,0,0
23992265,12061763,away,0,0,0,0,0,0,0,0,0,0,0,0,0
23992265,12061755,away,4,1,2,0,0,0,3,0,0,0,0,0,0
23992265,12061757,away,4,1,1,1,0,0,0,0,0,0,0,0,0
23992265,12061764,away,3,0,1,0,0,0,0,1,0,0,0,0,0
23992265,12063323,home,2,0,0,0,0,0,0,2,0,0,0,0,0
23992265,12061746,home,2,0,0,1,0,0,0,1,1,0,0,0,0
23992265,12061748,home,3,0,0,0,0,0,0,1,0,0,0,0,0
23992265,12061725,home,4,0,2,0,0,0,2,0,0,0,0,0,0
23992265,12061742,home,2,0,0,1,0,0,0,0,0,0,0,0,0
23992265,12061750,home,3,0,1,0,0,0,0,1,1,0,0,0,0
23992265,12061726,home,3,1,2,0,0,0,2,1,0,0,0,0,0
23992265,12061727,home,1,4,1,0,0,0,0,3,0,0,0,0,0
23992265,12061743,home,3,0,0,0,0,0,0,0,0,0,0,0,0
23992265,12061751,home,2,1,0,0,0,0,0,1,0,0,0,0,0
23992265,12061745,home,3,0,1,0,0,0,0,1,0,0,0,0,0
23992266,12061790,away,0,0,0,0,0,0,0,0,0,0,0,0,0
23992266,12061768,away,5,0,2,0,0,0,0,0,0,0,0,0,0
23992266,12061787,away,5,0,2,0,0,0,1,0,1,0,0,0,0
23992266,12061769,away,5,1,2,1,0,0,4,0,0,0,0,0,0
23992266,12061770,away,4,0,0,0,0,0,1,1,0,0,0,0,0
23992266,12061765,away,5,3,2,0,0,0,0,0,0,0,0,0,0
23992266,12063209,away,4,1,3,1,0,0,1,0,0,0,0,0,0
23992266,12061767,away,5,0,0,0,0,0,0,1,0,0,0,0,0
23992266,12063323,home,4,1,1,0,0,0,2,1,0,0,0,0,0
23992266,12061748,home,5,0,1,0,0,0,1,0,0,0,0,0,0
23992266,12061725,home,3,1,2,0,0,0,0,1,0,0,0,0,0
23992266,12061742,home,4,1,1,0,0,0,2,1,0,0,0,0,0
23992266,12061750,home,4,0,2,0,0,0,0,0,0,0,0,0,0
23992266,12061726,home,5,2,3,0,0,0,0,1,0,0,0,0,0
23992266,12061727,home,4,2,2,0,0,0,0,1,0,0,0,0,0
23992266,12061743,home,2,2,0,1,0,0,0,1,0,1,0,0,0
23992266,12061751,home,3,1,0,0,0,0,0,1,0,0,0,0,0
23992266,12061745,home,3,2,0,0,0,0,0,0,1,0,0,0,0
23992325,12062032,away,5,3,1,0,0,0,0,2,0,0,0,0,0
23992325,12061793,away,6,3,5,0,0,0,2,1,0,0,0,0,0
23992325,12061799,away,5,1,1,0,0,0,0,1,2,0,0,0,0
23992325,12061956,away,4,2,2,0,0,0,0,3,0,0,0,0,0
23992325,12061797,away,7,1,3,0,0,0,4,0,0,0,0,0,0
23992325,12061795,away,6,0,2,1,0,0,1,0,0,0,0,0,0
23992325,12061800,away,6,1,2,1,0,0,4,1,0,0,0,0,0
23992325,12061798,away,5,0,2,0,0,0,1,1,0,0,0,0,0
23992325,12061794,away,6,3,3,0,0,0,1,1,1,0,0,0,0
23992325,12061756,home,5,1,3,0,0,0,1,0,1,0,0,0,0
23992325,12061754,home,4,1,2,0,0,0,2,0,1,0,0,0,0
23992325,12061762,home,4,0,1,0,0,0,0,0,0,0,0,0,0
23992325,12061759,home,5,2,2,0,0,0,0,0,0,0,0,0,0
23992325,12061758,home,4,0,3,0,0,0,2,0,0,0,0,0,0
23992325,12061763,home,5,2,3,0,0,0,1,0,0,0,0,0,0
23992325,12061755,home,5,1,3,0,0,0,2,0,0,0,0,0,0
23992325,12061757,home,5,2,1,0,0,0,3,0,0,0,0,0,0
23992325,12061764,home,4,0,0,0,0,0,1,1,2,0,0,0,0
23992267,12063323,away,3,2,2,0,0,0,2,1,0,0,0,0,0
23992267,12061748,away,4,0,1,0,0,0,0,0,0,0,0,0,0
23992267,12061725,away,3,0,2,0,0,0,1,0,0,0,0,0,0
23992267,12061742,away,3,0,0,0,0,0,0,0,1,0,0,0,0
23992267,12061740,away,4,3,1,0,1,0,1,0,0,0,0,0,0
23992267,12061750,away,4,0,1,0,0,0,3,0,1,0,0,0,0
23992267,12061726,away,5,3,2,1,0,0,1,0,0,0,0,0,0
23992267,12061727,away,5,1,2,0,0,0,0,0,0,0,0,0,0
23992267,12061743,away,3,0,1,0,0,0,0,1,0,0,0,0,0
23992267,12061751,away,3,1,2,0,0,0,0,1,0,0,0,0,0
23992267,12061745,away,2,0,0,0,0,0,0,1,2,1,0,0,0
23992267,12062032,home,5,1,2,0,0,0,1,1,1,0,0,0,0
23992267,12061793,home,5,3,4,0,0,0,1,1,0,0,0,0,0
23992267,12061799,home,5,1,4,0,0,0,0,1,1,0,0,0,0
23992267,12061956,home,5,1,2,0,0,0,1,1,1,0,0,0,0
23992267,12061797,home,6,2,4,0,0,0,3,0,0,0,0,0,0
23992267,12061795,home,5,2,1,0,0,0,0,0,1,1,0,0,0
23992267,12061800,home,5,3,1,1,0,1,4,0,0,1,0,0,0
23992267,12061794,home,5,2,1,0,0,0,2,1,1,0,0,0,0
23992268,12063323,away,4,1,3,0,0,0,1,0,0,0,0,0,0
23992268,12061725,away,5,2,4,1,0,0,3,0,0,0,0,0,0
23992268,12061742,away,4,2,2,0,0,0,1,1,0,0,0,0,0
23992268,12061740,away,5,2,2,0,0,0,2,0,1,0,0,0,0
23992268,12061750,away,5,1,3,0,0,0,2,0,0,0,0,0,0
23992268,12061726,away,4,3,4,0,0,0,0,1,0,0,0,0,0
23992268,12061727,away,4,1,0,1,0,0,0,1,0,0,0,0,0
23992268,12061751,away,5,0,1,0,0,0,1,0,1,0,0,0,0
23992268,12061745,away,3,1,2,1,0,0,2,1,0,1,0,0,0
23992268,12061753,home,4,0,3,0,0,0,1,0,0,0,0,0,0
23992268,12061756,home,2,1,2,0,0,0,1,1,0,1,0,0,0
23992268,12061754,home,4,1,2,0,0,0,1,0,0,0,0,0,0
23992268,12061762,home,3,0,0,0,0,0,0,1,0,0,0,0,0
23992268,12063187,home,3,0,3,0,0,0,1,0,0,0,0,0,0
23992268,12061759,home,4,2,1,1,0,0,0,0,0,0,0,0,0
23992268,12061758,home,4,1,3,0,0,0,0,0,0,0,0,0,0
23992268,12061755,home,4,1,1,0,0,0,0,0,1,0,0,0,0
23992268,12061764,home,4,0,0,0,0,0,0,0,1,0,0,0,0
23992333,12061790,away,5,0,1,0,0,0,0,0,0,0,0,0,0
23992333,12061768,away,5,1,0,0,0,0,0,0,1,0,0,0,0
23992333,12061787,away,4,2,2,0,0,0,0,1,0,0,0,0,0
23992333,12061769,away,5,1,4,0,0,0,2,0,1,0,0,0,0
23992333,12061770,away,4,1,0,0,0,0,0,0,0,1,0,0,0
23992333,12061791,away,2,2,2,0,0,0,0,2,0,0,0,0,0
23992333,12061766,away,4,1,1,0,0,0,0,1,0,0,0,0,0
23992333,12061765,away,5,0,0,0,0,0,1,0,1,0,0,0,0
23992333,12063209,away,4,0,1,0,0,0,1,0,0,0,0,0,0
23992333,12061767,away,4,0,1,0,0,0,0,1,0,0,0,0,0
23992333,12061789,away,5,1,2,0,0,0,2,0,0,0,0,0,0
23992333,12061796,home,4,0,1,0,0,0,0,0,1,0,0,0,0
23992333,12062032,home,3,0,2,0,0,0,1,0,0,0,0,0,0
23992333,12061793,home,5,2,0,0,0,0,1,0,0,0,0,0,0
23992333,12061799,home,3,0,1,0,0,0,1,0,1,0,0,0,0
23992333,12061792,home,5,0,2,0,0,0,0,0,1,0,0,0,0
23992333,12061956,home,5,2,1,0,0,0,1,0,0,0,0,0,0
23992333,12061797,home,4,0,1,0,0,0,1,1,1,0,0,0,0
23992333,12061800,home,5,1,4,0,0,0,2,0,0,0,0,0,0
23992333,12061798,home,4,2,3,0,0,0,0,1,0,0,0,0,0
23992333,12061794,home,5,1,1,0,0,0,0,0,1,0,0,0,0
23992327,12087225,away,4,2,1,0,0,0,1,1,0,0,0,0,0
23992327,12087226,away,4,0,1,0,0,0,0,1,0,0,0,0,0
23992327,12087227,away,5,1,4,0,0,0,1,0,0,0,0,0,0
23992327,12087228,away,5,0,4,0,0,0,0,0,0,0,0,0,0
23992327,12061748,away,5,1,0,0,0,0,0,0,2,0,0,0,0
23992327,12061742,away,5,1,0,2,0,0,1,0,1,0,0,0,0
23992327,12061740,away,5,2,3,0,0,0,2,0,0,0,0,0,0
23992327,12061750,away,5,0,1,0,0,0,1,0,0,0,0,0,0
23992327,12061751,away,3,0,0,0,0,0,0,1,0,0,0,0,0
23992327,12061745,away,5,1,4,0,0,0,1,0,0,0,0,0,0
23992327,12061796,home,4,0,3,0,0,0,0,0,0,0,0,0,0
23992327,12061793,home,3,2,1,0,0,0,2,2,0,0,0,0,0
23992327,12061799,home,2,2,0,0,0,0,0,2,0,0,0,0,0
23992327,12061956,home,4,1,2,0,0,0,1,0,0,1,0,0,0
23992327,12087234,home,3,1,1,0,0,0,0,1,0,0,0,0,0
23992327,12061797,home,4,0,2,0,0,0,3,0,1,0,0,0,0
23992327,12061795,home,4,0,1,0,0,0,0,0,0,0,0,0,0
23992327,12061800,home,4,3,2,0,0,0,3,0,0,0,0,0,0
23992327,12087235,home,4,0,1,0,0,0,1,0,0,0,0,0,0
23992327,12061794,home,4,0,0,0,0,0,0,0,0,0,0,0,0
23992327,12087236,home,4,1,1,0,0,0,0,0,1,0,0,0,0
23992270,12087229,away,3,2,2,0,0,0,2,1,0,0,0,0,0
23992270,12061790,away,3,1,1,0,0,0,1,1,0,0,0,0,0
23992270,12061768,away,3,2,2,0,0,0,3,1,0,0,0,0,0
23992270,12061787,away,4,0,0,0,0,0,0,0,1,0,0,0,0
23992270,12061774,away,4,2,2,0,0,0,2,0,0,0,0,0,0
23992270,12061769,away,3,2,2,0,0,0,2,1,0,0,0,0,0
23992270,12061770,away,3,2,1,0,0,0,0,0,1,0,0,0,0
23992270,12061791,away,3,1,2,0,0,0,3,1,0,0,0,0,0
23992270,12061766,away,4,1,0,0,0,0,0,0,0,0,0,0,0
23992270,12061765,away,0,0,0,0,0,0,0,0,0,0,0,0,0
23992270,12061767,away,3,1,0,0,0,0,0,0,2,0,0,0,0
23992270,12061789,away,3,2,0,1,1,0,2,1,0,0,0,1,0
23992270,12087232,away,3,1,1,0,0,0,1,1,0,0,0,0,0
23992270,12063323,home,4,2,3,0,0,0,3,0,0,0,0,0,0
23992270,12087226,home,3,1,0,0,0,0,0,1,1,0,0,0,0
23992270,12087227,home,4,1,0,0,0,0,0,0,1,0,0,0,0
23992270,12087228,home,3,1,2,0,0,0,0,1,0,0,0,0,0
23992270,12061748,home,1,0,0,0,0,0,0,1,0,0,0,0,0
23992270,12061725,home,3,1,1,0,0,0,0,1,0,0,0,0,0
23992270,12061742,home,5,1,2,0,0,0,0,0,1,0,0,0,0
23992270,12061740,home,3,1,0,1,0,0,3,1,0,0,0,0,0
23992270,12061750,home,3,1,1,0,0,0,0,1,0,0,0,0,0
23992270,12061726,home,4,3,3,0,0,0,2,1,0,0,0,0,0
23992270,12061727,home,4,2,1,2,0,0,0,0,0,0,0,1,0
23992270,12061751,home,2,2,0,0,0,0,0,2,0,0,0,0,0
23992334,12062032,away,4,1,2,0,0,0,1,0,0,0,0,0,0
23992334,12087233,away,4,0,1,0,0,0,3,0,1,0,0,0,0
23992334,12061793,away,4,1,1,0,0,0,0,0,0,0,0,0,0
23992334,12061799,away,4,1,2,0,0,0,0,0,0,0,0,0,0
23992334,12061956,away,4,0,2,0,0,0,1,0,0,0,0,0,0
23992334,12061797,away,4,3,1,0,0,0,0,0,0,0,0,0,0
23992334,12061795,away,4,2,2,0,0,0,0,0,0,0,0,0,0
23992334,12061800,away,4,0,1,0,0,0,1,0,1,0,0,0,0
23992334,12061798,away,4,0,3,0,0,0,0,0,0,0,0,0,0
23992334,12087235,away,4,1,1,1,0,0,0,0,1,0,0,0,0
23992334,12061794,away,4,0,0,0,0,0,0,0,0,0,0,0,0
23992334,12087236,away,4,1,2,0,0,0,1,0,0,0,0,0,0
23992334,12061768,home,5,0,0,0,0,0,0,0,2,0,0,0,0
23992334,12061769,home,5,0,2,0,0,0,0,0,0,0,0,0,0
23992334,12087230,home,5,3,2,2,0,0,1,0,1,0,0,0,0
23992334,12061770,home,3,0,0,0,0,0,1,0,0,0,0,0,0
23992334,12061791,home,3,0,1,0,0,0,1,2,0,0,0,0,0
23992334,12061765,home,5,1,2,0,0,0,1,0,1,0,0,0,0
23992334,12061767,home,5,0,1,0,0,0,1,0,1,0,0,0,0
23992334,12061789,home,4,2,0,1,0,0,0,1,0,0,0,0,0
23992329,12063323,away,4,1,1,0,0,0,0,1,0,0,0,0,0
23992329,12087228,away,5,0,3,0,0,0,2,0,1,0,0,0,0
23992329,12061748,away,3,0,1,0,0,0,0,1,0,0,0,0,0
23992329,12061725,away,3,0,2,0,0,0,1,1,0,0,0,0,0
23992329,12061742,away,4,1,1,0,0,0,0,0,1,0,0,0,0
23992329,12061740,away,3,0,2,0,0,0,0,2,1,0,0,0,0
23992329,12061750,away,3,1,1,0,0,0,0,1,0,0,0,0,0
23992329,12061726,away,4,1,0,0,0,0,0,1,0,0,0,0,0
23992329,12061727,away,4,0,1,0,0,0,0,0,1,0,0,0,0
23992329,12061743,away,4,0,0,0,0,0,0,0,0,0,0,0,0
23992329,12061745,away,5,0,2,0,0,0,1,0,0,0,0,0,0
23992329,12061796,home,3,1,2,1,0,0,1,0,0,0,0,0,0
23992329,12062032,home,3,0,0,0,0,0,0,0,2,0,0,0,0
23992329,12087233,home,1,0,0,0,0,0,0,2,1,0,0,0,0
23992329,12061793,home,3,1,1,0,0,0,0,1,0,0,0,0,0
23992329,12061799,home,3,1,1,0,0,0,0,0,0,0,0,0,0
23992329,12061792,home,3,0,1,1,0,0,1,1,0,0,0,0,0
23992329,12061956,home,3,0,0,0,0,0,1,1,1,0,0,0,0
23992329,12061797,home,2,0,0,0,0,0,0,0,0,0,0,0,0
23992329,12061795,home,3,0,1,0,0,0,0,1,0,0,0,0,0
23992329,12061800,home,4,0,0,0,0,0,0,0,0,0,0,0,0
23992329,12061798,home,2,0,0,0,0,0,0,1,0,0,0,0,0
23992329,12087235,home,3,1,3,0,0,0,0,0,0,0,0,0,0
23992329,12061794,home,2,0,0,0,0,0,0,1,1,0,0,0,0
23992329,12087236,home,2,0,1,0,0,0,1,1,0,0,0,0,0
23992335,12087229,away,3,2,1,0,0,0,0,0,0,0,0,0,0
23992335,12061790,away,4,0,1,0,0,0,0,0,1,0,0,0,0
23992335,12061768,away,3,0,0,0,0,0,0,1,1,0,0,0,0
23992335,12061769,away,3,2,3,0,0,0,1,0,0,0,0,0,0
23992335,12061770,away,2,1,0,0,0,0,0,1,0,0,0,0,0
23992335,12061791,away,4,0,3,0,0,0,3,0,0,0,0,0,0
23992335,12061766,away,0,0,0,0,0,0,0,0,0,0,0,0,0
23992335,12061765,away,4,1,1,0,0,0,2,0,1,0,0,0,0
23992335,12061767,away,4,0,0,0,0,0,0,0,1,0,0,0,0
23992335,12061789,away,3,3,1,1,0,0,2,1,0,0,0,0,0
23992335,12087232,away,4,0,0,0,0,0,0,0,0,0,0,0,0
23992335,12063323,home,3,1,2,0,0,0,0,0,0,0,0,0,0
23992335,12087227,home,3,0,0,0,0,0,0,0,0,0,0,0,0
23992335,12087228,home,4,1,2,0,0,0,1,0,1,0,0,0,0
23992335,12061725,home,3,1,1,0,0,0,0,1,0,0,0,0,0
23992335,12061742,home,4,0,0,2,0,0,0,0,0,0,0,0,0
23992335,12061740,home,4,1,2,0,0,0,2,0,0,0,0,0,0
23992335,12061750,home,2,2,2,0,0,0,0,0,0,1,0,0,0
23992335,12061726,home,4,2,2,0,0,0,0,0,1,0,0,0,0
23992335,12061727,home,4,1,2,0,0,0,0,0,0,0,0,0,0
23992335,12061743,home,3,1,1,0,0,0,0,1,1,0,0,0,0
23992335,12061751,home,3,1,1,0,0,0,0,0,0,0,0,0,0
23992335,12061745,home,3,0,0,1,0,0,0,1,0,0,0,0,0
23992274,12061796,away,2,0,0,0,0,0,1,2,0,0,0,0,0
23992274,12062032,away,2,1,2,0,0,0,1,2,0,0,0,0,0
23992274,12061799,away,2,0,1,0,0,0,2,2,0,0,0,0,0
23992274,12061792,away,4,2,2,1,0,0,1,0,0,0,0,0,0
23992274,12061956,away,4,1,1,0,0,0,0,1,0,0,0,0,0
23992274,12087234,away,3,0,1,0,0,0,2,1,0,0,0,0,0
23992274,12061797,away,3,2,0,0,0,0,0,1,1,0,0,0,0
23992274,12061795,away,4,2,2,0,0,0,1,0,1,0,0,0,0
23992274,12061800,away,3,1,1,1,0,0,3,1,0,0,0,0,0
23992274,12061798,away,2,1,2,0,0,0,0,2,0,0,0,0,0
23992274,12087235,away,5,1,2,0,0,0,0,0,0,0,0,0,0
23992274,12061794,away,4,1,1,0,0,0,1,0,0,0,0,0,0
23992274,12087236,away,4,2,1,0,0,0,2,0,2,0,0,0,0
23992274,12087229,home,4,0,1,0,0,0,2,0,0,0,0,0,0
23992274,12061790,home,2,1,0,0,0,0,0,0,1,1,0,0,0
23992274,12061768,home,2,1,0,0,0,0,0,1,0,0,0,0,0
23992274,12061787,home,3,1,1,0,0,0,0,0,0,0,0,0,0
23992274,12061774,home,3,0,1,0,0,0,2,0,0,0,0,0,0
23992274,12061769,home,4,2,3,0,0,0,0,0,0,0,0,0,0
23992274,12087230,home,3,0,2,0,0,0,3,0,0,0,0,1,0
23992274,12061770,home,3,0,0,0,0,0,0,0,0,0,0,0,0
23992274,12061791,home,3,0,1,0,0,0,1,0,0,0,0,0,0
23992274,12061766,home,3,0,0,0,0,0,0,0,0,0,0,0,0
23992274,12061765,home,2,3,1,0,0,0,0,1,0,0,0,0,0
23992274,12061767,home,3,1,2,0,0,0,0,0,0,0,0,0,0
23992274,12087232,home,2,1,0,0,0,0,1,0,0,1,0,0,0
24119621,12087229,away,4,1,1,1,0,0,4,0,0,0,0,0,0
24119621,12061790,away,3,1,1,0,0,0,0,1,1,0,0,0,0
24119621,12061768,away,4,1,1,0,0,0,0,0,1,0,0,0,0
24119621,12061787,away,3,1,1,0,0,0,1,1,0,0,0,0,0
24119621,12061774,away,4,1,0,0,1,0,1,0,0,0,0,0,0
24119621,12061769,away,4,1,1,1,0,0,4,0,0,0,0,0,0
24119621,12087230,away,3,2,1,1,0,0,0,1,0,0,0,0,0
24119621,12061770,away,4,0,0,0,0,0,0,0,0,0,0,0,0
24119621,12061791,away,3,0,1,0,0,0,0,1,0,0,0,0,0
24119621,12061766,away,2,1,0,0,0,0,1,1,1,0,0,0,0
24119621,12061765,away,3,2,2,0,0,0,0,0,0,0,0,0,0
24119621,12063209,away,0,0,0,0,0,0,0,0,0,0,0,0,0
24119621,12061767,away,2,1,2,0,0,0,1,1,0,1,0,0,0
24119621,12087232,away,4,0,1,0,0,0,1,0,2,0,0,0,0
24119621,12063323,home,3,2,1,1,0,0,0,1,0,0,0,0,0
24119621,12087227,home,1,2,1,0,0,0,0,2,0,0,0,0,0
24119621,12087228,home,4,0,1,0,0,0,0,0,0,0,0,0,0
24119621,12061748,home,4,0,1,0,0,0,1,0,1,0,0,0,0
24119621,12061725,home,2,1,1,0,0,0,0,2,0,0,0,0,0
24119621,12061742,home,3,3,1,0,0,0,0,1,0,0,0,0,0
24119621,12061740,home,3,0,1,0,0,0,0,1,1,0,0,0,0
24119621,12061750,home,2,1,1,0,0,0,0,1,1,0,0,0,0
24119621,12061726,home,4,3,1,1,0,0,2,0,0,0,0,0,0
24119621,12061727,home,4,1,2,0,0,0,4,0,0,0,0,0,0
24119621,12061743,home,4,0,2,1,0,0,1,0,0,0,0,0,0
24119621,12061751,home,3,2,2,0,0,0,0,0,0,0,0,0,0
24119621,12061745,home,4,0,0,0,0,0,0,0,1,0,0,0,0
24119732,12063323,away,4,0,2,0,0,0,0,0,0,0,0,0,0
24119732,12087227,away,3,0,1,0,0,0,0,0,0,1,0,0,0
24119732,12061748,away,3,0,0,0,0,0,0,1,1,0,0,0,0
24119732,12061725,away,3,0,1,0,0,0,0,1,1,0,0,0,0
24119732,12061742,away,4,0,1,0,0,0,0,0,0,0,0,0,0
24119732,12061740,away,3,1,1,0,0,0,0,1,0,0,0,0,0
24119732,12061750,away,3,0,0,0,0,0,0,1,2,0,0,0,0
24119732,12061726,away,4,1,0,0,0,0,0,0,0,0,0,0,0
24119732,12061727,away,4,1,1,0,0,0,0,0,0,0,0,0,0
24119732,12061743,away,2,2,1,0,0,0,0,2,0,0,0,0,0
24119732,12061751,away,2,0,0,0,0,0,0,1,0,0,0,0,0
24119732,12061745,away,4,0,1,0,0,0,0,0,1,0,0,0,0
24119732,12061796,home,3,0,1,0,0,0,1,0,0,0,0,0,0
24119732,12062032,home,3,3,2,0,0,0,0,0,1,0,0,0,0
24119732,12087233,home,3,0,0,1,0,0,0,0,1,0,0,0,0
24119732,12061793,home,2,1,2,0,0,0,1,2,0,0,0,0,0
24119732,12061799,home,3,0,1,0,0,0,0,0,1,0,0,0,0
24119732,12061792,home,4,3,2,0,0,0,1,0,0,0,0,0,0
24119732,12061956,home,2,0,1,0,0,0,0,0,0,1,0,0,0
24119732,12087234,home,3,2,1,0,0,0,0,1,1,0,0,0,0
24119732,12061797,home,3,0,1,0,0,0,2,1,0,0,0,0,0
24119732,12061795,home,4,0,1,0,0,0,2,0,1,0,0,0,0
24119732,12061800,home,4,3,2,0,0,1,5,0,0,0,0,0,0
24119732,12061798,home,4,1,2,0,0,0,1,0,1,0,0,0,0
24119732,12061794,home,2,1,1,0,0,0,0,1,0,0,0,0,0
24119732,12087236,home,3,1,2,0,0,0,1,0,1,0,0,0,0
25253622,12587271,away,3,0,0,0,0,0,0,0,0,0,0,0,0
25253622,12587272,away,3,0,0,0,0,0,0,0,1,0,0,0,0
25253622,12587273,away,2,0,0,0,0,0,0,1,1,0,0,0,0
25253622,12587274,away,3,0,1,0,0,0,1,0,1,0,0,0,0
25253622,12587275,away,1,1,0,0,0,0,0,1,0,0,0,0,0
25253622,12587276,away,3,0,2,0,0,0,0,0,1,0,0,0,0
25253622,12587277,away,2,2,2,0,0,0,0,1,0,0,0,0,0
25253622,12587278,away,3,0,3,0,0,0,5,0,0,0,0,0,0
25253622,12587280,away,3,1,1,0,0,0,0,0,0,0,0,0,0
25253622,12587281,away,3,1,1,1,0,0,1,0,0,0,0,0,0
25253622,12587282,away,3,1,1,0,0,0,0,0,1,0,0,0,0
25253622,12587290,away,3,1,1,0,0,0,0,0,0,0,0,0,0
25253622,12587270,away,2,0,0,0,0,0,0,1,1,0,0,0,0
25253622,12587178,home,3,0,0,0,0,0,0,0,0,0,0,0,0
25253622,12587179,home,2,1,1,0,0,0,2,1,0,0,0,0,0
25253622,12587180,home,3,1,1,0,0,0,0,0,0,0,0,0,0
25253622,12587181,home,4,1,2,1,0,0,0,0,0,0,0,0,0
25253622,12587177,home,3,1,2,0,0,0,0,0,0,0,0,0,0
25253622,12587182,home,3,1,2,0,0,0,0,0,0,0,0,0,0
25253622,12587183,home,4,1,2,0,0,0,0,0,0,0,0,0,0
25253622,12587184,home,2,1,1,0,0,0,0,0,1,0,0,1,0
25253622,12587185,home,2,1,1,0,0,0,1,0,1,0,0,0,0
25253622,12587186,home,3,0,0,0,0,0,1,0,0,0,0,0,0
25253622,12587187,home,3,0,0,0,0,0,0,0,1,0,0,0,0
25253622,12587188,home,2,1,2,0,0,0,1,1,0,0,0,0,0
25253622,12587189,home,2,1,0,0,0,0,1,1,0,0,0,0,0
25253682,12587214,away,2,0,0,0,0,0,0,1,1,0,0,0,0
25253682,12587216,away,2,1,2,0,0,0,0,2,0,0,0,0,0
25253682,12587217,away,3,0,1,0,0,0,0,0,0,0,0,0,0
25253682,12587213,away,4,0,2,0,0,0,0,0,1,0,0,0,0
25253682,12587223,away,3,2,1,0,0,0,3,1,0,0,0,0,0
25253682,12587219,away,3,0,0,0,0,0,0,0,1,0,0,0,0
25253682,12587220,away,3,0,2,1,0,0,2,0,0,0,0,0,0
25253682,12587221,away,3,3,2,0,0,0,0,1,1,0,0,0,0
25253682,12587222,away,3,0,0,0,0,0,0,0,1,0,0,0,0
25253682,12587225,away,1,1,0,0,0,0,0,3,0,0,0,0,0
25253682,12587243,home,3,2,2,0,0,0,1,1,0,0,0,0,0
25253682,12587244,home,2,2,0,0,0,0,1,2,1,0,0,0,0
25253682,12587245,home,5,1,4,0,0,0,2,0,0,0,0,0,0
25253682,12587247,home,5,1,2,0,0,0,2,0,0,0,0,0,0
25253682,12587242,home,3,4,3,0,0,0,2,2,0,0,0,0,0
25253682,12587248,home,4,1,3,0,0,0,1,1,0,0,0,0,0
25253682,12587249,home,0,0,0,0,0,0,0,0,0,0,0,0,0
25253682,12587251,home,4,3,2,0,0,0,1,1,1,0,0,0,0
25253682,12587252,home,4,1,0,2,0,0,3,1,0,0,0,0,0
25253682,12596586,home,2,0,1,0,0,0,0,1,1,0,0,0,0
25253682,12587253,home,3,2,1,0,0,0,1,1,0,0,0,0,0
25253682,12587254,home,3,1,0,0,0,0,0,0,2,0,0,0,0
25253682,12587255,home,4,1,1,0,0,0,0,1,1,0,0,0,0
25253623,12587178,away,3,0,0,0,0,0,0,0,0,0,0,0,0
25253623,12587179,away,3,2,2,0,0,0,1,0,0,0,0,0,0
25253623,12587180,away,3,0,1,0,0,0,0,0,0,0,0,0,0
25253623,12587181,away,4,0,2,0,0,0,1,0,0,0,0,0,0
25253623,12587177,away,3,2,3,0,0,0,0,0,0,0,0,0,0
25253623,12587182,away,3,0,0,0,0,0,0,0,0,0,0,0,0
25253623,12587183,away,4,1,1,0,0,0,1,0,0,0,0,0,0
25253623,12587184,away,2,2,2,0,0,0,1,0,0,0,0,0,0
25253623,12587185,away,3,0,1,0,0,0,0,0,0,0,0,0,0
25253623,12587186,away,3,0,1,0,0,0,2,0,0,0,0,0,0
25253623,12587187,away,3,0,1,0,0,0,1,0,0,0,0,0,0
25253623,12587188,away,4,2,3,0,0,0,1,0,1,0,0,0,0
25253623,12587189,away,2,1,1,0,0,0,0,1,0,0,0,0,0
25253623,12587214,home,3,0,1,0,0,0,0,0,0,0,0,0,0
25253623,12587217,home,3,1,3,0,0,0,0,0,0,0,0,0,0
25253623,12587213,home,4,0,1,0,0,0,1,0,0,0,0,0,0
25253623,12587223,home,3,0,2,0,0,0,0,0,0,0,0,0,0
25253623,12587219,home,3,0,1,0,0,0,0,0,0,0,0,0,0
25253623,12606722,home,3,0,0,0,0,0,0,0,2,0,0,0,0
25253623,12587220,home,3,0,2,0,0,0,0,0,0,0,0,0,0
25253623,12587222,home,3,0,0,0,0,0,0,0,0,0,0,0,0
25253623,12587224,home,3,0,0,0,0,0,0,0,0,0,0,0,0
25253623,12587225,home,4,1,0,0,0,0,0,0,1,0,0,0,0
25253683,12587244,away,4,2,3,0,0,0,2,1,0,0,0,0,0
25253683,12587245,away,5,1,3,0,0,0,4,0,0,0,0,0,0
25253683,12587242,away,5,2,3,0,0,0,2,0,0,0,0,0,0
25253683,12587248,away,5,2,1,0,0,0,1,0,0,0,0,0,0
25253683,12587251,away,4,3,4,0,0,0,3,0,0,0,0,0,0
25253683,12587252,away,3,3,2,0,1,0,1,2,0,0,0,0,0
25253683,12596586,away,3,1,1,0,0,0,0,2,0,0,0,0,0
25253683,12587253,away,5,2,1,0,0,0,0,0,1,0,0,0,0
25253683,12587254,away,4,2,1,0,0,0,0,0,1,0,0,0,0
25253683,12587255,away,5,3,2,0,0,0,3,0,1,0,0,0,0
25253683,12587271,home,2,0,0,0,0,0,2,2,0,0,0,0,0
25253683,12587273,home,1,2,0,0,0,0,1,2,0,1,0,0,0
25253683,12587274,home,3,2,1,0,0,0,0,1,0,0,0,0,0
25253683,12587275,home,3,0,1,0,0,0,0,1,1,0,0,0,0
25253683,12587276,home,4,2,2,0,0,0,0,0,1,0,0,0,0
25253683,12596585,home,3,1,1,0,0,0,1,0,0,0,0,0,0
25253683,12587277,home,3,3,2,1,0,0,0,1,0,0,0,0,0
25253683,12587280,home,4,2,2,0,0,0,1,1,0,0,0,0,0
25253683,12587281,home,3,1,0,0,0,0,0,2,0,0,0,0,0
25253683,12587282,home,3,0,2,0,0,0,2,1,0,0,0,0,0
25253683,12587270,home,3,0,0,0,0,0,0,1,2,0,0,0,0
25253624,12587178,away,3,1,0,0,0,0,0,0,0,1,0,0,0
25253624,12587179,away,3,1,0,0,0,0,1,1,0,0,0,0,0
25253624,12616221,away,4,1,2,0,0,0,1,0,1,0,0,0,0
25253624,12587181,away,3,1,1,0,0,0,1,2,0,0,0,0,0
25253624,12587177,away,2,1,1,0,0,0,0,2,0,0,0,0,0
25253624,12587182,away,4,1,1,0,0,0,2,1,0,0,0,0,0
25253624,12587183,away,2,0,1,0,0,0,0,1,0,0,0,0,0
25253624,12587185,away,4,1,1,1,0,0,2,0,0,0,0,0,0
25253624,12587186,away,5,1,3,0,0,0,1,0,1,0,0,0,0
25253624,12587187,away,2,2,0,0,0,0,0,2,0,0,0,0,0
25253624,12587188,away,3,3,2,1,0,0,1,2,0,0,0,0,0
25253624,12587189,away,2,1,0,0,0,0,0,2,1,0,0,0,0
25253624,12587243,home,5,2,2,0,0,0,3,0,0,0,0,0,0
25253624,12587244,home,6,2,1,0,0,0,0,0,3,0,0,0,0
25253624,12587245,home,5,0,0,0,0,0,0,1,0,0,0,0,0
25253624,12587246,home,2,0,1,0,0,0,1,0,0,0,0,0,0
25253624,12587247,home,5,1,1,0,0,0,0,0,1,0,0,0,0
25253624,12587242,home,6,1,3,0,0,0,1,0,0,0,0,0,0
25253624,12587251,home,5,3,1,2,1,0,4,1,0,0,0,0,0
25253624,12587252,home,3,1,3,0,0,0,0,1,0,0,0,0,0
25253624,12587253,home,5,2,2,1,0,0,2,0,1,0,0,0,0
25253624,12587254,home,5,1,3,0,0,0,2,1,0,0,0,0,0
25253733,12587271,away,4,2,2,0,0,0,3,1,0,0,0,0,0
25253733,12587272,away,3,0,1,0,0,0,0,2,0,0,0,0,0
25253733,12587273,away,3,1,3,0,0,0,2,2,0,0,0,0,0
25253733,12587274,away,4,2,1,0,0,0,0,1,0,0,0,0,0
25253733,12587275,away,5,2,2,0,0,0,2,0,0,0,0,0,0
25253733,12587276,away,4,1,2,0,0,0,2,0,0,0,0,0,0
25253733,12587277,away,5,2,3,0,0,0,1,0,0,0,0,0,0
25253733,12587278,away,2,2,1,1,0,0,1,0,0,0,0,0,0
25253733,12587281,away,4,2,2,1,0,0,3,1,0,0,0,0,0
25253733,12587282,away,3,1,1,0,0,0,1,2,0,0,0,0,0
25253733,12587290,away,3,3,0,1,0,0,0,0,0,1,0,0,0
25253733,12587270,away,2,0,0,0,0,0,0,1,0,1,0,0,0
25253733,12587214,home,4,2,0,1,0,0,2,1,0,0,0,0,0
25253733,12587216,home,3,2,1,0,0,0,1,2,0,0,0,0,0
25253733,12587217,home,4,1,2,0,0,0,2,0,1,1,0,0,0
25253733,12587213,home,6,1,1,0,0,0,1,0,0,0,0,0,0
25253733,12587219,home,5,3,5,0,0,0,1,0,0,0,0,0,0
25253733,12606722,home,5,1,4,0,0,0,4,0,1,0,0,0,0
25253733,12587220,home,5,2,3,0,0,0,2,0,1,0,0,0,0
25253733,12587221,home,4,2,3,0,0,0,1,1,0,0,0,0,0
25253733,12587222,home,3,4,1,0,0,0,0,2,0,0,0,0,0
25253733,12587225,home,4,0,1,0,0,0,1,0,1,1,0,0,0
25253625,12587178,away,4,1,0,0,0,0,0,0,1,0,0,0,0
25253625,12587179,away,3,0,1,0,0,0,0,0,1,0,0,0,0
25253625,12616221,away,2,0,0,0,0,0,0,1,1,0,0,0,0
25253625,12587181,away,4,1,0,0,0,0,0,0,0,0,0,0,0
25253625,12587177,away,2,0,1,0,0,0,1,0,0,1,0,0,0
25253625,12587182,away,3,0,1,0,0,0,2,0,0,0,0,0,0
25253625,12587183,away,3,0,1,0,0,0,0,1,0,0,0,0,0
25253625,12587184,away,3,0,0,0,0,0,0,0,0,0,0,0,0
25253625,12587185,away,3,2,1,0,0,0,0,0,0,0,0,0,0
25253625,12587186,away,3,1,3,0,0,0,1,0,0,0,0,0,0
25253625,12587187,away,3,0,0,0,0,0,0,0,1,0,0,0,0
25253625,12587189,away,3,0,0,0,0,0,0,0,1,0,0,0,0
25253625,12587271,home,4,0,0,0,0,0,0,0,2,0,0,0,0
25253625,12587272,home,3,1,1,0,0,0,0,0,0,0,0,0,0
25253625,12587273,home,4,0,1,0,0,0,1,0,1,0,0,0,0
25253625,12587274,home,2,1,1,0,0,0,0,1,0,0,0,0,0
25253625,12587275,home,2,0,1,0,0,0,0,0,1,0,0,0,0
25253625,12587276,home,3,1,2,0,0,0,0,0,0,0,0,0,0
25253625,12596585,home,4,1,1,0,0,0,0,0,0,0,0,0,0
25253625,12587277,home,2,1,0,0,0,0,0,1,0,0,0,0,0
25253625,12587278,home,4,1,2,0,0,0,2,0,0,0,0,0,0
25253625,12587280,home,3,1,1,0,0,0,1,1,0,0,0,0,0
25253625,12587281,home,3,0,1,2,0,0,2,0,0,0,0,0,0
25253625,12587282,home,3,2,2,0,0,0,1,1,0,0,0,0,0
25253625,12587270,home,3,0,0,0,0,0,0,0,2,0,0,0,0
25253684,12587243,away,5,1,4,0,0,0,2,0,0,0,0,0,0
25253684,12587244,away,4,2,1,0,0,0,0,1,0,0,0,0,0
25253684,12587245,away,5,2,1,0,0,0,2,0,1,0,0,0,0
25253684,12587247,away,5,1,1,0,0,0,1,0,3,0,0,0,0
25253684,12587242,away,2,1,2,0,0,0,0,1,0,2,0,0,0
25253684,12587248,away,4,1,2,0,0,0,2,0,0,0,0,0,0
25253684,12596586,away,3,0,1,0,0,0,1,1,1,0,0,0,0
25253684,12587253,away,2,1,0,0,0,0,0,2,0,1,0,0,0
25253684,12587254,away,3,1,1,0,0,0,1,0,0,0,0,0,0
25253684,12587214,home,4,1,1,0,0,0,2,0,0,0,0,0,0
25253684,12587216,home,3,2,1,0,0,0,0,2,0,0,0,0,0
25253684,12587217,home,2,0,1,0,0,0,1,2,0,0,0,0,0
25253684,12587223,home,2,1,0,0,0,0,0,2,0,0,0,0,0
25253684,12587219,home,5,1,4,0,0,0,1,0,1,0,0,0,0
25253684,12606722,home,3,2,0,2,0,0,0,1,0,0,0,0,0
25253684,12587220,home,3,1,3,0,0,0,1,1,0,0,0,0,0
25253684,12587221,home,0,0,0,0,0,0,0,0,0,0,0,0,0
25253684,12587222,home,4,0,1,0,0,0,1,0,1,0,0,0,0
25253684,12587224,home,3,0,0,0,0,0,0,1,0,0,0,0,0
25253684,12587225,home,4,0,1,0,0,0,0,1,1,0,0,0,0
25253626,12587214,away,4,2,1,0,0,0,3,0,0,0,0,0,0
25253626,12587215,away,4,1,2,0,0,0,0,0,0,0,0,0,0
25253626,12587216,away,4,1,1,0,0,0,0,0,0,0,0,0,0
25253626,12587217,away,2,3,2,0,0,0,2,2,0,0,0,0,0
25253626,12587223,away,4,1,3,0,0,0,1,0,0,0,0,0,0
25253626,12587219,away,4,0,0,0,0,0,1,0,1,0,0,0,0
25253626,12606722,away,2,0,1,0,0,0,0,1,0,0,0,0,0
25253626,12587220,away,4,1,3,0,0,0,1,0,0,0,0,0,0
25253626,12587221,away,3,0,0,0,0,0,0,0,1,0,0,0,0
25253626,12587222,away,4,0,1,1,0,0,1,0,2,0,0,0,0
25253626,12587225,away,4,0,0,0,0,0,1,0,0,0,0,0,0
25253626,12587178,home,5,2,4,0,0,0,1,0,0,0,0,0,0
25253626,12587177,home,4,2,2,0,0,0,0,2,0,0,0,0,0
25253626,12587182,home,4,0,2,1,0,0,5,0,0,0,0,0,0
25253626,12587183,home,4,4,2,0,1,0,0,1,0,0,0,0,0
25253626,12587184,home,4,0,1,0,0,0,2,1,0,0,0,0,0
25253626,12587185,home,5,2,1,0,0,0,1,1,0,0,0,0,0
25253626,12587186,home,4,2,2,0,0,0,0,1,0,0,0,0,0
25253626,12587188,home,5,2,2,0,0,0,0,1,0,0,0,0,0
25253626,12587189,home,4,2,3,0,0,0,0,1,0,0,0,0,0
25253685,12587271,away,4,2,1,0,0,0,2,1,0,0,0,0,0
25253685,12587272,away,5,0,1,0,0,0,0,0,2,0,0,0,0
25253685,12587273,away,5,0,0,0,0,0,0,0,1,0,0,0,0
25253685,12587275,away,3,0,0,0,0,0,0,2,1,0,0,0,0
25253685,12587276,away,5,3,2,0,0,0,0,0,1,0,0,0,0
25253685,12587278,away,5,1,4,0,0,0,2,0,0,0,0,0,0
25253685,12587280,away,3,0,1,0,0,0,1,1,0,1,0,0,0
25253685,12587281,away,4,3,3,0,0,0,2,1,0,0,0,0,0
25253685,12587282,away,4,1,4,0,0,0,3,1,0,0,0,0,0
25253685,12587270,away,4,1,1,0,0,0,0,1,1,0,0,0,0
25253685,12587243,home,3,1,2,0,0,0,0,0,0,0,0,0,0
25253685,12587244,home,3,0,1,0,0,0,0,0,0,0,0,0,0
25253685,12641360,home,5,2,1,0,0,0,0,0,1,0,0,0,0
25253685,12587245,home,3,0,0,0,0,0,0,0,1,0,0,0,0
25253685,12587242,home,3,3,1,1,0,0,1,1,0,0,0,0,0
25253685,12587248,home,4,1,1,0,0,0,0,0,1,0,0,0,0
25253685,12587249,home,3,0,0,0,0,0,0,0,2,0,0,0,0
25253685,12587251,home,3,1,1,0,0,0,0,1,0,0,0,0,0
25253685,12587252,home,3,0,1,0,0,0,0,0,0,0,0,0,0
25253685,12596586,home,3,0,0,0,0,0,0,0,0,0,0,0,0
25253685,12587253,home,4,0,1,1,0,0,0,0,0,0,0,0,0
25253685,12587254,home,4,1,1,0,0,0,1,0,2,0,0,0,0
25253734,12587214,away,2,0,1,0,0,0,1,2,0,0,0,0,0
25253734,12587217,away,4,1,2,0,0,0,0,1,0,0,0,0,0
25253734,12587213,away,4,1,1,0,0,0,0,1,2,0,0,0,0
25253734,12587223,away,4,1,1,0,0,0,0,1,0,0,0,0,0
25253734,12587219,away,5,0,1,1,0,0,0,0,1,0,0,0,0
25253734,12587221,away,3,0,0,0,0,0,0,1,2,0,0,0,0
25253734,12587222,away,4,0,1,0,0,0,0,1,0,0,0,0,0
25253734,12587224,away,4,0,0,0,0,0,0,0,0,0,0,0,0
25253734,12587225,away,4,0,0,0,0,0,0,0,1,0,0,0,0
25253734,12587271,home,5,0,1,0,0,0,1,0,2,0,0,0,0
25253734,12587272,home,4,1,1,0,0,0,3,1,1,0,0,0,0
25253734,12587273,home,5,0,0,0,0,0,1,0,2,0,0,0,0
25253734,12587276,home,4,0,0,0,0,0,1,1,1,0,0,0,0
25253734,12587278,home,3,2,2,0,1,0,2,2,0,0,0,0,0
25253734,12587280,home,6,1,1,0,0,0,2,0,0,0,0,0,0
25253734,12587281,home,5,2,1,0,0,0,1,0,0,0,0,0,0
25253734,12587282,home,4,3,3,0,0,0,1,1,0,0,0,0,0
25253734,12587290,home,3,3,2,0,0,0,1,1,0,1,0,0,0
25253734,12587270,home,4,1,3,0,0,0,1,1,0,0,0,0,0
25253627,12587243,away,3,1,3,0,0,0,1,0,0,0,0,0,0
25253627,12587244,away,4,0,1,0,0,0,0,0,0,0,0,0,0
25253627,12641360,away,3,0,1,0,0,0,1,0,1,0,0,0,0
25253627,12587245,away,3,1,0,0,0,0,0,1,2,0,0,0,0
25253627,12587247,away,4,0,2,0,0,0,0,0,1,0,0,0,0
25253627,12587242,away,3,0,2,0,0,0,1,1,0,0,0,0,0
25253627,12587248,away,4,2,2,0,0,0,0,0,0,0,0,0,0
25253627,12587249,away,3,0,0,0,0,0,0,0,2,0,0,0,0
25253627,12587251,away,2,0,1,0,0,0,1,0,0,0,0,0,0
25253627,12587252,away,3,0,1,0,0,0,0,0,1,0,0,0,0
25253627,12596586,away,3,0,0,0,0,0,0,1,1,0,0,0,0
25253627,12587253,away,3,0,3,0,0,0,0,0,0,0,0,0,0
25253627,12587254,away,4,1,0,0,0,0,0,0,1,0,0,0,0
25253627,12587178,home,4,0,3,0,0,0,3,0,0,0,0,0,0
25253627,12587179,home,4,0,0,0,0,0,0,0,0,0,0,0,0
25253627,12587180,home,4,2,1,1,0,0,2,0,1,0,0,0,0
25253627,12616221,home,2,0,0,0,0,0,0,1,1,0,0,0,0
25253627,12587181,home,4,0,2,0,0,0,1,0,1,0,0,0,0
25253627,12587177,home,2,2,2,0,0,0,1,0,0,0,0,0,0
25253627,12587182,home,3,0,2,0,0,0,0,1,0,0,0,0,0
25253627,12587183,home,4,3,4,0,0,0,1,0,0,0,0,0,0
25253627,12587184,home,4,2,2,0,0,0,2,0,0,0,0,0,0
25253627,12587185,home,4,0,1,0,0,0,2,0,1,0,0,0,0
25253627,12587186,home,4,2,4,0,0,0,1,0,0,0,0,0,0
25253627,12587187,home,3,0,0,0,0,0,0,0,0,0,0,0,0
25253627,12587188,home,3,2,2,0,1,0,0,1,0,0,0,0,0
25253627,12587189,home,3,0,1,0,0,0,1,0,0,1,0,0,0
25253629,12587178,away,3,1,0,0,0,0,0,0,0,0,0,0,0
25253629,12587179,away,1,2,1,0,0,0,0,2,0,0,0,0,0
25253629,12587180,away,3,1,1,0,0,0,1,1,2,0,0,0,0
25253629,12616221,away,2,1,1,0,0,0,1,0,0,0,0,0,0
25253629,12587181,away,0,0,0,0,0,0,0,0,0,0,0,0,0
25253629,12587177,away,3,0,1,0,0,0,0,0,0,0,0,0,0
25253629,12587182,away,3,1,3,0,0,0,1,0,0,0,0,0,0
25253629,12587183,away,3,0,2,0,0,0,1,0,0,0,0,0,0
25253629,12587184,away,2,0,1,0,0,0,0,1,0,0,0,0,0
25253629,12587185,away,3,0,0,0,0,0,0,0,0,0,0,0,0
25253629,12587186,away,4,0,1,0,0,0,1,0,0,0,0,0,0
25253629,12587187,away,2,1,1,0,0,0,0,1,0,0,0,0,0
25253629,12587189,away,3,0,0,0,0,0,0,0,0,0,0,0,0
25253629,12587217,home,4,2,2,0,0,0,0,0,0,0,0,0,0
25253629,12587213,home,5,2,3,1,0,0,4,0,0,0,0,0,0
25253629,12587218,home,4,0,2,0,0,0,0,0,1,0,0,0,0
25253629,12587223,home,3,0,2,0,0,0,0,1,0,0,0,0,0
25253629,12587219,home,4,0,2,0,0,0,0,0,1,0,0,0,0
25253629,12587220,home,4,2,3,0,0,0,2,0,0,0,0,0,0
25253629,12587222,home,4,2,2,0,0,0,1,0,1,0,0,0,0
25253629,12587224,home,3,1,1,0,0,0,0,1,0,0,0,0,0
25253629,12587225,home,3,0,0,0,0,0,0,1,1,0,0,0,0
25253687,12587243,away,3,1,2,0,0,0,0,0,0,0,0,0,0
25253687,12587244,away,3,0,1,0,0,0,1,0,0,0,0,0,0
25253687,12641360,away,3,0,1,0,0,0,0,0,0,0,0,0,0
25253687,12587245,away,2,0,0,0,0,0,0,1,1,0,0,0,0
25253687,12587242,away,3,1,2,0,0,0,1,0,0,0,0,0,0
25253687,12587248,away,3,0,1,0,0,0,0,0,0,0,0,0,0
25253687,12587251,away,3,0,1,0,0,0,1,0,0,0,0,0,0
25253687,12587252,away,4,1,1,0,0,0,0,0,0,0,0,0,0
25253687,12596586,away,3,0,0,0,0,0,0,0,0,0,0,0,0
25253687,12662350,away,3,0,1,0,0,0,0,0,1,0,0,0,0
25253687,12587253,away,3,0,0,0,0,0,0,0,0,0,0,0,0
25253687,12587254,away,3,0,1,0,0,0,0,0,0,0,0,0,0
25253687,12587271,home,3,0,1,0,0,0,2,1,1,0,0,0,0
25253687,12587272,home,3,0,1,0,0,0,1,0,0,0,0,0,0
25253687,12587273,home,4,0,0,0,0,0,0,0,2,0,0,0,0
25253687,12587275,home,3,1,1,0,0,0,0,0,0,0,0,0,0
25253687,12587276,home,2,0,0,0,0,0,1,2,0,0,0,0,0
25253687,12596585,home,3,1,0,0,0,0,0,0,0,1,0,0,0
25253687,12587277,home,2,1,2,0,0,0,1,2,0,0,0,0,0
25253687,12587278,home,4,1,2,1,0,0,3,0,0,0,0,0,0
25253687,12587280,home,2,3,2,0,0,0,0,2,0,0,0,0,0
25253687,12587281,home,3,2,1,1,0,0,2,0,0,0,0,1,0
25253687,12587282,home,3,0,1,0,0,0,0,1,0,0,0,0,0
25253687,12587290,home,4,1,1,0,0,0,0,0,2,0,0,0,0
25253630,12587178,away,1,0,1,0,0,0,0,1,0,2,0,0,0
25253630,12587179,away,3,3,1,1,0,0,1,2,0,0,0,0,0
25253630,12587180,away,4,2,2,0,0,0,1,1,0,0,0,0,0
25253630,12616221,away,2,0,0,0,0,0,0,1,2,1,0,0,0
25253630,12587181,away,4,3,3,0,0,0,2,0,1,0,0,0,0
25253630,12587177,away,4,0,1,0,0,0,1,0,0,0,0,0,0
25253630,12587182,away,4,0,0,0,0,0,0,0,0,0,0,0,0
25253630,12587185,away,2,0,1,0,0,0,1,1,0,0,0,0,0
25253630,12587186,away,5,2,3,1,0,0,1,0,0,0,0,0,0
25253630,12587187,away,4,0,0,0,0,0,0,0,0,0,0,0,0
25253630,12587188,away,3,5,3,0,0,0,0,2,0,0,0,0,0
25253630,12587189,away,4,1,2,0,0,0,1,1,0,0,0,0,0
25253630,12587244,home,3,1,3,0,0,0,1,0,1,0,0,0,0
25253630,12641360,home,3,0,1,0,0,0,0,0,1,0,0,0,0
25253630,12587245,home,4,2,3,0,0,0,1,0,0,0,0,0,0
25253630,12587242,home,4,1,1,0,0,0,0,0,0,0,0,0,0
25253630,12587248,home,2,2,2,0,0,0,0,1,0,0,0,0,0
25253630,12587249,home,4,0,0,0,0,0,1,0,0,0,0,0,0
25253630,12587251,home,3,2,1,1,0,0,5,0,0,0,0,1,0
25253630,12587252,home,4,2,4,0,0,0,1,0,0,0,0,0,0
25253630,12596586,home,4,0,1,0,0,0,1,0,0,0,0,0,0
25253630,12662350,home,3,2,0,0,0,0,0,1,1,0,0,0,0
25253630,12587253,home,3,2,1,1,0,0,1,0,0,0,0,0,0
25253630,12587254,home,3,0,0,0,0,0,1,1,1,0,0,0,0
25253735,12587271,away,4,3,3,0,0,0,2,2,0,0,0,0,0
25253735,12587272,away,4,1,2,0,0,0,2,2,1,0,0,0,0
25253735,12587273,away,4,0,2,0,0,0,2,0,2,0,0,0,0
25253735,12587275,away,3,0,1,0,0,0,0,2,0,0,0,0,0
25253735,12587276,away,6,1,4,0,0,0,4,0,0,0,0,0,0
25253735,12596585,away,3,4,3,0,0,0,1,2,0,1,0,0,0
25253735,12587280,away,5,1,2,0,0,0,5,1,2,0,0,0,0
25253735,12587281,away,6,4,3,1,0,0,0,0,0,0,0,0,0
25253735,12587282,away,5,3,0,2,0,0,7,0,0,0,0,0,0
25253735,12587290,away,4,4,3,0,0,0,1,1,0,1,0,0,0
25253735,12587270,away,4,3,3,0,0,0,2,1,0,1,0,0,0
25253735,12587216,home,5,2,0,0,0,0,1,0,0,0,0,0,0
25253735,12587217,home,4,2,2,0,0,0,2,0,0,0,0,0,0
25253735,12587213,home,4,1,1,0,0,0,1,0,1,0,0,0,0
25253735,12587219,home,2,0,1,1,0,0,2,2,0,0,0,0,0
25253735,12587220,home,4,0,1,1,1,0,1,0,0,0,0,0,0
25253735,12587224,home,4,0,0,0,0,0,0,0,1,0,0,0,0
25253735,12587225,home,3,4,3,0,0,0,2,1,0,0,0,0,0
25253631,12587178,away,4,0,1,0,0,0,0,0,0,0,0,0,0
25253631,12587179,away,3,0,2,0,0,0,1,1,0,0,0,0,0
25253631,12587180,away,4,1,0,0,0,0,0,0,0,0,0,0,0
25253631,12616221,away,2,0,0,0,0,0,0,1,1,0,0,0,0
25253631,12587181,away,3,1,0,1,0,0,0,0,0,0,0,0,0
25253631,12587182,away,3,0,0,1,0,0,2,1,0,0,0,0,0
25253631,12587183,away,3,0,0,0,0,0,0,0,0,0,0,0,0
25253631,12587184,away,3,2,2,0,0,0,1,1,1,0,0,0,0
25253631,12587185,away,3,1,2,0,0,0,0,0,0,0,0,0,0
25253631,12587186,away,4,2,2,1,0,0,3,0,0,0,0,0,0
25253631,12587187,away,3,1,1,0,0,0,1,0,0,0,0,0,0
25253631,12587188,away,3,3,1,0,1,0,0,1,0,0,0,0,0
25253631,12587189,away,4,1,2,0,0,0,2,0,0,0,0,0,0
25253631,12587272,home,3,0,1,0,0,0,1,2,0,0,0,0,0
25253631,12587273,home,5,0,0,0,0,0,0,0,1,0,0,0,0
25253631,12587275,home,5,0,1,0,0,0,0,0,1,0,0,0,0
25253631,12587276,home,4,1,1,0,0,0,0,1,0,0,0,0,0
25253631,12587277,home,5,1,1,1,1,0,2,0,0,0,0,0,0
25253631,12587278,home,4,1,1,1,1,0,0,1,0,0,0,0,0
25253631,12587281,home,5,2,3,0,0,0,0,0,0,0,0,0,0
25253631,12587282,home,5,0,1,1,0,0,1,0,1,0,0,0,0
25253631,12587270,home,4,1,2,0,0,0,0,1,1,0,0,0,0
25253688,12587243,away,4,1,3,0,0,0,1,0,0,0,0,0,0
25253688,12587244,away,5,1,3,0,0,0,0,0,1,0,0,0,0
25253688,12587245,away,4,3,2,0,0,0,1,1,0,0,0,0,0
25253688,12587247,away,4,1,1,0,0,0,0,1,0,0,0,0,0
25253688,12587242,away,5,0,1,0,0,0,1,0,0,0,0,0,0
25253688,12587248,away,4,0,3,0,0,0,2,1,0,0,0,0,0
25253688,12587249,away,5,2,2,0,0,0,1,0,0,0,0,0,0
25253688,12587251,away,5,0,2,0,0,0,0,0,0,0,0,0,0
25253688,12587252,away,4,2,2,0,0,0,1,0,0,0,0,0,0
25253688,12596586,away,4,0,0,0,0,0,0,0,2,0,0,0,0
25253688,12662350,away,4,1,1,0,0,0,0,0,0,0,0,0,0
25253688,12587253,away,5,2,3,0,0,0,0,0,0,0,0,0,0
25253688,12587254,away,5,2,2,0,0,0,0,0,1,0,0,0,0
25253688,12587217,home,2,0,0,0,0,0,1,1,0,1,0,0,0
25253688,12587213,home,5,2,2,0,0,0,0,0,1,0,0,0,0
25253688,12587223,home,5,2,1,1,0,0,2,0,0,0,0,0,0
25253688,12587219,home,4,2,2,1,0,0,2,1,0,0,0,0,0
25253688,12606722,home,5,1,2,0,0,0,1,0,0,0,0,0,0
25253688,12587220,home,4,1,0,1,0,0,2,1,1,0,0,0,0
25253688,12587222,home,5,0,4,0,0,0,1,0,1,0,0,0,0
25253688,12587224,home,3,0,0,0,0,0,1,2,0,0,0,0,0
25253688,12587225,home,5,1,1,0,0,0,0,0,2,0,0,0,0
25253689,12587271,away,2,1,0,0,0,0,0,1,0,1,0,0,0
25253689,12587272,away,1,2,1,0,0,0,0,3,0,0,0,0,0
25253689,12587275,away,3,0,0,0,0,0,1,0,0,0,0,1,0
25253689,12587276,away,3,2,0,0,0,0,0,1,1,0,0,0,0
25253689,12596585,away,1,0,0,0,0,0,0,0,0,0,0,0,0
25253689,12587277,away,4,1,0,1,0,0,2,0,0,0,0,0,0
25253689,12587280,away,3,1,1,1,0,0,0,1,0,0,0,0,0
25253689,12587281,away,3,0,1,0,0,0,1,1,1,0,0,0,0
25253689,12587282,away,3,0,1,1,0,0,2,1,0,0,0,0,0
25253689,12587290,away,1,1,1,0,0,0,0,1,0,0,0,0,0
25253689,12587270,away,2,0,0,0,0,0,1,2,0,0,0,0,0
25253689,12587243,home,3,2,1,1,1,0,2,0,0,0,0,0,0
25253689,12587244,home,4,1,2,0,0,0,0,0,0,0,0,0,0
25253689,12641360,home,3,1,2,0,0,0,1,0,1,0,0,0,0
25253689,12587245,home,3,0,1,0,0,0,0,0,0,1,0,0,0
25253689,12587247,home,3,1,1,0,0,0,1,0,0,0,0,0,0
25253689,12587242,home,3,2,2,0,0,0,1,0,1,1,0,0,0
25253689,12587249,home,4,2,2,0,0,0,0,0,0,0,0,0,0
25253689,12587251,home,3,1,1,0,0,0,2,1,0,0,0,0,0
25253689,12662350,home,3,2,1,0,0,0,0,1,2,0,0,0,0
25253689,12587253,home,3,1,2,0,0,0,2,0,0,0,0,0,0
25253689,12587254,home,4,2,1,1,0,0,1,0,0,0,0,0,0
25253632,12587214,away,0,0,0,0,0,0,0,0,0,0,0,0,0
25253632,12587216,away,4,0,1,0,0,0,1,0,0,0,0,0,0
25253632,12587217,away,3,1,1,0,0,0,0,1,0,0,0,0,0
25253632,12587213,away,5,1,2,0,0,0,0,0,0,0,0,0,0
25253632,12587223,away,5,1,4,0,0,0,1,0,0,0,0,0,0
25253632,12587219,away,5,1,3,0,0,0,1,0,0,0,0,0,0
25253632,12606722,away,4,2,1,1,0,0,1,1,1,0,0,0,0
25253632,12587220,away,4,0,1,0,0,0,1,1,1,0,0,0,0
25253632,12587222,away,4,0,2,0,0,0,1,0,1,0,0,0,0
25253632,12587224,away,4,1,1,0,0,0,0,0,0,0,0,0,0
25253632,12587225,away,5,1,2,0,0,0,1,0,0,0,0,0,0
25253632,12587178,home,2,0,1,0,0,0,1,2,0,0,0,0,0
25253632,12587179,home,3,1,1,1,0,0,2,0,0,0,0,1,0
25253632,12587180,home,3,1,2,0,0,0,1,0,0,0,0,0,0
25253632,12587181,home,3,2,2,0,0,0,2,1,0,0,0,0,0
25253632,12587177,home,2,0,1,0,0,0,1,1,0,0,0,0,0
25253632,12587182,home,2,0,1,0,0,0,0,1,1,0,0,0,0
25253632,12587183,home,3,2,0,0,0,0,1,1,0,0,0,0,0
25253632,12587184,home,3,1,1,0,0,0,0,0,1,0,0,0,0
25253632,12587185,home,3,3,2,1,0,0,1,1,0,0,0,0,0
25253632,12587186,home,4,2,1,1,0,0,3,0,0,0,0,0,0
25253632,12587187,home,4,0,1,0,0,0,3,0,0,0,0,0,0
25253632,12587188,home,3,4,1,2,0,0,0,1,0,0,0,0,0
25253632,12587189,home,3,1,0,0,0,0,1,1,0,0,0,0,0
25253736,12587216,away,4,2,1,0,0,0,1,1,1,0,0,0,0
25253736,12587213,away,5,3,3,1,0,0,4,0,0,0,0,0,0
25253736,12587223,away,4,0,4,0,0,0,3,0,0,0,0,0,0
25253736,12587219,away,5,1,1,0,0,0,1,0,1,0,0,0,0
25253736,12606722,away,4,1,0,0,0,0,0,1,1,0,0,0,0
25253736,12587220,away,4,0,3,0,0,0,1,0,1,0,0,0,0
25253736,12587221,away,3,2,3,0,0,0,2,0,0,0,0,0,0
25253736,12587222,away,4,3,2,0,0,0,0,0,0,0,0,0,0
25253736,12587225,away,3,2,2,0,0,0,3,0,1,0,0,0,0
25253736,12712669,away,4,2,2,0,0,0,0,0,0,0,0,0,0
25253736,12587271,home,4,2,1,0,0,0,2,1,0,0,0,0,0
25253736,12587273,home,4,2,0,0,0,0,0,1,1,0,0,0,0
25253736,12587276,home,4,1,2,0,0,0,1,0,0,0,0,0,0
25253736,12596585,home,3,1,2,0,0,0,1,1,0,1,0,0,0
25253736,12587277,home,4,1,2,0,0,0,1,1,0,0,0,0,0
25253736,12587280,home,5,2,2,0,0,0,0,0,0,0,0,0,0
25253736,12587281,home,4,1,3,0,0,0,1,1,0,0,0,0,0
25253736,12587282,home,5,1,2,0,0,0,5,0,0,0,0,0,0
25253736,12587290,home,3,1,3,0,0,0,0,2,0,0,0,0,0
25253736,12587270,home,2,4,1,0,0,0,1,2,1,1,0,0,0
25253633,12587244,away,4,0,0,0,0,0,0,0,1,0,0,0,0
25253633,12641360,away,3,1,0,0,0,0,0,1,0,0,0,0,0
25253633,12587245,away,2,2,0,0,0,0,0,2,1,0,0,0,0
25253633,12587247,away,4,0,1,0,0,0,0,0,0,0,0,0,0
25253633,12587248,away,3,0,1,0,0,0,1,1,0,0,0,0,0
25253633,12587251,away,3,0,1,0,0,0,0,1,0,0,0,0,0
25253633,12587252,away,4,1,2,0,0,0,0,0,0,0,0,0,0
25253633,12587253,away,4,1,1,0,0,0,1,0,0,0,0,0,0
25253633,12587254,away,4,1,3,0,0,0,1,0,0,0,0,0,0
25253633,12587178,home,4,1,1,0,0,0,0,1,0,0,0,0,0
25253633,12587179,home,3,0,0,0,0,0,0,0,0,0,0,0,0
25253633,12616221,home,2,0,0,0,0,0,0,0,2,0,0,0,0
25253633,12587181,home,6,2,3,0,0,0,2,0,0,0,0,0,0
25253633,12587177,home,4,0,2,0,0,0,2,1,0,0,0,0,0
25253633,12587182,home,4,1,1,0,0,0,0,2,1,0,0,0,0
25253633,12587183,home,5,2,2,2,0,0,0,0,0,0,0,0,0
25253633,12587185,home,6,1,2,0,0,0,1,0,0,0,0,0,0
25253633,12587188,home,5,3,3,0,0,0,1,1,0,0,0,0,0
25253633,12587189,home,4,0,1,0,0,0,2,1,0,0,0,0,0
25253635,12587178,away,3,1,0,0,0,0,2,1,0,0,0,0,0
25253635,12587179,away,4,2,3,0,0,0,1,0,0,0,0,0,0
25253635,12587180,away,4,1,3,0,0,0,2,0,0,0,0,0,0
25253635,12587181,away,5,1,3,0,0,0,4,0,0,0,0,0,0
25253635,12587177,away,4,2,3,0,0,0,1,0,0,0,0,0,0
25253635,12587182,away,4,1,2,0,0,0,0,0,1,0,0,0,0
25253635,12587183,away,3,0,0,0,0,0,0,1,0,0,0,0,0
25253635,12587184,away,5,1,3,0,0,0,1,0,1,0,0,0,0
25253635,12587185,away,4,0,1,0,0,0,1,0,0,0,0,0,0
25253635,12587186,away,4,2,2,1,0,0,0,0,0,0,0,0,0
25253635,12587187,away,4,1,2,0,0,0,1,0,0,0,0,0,0
25253635,12587188,away,5,3,4,0,0,0,1,0,0,0,0,0,0
25253635,12587189,away,4,0,1,0,0,0,0,0,0,0,0,0,0
25253635,12587214,home,4,1,2,0,0,0,2,0,0,0,0,0,0
25253635,12587219,home,4,1,2,0,0,0,0,0,0,0,0,0,0
25253635,12587220,home,3,0,1,0,0,0,0,0,0,0,0,0,0
25253635,12587221,home,4,1,1,0,1,0,0,0,1,0,0,0,0
25253635,12587222,home,3,0,1,0,0,0,1,0,0,0,0,0,0
25253635,12587225,home,4,0,1,0,0,0,0,0,0,0,0,0,0
25253635,12712669,home,3,0,1,0,0,0,0,0,1,0,0,0,0
25253691,12587244,away,3,1,0,0,0,0,1,2,1,0,0,0,0
25253691,12641360,away,4,1,3,0,0,0,2,0,0,0,0,0,0
25253691,12587242,away,3,3,2,0,0,0,1,1,0,1,0,0,0
25253691,12587248,away,4,1,2,0,0,0,0,1,1,0,0,0,0
25253691,12587251,away,5,1,4,0,0,0,2,0,0,0,0,0,0
25253691,12587252,away,5,0,0,0,0,0,0,0,0,0,0,0,0
25253691,12662350,away,4,3,1,1,0,0,0,1,0,0,0,0,0
25253691,12587253,away,5,1,1,1,0,0,0,0,0,0,0,0,0
25253691,12587254,away,3,1,2,0,0,0,2,0,0,0,0,1,0
25253691,12587271,home,4,1,2,0,0,0,2,1,1,0,0,0,0
25253691,12587272,home,4,0,1,0,0,0,1,0,1,0,0,0,0
25253691,12587273,home,4,1,2,0,0,0,2,0,0,0,0,0,0
25253691,12587275,home,3,1,1,0,0,0,0,0,1,0,0,1,0
25253691,12587276,home,5,1,3,0,0,0,1,0,1,0,0,0,0
25253691,12596585,home,6,2,2,0,0,0,1,0,0,0,0,0,0
25253691,12587277,home,5,2,3,0,0,0,2,0,0,0,0,0,0
25253691,12587280,home,6,1,2,0,0,0,0,0,0,0,0,0,0
25253691,12587281,home,6,2,4,0,0,0,3,0,0,0,0,0,0
25253691,12587282,home,2,1,2,0,0,0,1,0,0,0,0,0,0
25253645,12587178,away,3,0,0,0,0,0,0,1,0,0,0,0,0
25253645,12587179,away,5,0,1,0,0,0,0,0,1,0,0,0,0
25253645,12587181,away,4,0,1,0,0,0,0,1,0,0,0,0,0
25253645,12587177,away,4,0,2,0,0,0,0,0,0,0,0,0,0
25253645,12587183,away,5,1,3,1,0,0,0,0,0,0,0,0,0
25253645,12587185,away,5,0,0,0,0,0,0,0,1,0,0,0,0
25253645,12587186,away,4,0,1,0,0,0,0,0,0,0,0,0,0
25253645,12587189,away,4,0,1,0,0,0,0,0,0,0,0,0,0
25253645,12587243,home,4,1,3,0,0,0,1,0,1,0,0,0,0
25253645,12587245,home,4,0,0,0,0,0,1,0,0,0,0,0,0
25253645,12587247,home,2,0,0,0,0,0,0,1,0,0,0,0,0
25253645,12587242,home,3,1,0,0,0,0,0,0,0,1,0,0,0
25253645,12587248,home,3,0,0,0,0,0,0,0,1,0,0,0,0
25253645,12587249,home,4,0,0,0,0,0,0,0,1,0,0,0,0
25253645,12587251,home,4,2,3,0,0,0,1,0,0,0,0,0,0
25253645,12587252,home,4,1,0,1,0,0,0,0,0,0,0,0,0
25253645,12662350,home,2,1,1,0,0,0,0,0,0,1,0,0,0
25253645,12587253,home,4,0,2,0,0,0,0,0,0,0,0,0,0
25253645,12587254,home,3,0,2,0,0,0,0,0,1,0,0,0,0
25253737,12587271,away,3,1,0,0,0,0,0,2,0,0,0,0,0
25253737,12587272,away,1,2,0,0,0,0,1,2,1,1,0,0,0
25253737,12587275,away,3,1,0,0,0,0,1,1,0,0,0,0,0
25253737,12587276,away,3,2,1,0,0,0,1,1,0,0,0,0,0
25253737,12596585,away,4,2,1,0,0,0,1,0,0,1,0,0,0
25253737,12587278,away,5,1,3,0,0,0,1,0,0,0,0,0,0
25253737,12587280,away,3,0,2,0,0,0,1,2,0,0,0,0,0
25253737,12587281,away,4,1,2,0,0,0,2,1,0,0,0,0,0
25253737,12587282,away,3,1,2,0,0,0,1,1,0,0,0,0,0
25253737,12587290,away,3,3,0,2,0,0,2,1,0,0,0,0,0
25253737,12587214,home,3,1,1,0,0,0,0,0,0,0,0,0,0
25253737,12587216,home,3,1,1,0,0,0,1,1,0,0,0,0,0
25253737,12587217,home,3,0,0,0,0,0,1,0,0,0,0,0,0
25253737,12587213,home,4,0,3,1,0,0,1,0,0,0,0,0,0
25253737,12587223,home,2,0,1,0,0,0,0,0,0,1,0,0,0
25253737,12587219,home,3,1,1,0,0,0,0,0,0,1,0,0,0
25253737,12587220,home,4,0,0,0,0,0,0,0,0,0,0,0,0
25253737,12587221,home,2,2,0,0,0,0,0,2,1,0,0,0,0
25253737,12587225,home,2,0,1,0,0,0,0,1,0,0,0,0,0
25253737,12712669,home,3,0,0,0,0,0,0,1,0,0,0,0,0
25501861,12729874,away,5,3,1,2,0,0,1,0,1,0,0,0,0
25501861,12729876,away,3,1,1,0,0,0,0,1,2,0,0,0,0
25501861,12729877,away,5,0,1,0,0,0,0,0,0,0,0,0,0
25501861,12729879,away,4,0,1,0,0,0,0,0,0,0,0,0,0
25501861,12729880,away,4,1,1,1,0,0,0,1,0,0,0,0,0
25501861,12729881,away,5,1,1,0,0,0,0,0,1,0,0,0,0
25501861,12729883,away,5,0,3,0,0,0,2,0,1,0,0,0,0
25501861,12729884,away,4,0,0,0,0,0,1,1,1,0,0,0,0
25501861,12729886,away,2,2,1,0,0,0,0,0,1,0,0,0,0
25501861,12729887,away,4,1,3,0,0,0,2,1,0,0,0,0,0
25501861,12729888,away,4,1,1,0,0,0,0,0,1,0,0,0,0
25501861,12729906,home,3,1,2,0,0,0,0,0,0,0,0,0,0
25501861,12729907,home,1,0,1,0,0,0,1,0,0,0,0,0,0
25501861,12729908,home,4,0,1,0,0,0,0,0,1,0,0,0,0
25501861,12729910,home,3,0,1,0,0,0,1,0,2,0,0,0,0
25501861,12729911,home,3,0,1,0,0,0,0,0,2,0,0,0,0
25501861,12729912,home,2,0,0,0,0,0,0,1,0,1,0,0,0
25501861,12729913,home,5,1,1,0,0,0,0,0,1,0,0,0,0
25501861,12729914,home,4,1,2,0,0,0,1,1,0,0,0,0,0
25501861,12729915,home,4,1,1,0,0,0,0,0,0,1,0,0,0
25501861,12729916,home,4,2,3,0,0,0,2,0,0,0,0,0,0
25501861,12729917,home,3,1,0,0,0,0,0,1,1,0,0,0,0
25501861,12729918,home,4,1,1,0,0,0,0,0,1,0,0,0,0
25501860,12729944,away,4,0,3,1,0,0,4,0,0,0,0,0,0
25501860,12729946,away,3,1,1,0,0,0,1,1,0,0,0,0,0
25501860,12729947,away,3,1,1,0,0,0,1,1,0,0,0,0,0
25501860,12729948,away,5,1,3,0,0,0,2,0,0,0,0,0,0
25501860,12729949,away,5,0,0,0,0,0,0,0,0,0,0,0,0
25501860,12729950,away,4,1,1,0,0,0,0,1,0,0,0,0,0
25501860,12729951,away,5,0,1,0,0,0,0,0,3,0,0,0,0
25501860,12729953,away,4,4,3,0,0,0,0,0,0,1,0,0,0
25501860,12729954,away,5,1,1,0,1,0,4,0,2,0,0,0,0
25501860,12729955,away,4,3,2,0,1,0,1,1,0,0,0,0,0
25501860,12729956,away,4,2,2,0,0,0,0,0,0,0,0,0,0
25501860,12729957,away,3,2,2,0,0,0,1,0,0,0,0,0,0
25501860,12729859,home,2,0,0,0,0,0,0,0,1,1,0,0,0
25501860,12729860,home,2,1,1,0,0,0,0,1,0,0,0,0,0
25501860,12729861,home,4,0,1,0,0,0,2,0,0,0,0,0,0
25501860,12729863,home,4,1,3,0,0,0,1,0,1,0,0,0,0
25501860,12729864,home,3,0,0,0,0,0,0,1,2,0,0,0,0
25501860,12729865,home,3,0,1,0,0,0,0,0,0,0,0,0,0
25501860,12729866,home,3,2,1,0,0,0,0,1,1,0,0,0,0
25501860,12729868,home,4,2,0,0,1,0,2,0,0,0,0,0,0
25501860,12729869,home,3,0,2,0,0,0,2,0,0,0,0,1,0
25501860,12729870,home,3,0,0,0,0,0,1,0,1,0,0,0,0
25501860,12729871,home,2,2,0,0,0,0,0,2,0,0,0,0,0
25501860,12729872,home,4,0,0,0,0,0,0,0,0,0,0,0,0
25563743,12729944,away,4,0,1,1,0,0,1,0,0,0,0,0,0
25563743,12729946,away,3,3,1,0,0,0,1,1,1,0,0,0,0
25563743,12729947,away,4,1,2,0,0,0,0,0,0,0,0,0,0
25563743,12729948,away,5,4,2,0,0,0,1,0,0,0,0,0,0
25563743,12729949,away,5,2,4,0,0,0,4,0,0,0,0,0,0
25563743,12729950,away,4,1,1,0,0,0,1,0,0,0,0,0,0
25563743,12729951,away,4,2,2,0,0,0,2,0,1,1,0,0,0
25563743,12729953,away,4,1,2,0,0,0,3,0,0,0,0,0,0
25563743,12729954,away,4,1,2,0,0,0,2,0,1,1,0,0,0
25563743,12729955,away,4,0,2,0,0,0,0,0,1,0,0,0,0
25563743,12729956,away,4,1,1,0,0,0,0,0,0,0,0,0,0
25563743,12729957,away,3,0,0,0,0,0,0,1,1,0,0,0,0
25563743,12729875,home,4,1,1,0,0,0,0,1,0,0,0,0,0
25563743,12729876,home,5,0,0,0,0,0,1,0,2,0,0,0,0
25563743,12729877,home,5,0,1,0,0,0,0,0,0,0,0,0,0
25563743,12729879,home,4,1,1,0,0,0,0,1,1,0,0,0,0
25563743,12729880,home,4,4,3,0,0,0,0,1,0,0,0,0,0
25563743,12729881,home,4,2,2,0,0,0,5,0,0,0,0,0,0
25563743,12729882,home,4,1,2,0,0,0,2,0,0,0,0,0,0
25563743,12729883,home,4,1,2,0,0,0,2,1,0,0,0,0,0
25563743,12729884,home,5,2,2,0,0,0,2,0,0,0,0,0,0
25563743,12729885,home,1,0,0,0,0,0,0,1,0,0,0,0,0
25563743,12729886,home,2,0,1,0,0,0,0,3,0,0,0,0,0
25563743,12729887,home,3,2,1,1,0,0,3,1,0,1,0,0,0
25563743,12729888,home,3,1,2,0,0,0,0,2,0,0,0,0,0
26362305,13128689,away,4,0,0,0,0,0,0,0,2,0,0,0,0
26362305,13128690,away,3,0,2,0,0,0,1,0,0,0,0,0,0
26362305,13128691,away,4,0,2,0,0,0,0,0,0,0,0,0,0
26362305,13128692,away,3,0,0,0,0,0,0,0,1,0,0,0,0
26362305,13128703,away,2,2,2,0,0,0,0,1,0,0,0,0,0
26362305,13128693,away,3,0,1,0,0,0,0,0,0,0,0,0,0
26362305,13128694,away,4,2,2,2,0,0,3,0,0,0,0,0,0
26362305,13128696,away,3,1,0,0,0,0,0,0,1,0,0,0,0
26362305,13128697,away,4,1,1,0,0,0,0,0,0,0,0,0,0
26362305,13128698,away,4,3,1,1,0,0,1,0,1,0,0,0,0
26362305,13128699,away,3,1,0,0,0,0,2,1,0,0,0,0,0
26362305,13128700,away,4,0,2,0,0,0,2,0,0,0,0,0,0
26362305,13128701,away,4,0,2,0,0,0,0,0,1,0,0,0,0
26362305,13128708,home,2,1,1,0,0,0,0,1,0,0,0,0,0
26362305,13128709,home,4,0,1,0,0,0,0,0,0,0,0,0,0
26362305,13128721,home,4,0,1,0,0,0,0,0,0,0,0,0,0
26362305,13128711,home,3,1,1,0,0,0,0,0,1,0,0,0,0
26362305,13128712,home,0,0,0,0,0,0,0,0,0,0,0,0,0
26362305,13128713,home,4,0,0,0,0,0,0,0,1,0,0,0,0
26362305,13128715,home,4,0,0,1,0,0,0,0,2,0,0,0,0
26362305,13128717,home,4,0,2,0,0,0,1,0,0,0,0,0,0
26362305,13128718,home,4,1,1,1,0,0,1,0,0,0,0,0,0
26362305,13128719,home,4,0,1,0,0,0,0,0,0,0,0,0,0
26362305,13128720,home,4,0,1,0,0,0,0,0,0,0,0,0,0
26362306,13128743,away,2,1,1,0,0,0,0,0,0,0,0,0,0
26362306,13128744,away,2,1,1,0,0,0,0,1,1,1,0,0,0
26362306,13128745,away,2,1,0,0,0,0,0,1,0,0,0,0,0
26362306,13128746,away,2,1,0,0,0,0,0,1,0,0,0,0,0
26362306,13128747,away,0,0,0,0,0,0,0,0,0,0,0,0,0
26362306,13128748,away,2,0,0,1,0,0,1,1,0,0,0,0,0
26362306,13128749,away,2,1,0,0,0,0,1,1,0,0,0,0,0
26362306,13128750,away,3,0,1,0,0,0,0,0,1,0,0,0,0
26362306,13128751,away,3,0,2,0,0,0,0,0,0,0,0,0,0
26362306,13128752,away,2,0,0,0,0,0,0,1,1,0,0,0,0
26362306,13128753,away,3,1,0,0,0,0,0,1,1,0,0,0,0
26362306,13134839,away,2,1,2,0,0,0,3,0,0,0,0,0,0
26362306,13128754,away,3,0,0,0,0,0,0,0,1,0,0,0,0
26362306,13128755,away,3,0,2,0,0,0,1,0,0,0,0,0,0
26362306,13128758,home,2,1,1,1,0,0,3,0,0,0,0,0,0
26362306,13128759,home,3,2,3,0,0,0,1,0,0,0,0,0,0
26362306,13128760,home,3,0,1,0,0,0,0,0,0,0,0,0,0
26362306,13128761,home,2,0,1,0,0,0,0,1,0,0,0,0,0
26362306,13128763,home,3,0,0,0,0,0,0,0,1,0,0,0,0
26362306,13128764,home,2,1,1,0,0,0,1,0,1,0,0,1,0
26362306,13128765,home,2,1,0,0,0,0,0,1,1,0,0,0,0
26362306,13128772,home,2,0,0,0,0,0,1,1,0,0,0,0,0
26362306,13128766,home,2,0,0,0,0,0,0,0,0,0,0,0,0
26362306,13128767,home,2,2,2,0,0,0,0,0,0,0,0,0,0
26362306,13128768,home,2,0,0,0,0,0,1,1,0,0,0,0,0
26362306,13128769,home,3,0,1,0,0,0,1,0,0,0,0,0,0
26362306,13128770,home,1,1,1,0,0,0,0,2,0,0,0,0,0
26362306,13128771,home,2,0,0,0,0,0,1,1,1,0,0,0,0
26362310,13128759,away,4,3,2,1,0,0,2,0,0,0,0,0,0
26362310,13128761,away,3,2,2,0,0,0,1,1,0,0,0,0,0
26362310,13128762,away,4,1,2,0,0,0,1,0,1,0,0,0,0
26362310,13128763,away,4,1,1,0,0,0,1,0,1,0,0,0,0
26362310,13128764,away,4,1,2,0,0,0,0,0,0,0,0,0,0
26362310,13128772,away,3,2,1,0,0,0,1,1,0,0,0,0,0
26362310,13128768,away,2,0,0,0,0,0,1,2,0,0,0,0,0
26362310,13128769,away,5,1,2,0,0,0,1,0,1,0,0,0,0
26362310,13128770,away,4,1,1,0,0,0,0,0,1,0,0,0,0
26362310,13128771,away,2,0,0,0,0,0,3,2,0,0,0,0,0
26362310,13128689,home,5,0,2,0,0,0,0,0,0,0,0,0,0
26362310,13128690,home,3,1,1,0,0,0,0,1,0,0,0,0,0
26362310,13128692,home,5,0,1,0,0,0,3,0,0,0,0,0,0
26362310,13128703,home,5,4,4,0,0,0,1,0,0,0,0,0,0
26362310,13128693,home,3,1,1,0,0,0,3,2,0,0,0,0,0
26362310,13128696,home,4,1,1,0,0,0,0,1,0,0,0,0,0
26362310,13128698,home,4,4,2,2,0,0,6,1,0,0,0,0,0
26362310,13128700,home,5,3,3,0,0,0,1,0,0,0,0,0,0
26362310,13128701,home,3,2,1,0,0,0,1,2,0,0,0,0,0
26362311,13128708,away,4,1,2,0,0,0,2,1,0,0,0,0,0
26362311,13128709,away,5,1,4,0,0,0,0,0,0,0,0,0,0
26362311,13128710,away,5,2,2,0,0,0,2,1,1,0,0,0,0
26362311,13128721,away,5,1,2,1,0,0,1,0,0,0,0,0,0
26362311,13128711,away,3,1,0,0,0,0,0,1,2,1,0,0,0
26362311,13128713,away,4,1,1,0,0,0,2,1,0,1,0,0,0
26362311,13128716,away,4,2,3,0,0,0,0,1,0,0,0,0,0
26362311,13128717,away,3,2,2,0,0,0,1,2,0,0,0,0,0
26362311,13128718,away,4,2,2,0,0,0,1,1,0,0,0,0,0
26362311,13128719,away,3,1,0,0,0,0,2,2,0,0,0,0,0
26362311,13128720,away,1,0,0,0,0,0,0,0,0,0,0,0,0
26362311,13128744,home,4,0,2,0,0,0,2,0,0,0,0,0,0
26362311,13128756,home,5,1,3,0,0,0,1,0,0,0,0,0,0
26362311,13128746,home,4,1,0,0,0,0,0,1,1,0,0,0,0
26362311,13128747,home,4,0,0,0,0,0,0,1,2,0,0,0,0
26362311,13128750,home,5,2,3,0,0,0,0,0,0,0,0,0,0
26362311,13128751,home,5,0,0,0,0,0,0,0,0,0,0,0,0
26362311,13128752,home,4,1,0,0,0,0,0,0,0,0,0,0,0
26362311,13134839,home,5,0,3,0,0,0,2,0,0,0,0,0,0
26362311,13128755,home,4,0,2,0,0,0,0,0,0,0,0,0,0
26362322,13128689,away,0,0,0,0,0,0,0,2,0,0,0,0,0
26362322,13128690,away,1,1,1,0,0,0,0,1,0,0,0,0,0
26362322,13128691,away,2,0,1,0,0,0,0,0,1,0,0,0,0
26362322,13128692,away,2,0,1,0,0,0,0,0,0,0,0,0,0
26362322,13128703,away,3,0,1,0,0,0,0,0,0,0,0,0,0
26362322,13128693,away,2,0,0,0,0,0,0,0,1,0,0,0,0
26362322,13128694,away,3,1,2,0,0,0,1,0,0,0,0,0,0
26362322,13128695,away,2,0,0,0,0,0,1,0,0,0,0,0,0
26362322,13128696,away,0,0,0,0,0,0,0,2,0,0,0,0,0
26362322,13128698,away,3,1,1,0,0,0,1,0,0,0,0,0,0
26362322,13128699,away,3,1,1,0,0,0,1,0,0,0,0,0,0
26362322,13128700,away,3,1,1,0,0,0,0,0,0,0,0,0,0
26362322,13128701,away,1,0,0,0,0,0,0,0,0,1,0,0,0
26362322,13128743,home,3,0,3,0,0,0,1,0,0,0,0,0,0
26362322,13128745,home,2,0,0,0,0,0,0,1,0,0,0,0,0
26362322,13128756,home,3,1,1,0,0,0,0,0,0,0,0,0,0
26362322,13128746,home,3,0,0,0,0,0,0,0,0,0,0,0,0
26362322,13128747,home,2,0,0,0,0,0,1,1,1,0,0,0,0
26362322,13128749,home,1,0,0,0,0,0,0,1,1,0,0,0,0
26362322,13128750,home,2,1,1,0,0,0,0,1,0,0,0,0,0
26362322,13128751,home,3,0,1,0,0,0,0,0,0,0,0,0,0
26362322,13128753,home,3,3,1,0,0,0,0,0,1,0,0,0,0
26362322,13128754,home,2,0,0,0,0,0,0,0,1,0,0,0,0
26362321,13128708,away,4,1,1,0,0,0,1,0,1,0,0,0,0
26362321,13128709,away,4,1,2,1,0,0,1,0,1,0,0,0,0
26362321,13128710,away,2,3,1,0,0,0,1,2,0,0,0,0,0
26362321,13128711,away,4,1,1,0,0,0,0,0,0,0,0,0,0
26362321,13128714,away,4,2,0,2,0,0,3,0,0,0,0,0,0
26362321,13128715,away,4,0,1,1,0,0,1,0,0,0,0,0,0
26362321,13128716,away,4,1,1,1,0,0,2,0,0,0,0,0,0
26362321,13128718,away,3,2,2,0,0,0,2,1,0,0,0,0,0
26362321,13128719,away,3,1,2,0,0,0,0,0,0,0,0,0,0
26362321,13128720,away,3,1,1,0,0,0,0,1,2,0,0,0,0
26362321,13128758,home,2,0,1,0,0,0,0,0,0,0,0,0,0
26362321,13128760,home,2,0,0,0,0,0,0,0,0,0,0,0,0
26362321,13128761,home,2,0,0,0,0,0,0,0,0,0,0,0,0
26362321,13128762,home,2,0,1,0,0,0,0,0,1,0,0,0,0
26362321,13128763,home,2,0,1,0,0,0,0,0,0,0,0,0,0
26362321,13128764,home,2,0,1,0,0,0,1,0,0,0,0,0,0
26362321,13128772,home,1,0,1,0,0,0,0,1,0,0,0,0,0
26362321,13128766,home,2,1,1,0,0,0,0,0,0,0,0,0,0
26362321,13128767,home,2,0,1,0,0,0,0,0,1,0,0,0,0
26362321,13128768,home,2,0,0,0,0,0,0,0,0,0,0,0,0
26362321,13128769,home,2,0,0,0,0,0,0,0,0,0,0,0,0
26362321,13128770,home,3,0,0,0,0,0,0,0,0,0,0,0,0
26362321,13128771,home,1,0,0,0,0,0,0,1,0,0,0,0,0
26362326,13128708,away,3,0,1,0,0,0,0,0,0,0,0,0,0
26362326,13128709,away,2,1,0,0,0,0,0,1,0,0,0,0,0
26362326,13128710,away,3,0,0,0,0,0,0,1,2,0,0,0,0
26362326,13128721,away,3,0,2,0,0,0,1,0,0,0,0,0,0
26362326,13128711,away,3,0,0,0,0,0,0,0,0,0,0,0,0
26362326,13128712,away,3,1,1,0,0,0,0,1,0,0,0,0,0
26362326,13128713,away,3,0,0,0,0,0,0,1,1,0,0,0,0
26362326,13128715,away,3,0,2,0,0,0,0,0,0,0,0,0,0
26362326,13128716,away,3,0,1,0,0,0,0,0,0,0,0,0,0
26362326,13128717,away,4,1,2,0,0,0,0,0,0,0,0,0,0
26362326,13128718,away,3,2,1,0,0,0,0,1,0,0,0,0,0
26362326,13128719,away,3,0,2,0,0,0,1,0,0,0,0,0,0
26362326,13128720,away,3,0,0,0,0,0,3,0,0,0,0,0,0
26362326,13128689,home,3,0,1,0,0,0,1,0,0,0,0,0,0
26362326,13128690,home,3,0,1,0,0,0,0,0,1,0,0,0,0
26362326,13128691,home,4,0,1,0,0,0,1,0,1,0,0,0,0
26362326,13128692,home,4,1,1,0,0,0,1,0,0,0,0,0,0
26362326,13128703,home,4,2,2,0,0,0,1,0,0,0,0,0,0
26362326,13128694,home,4,3,2,1,0,0,2,0,0,0,0,0,0
26362326,13128696,home,3,1,2,0,0,0,1,0,1,0,0,0,0
26362326,13128698,home,4,3,2,1,0,0,3,0,0,0,0,0,0
26362326,13128699,home,2,0,0,0,0,0,0,1,1,0,0,0,0
26362326,13128700,home,3,2,2,0,0,0,0,1,0,0,0,0,0
26362326,13128701,home,3,0,1,0,0,0,1,0,0,0,0,0,0
26362326,13128702,home,3,0,0,0,0,0,0,0,0,0,0,0,0
26362325,13128743,away,3,2,1,0,0,0,1,1,0,0,0,0,0
26362325,13128744,away,4,1,2,0,0,0,0,0,0,0,0,0,0
26362325,13128745,away,4,2,3,0,0,0,0,0,0,0,0,0,0
26362325,13128756,away,3,2,2,0,0,0,2,1,0,0,0,0,0
26362325,13128746,away,4,0,2,0,0,0,3,0,1,0,0,0,0
26362325,13128747,away,4,1,1,0,0,0,2,0,1,0,0,0,0
26362325,13128749,away,3,0,0,0,0,0,1,1,1,0,0,0,0
26362325,13128750,away,3,0,3,0,0,0,0,0,0,1,0,0,0
26362325,13134839,away,4,1,3,0,0,0,0,0,0,0,0,0,0
26362325,13128754,away,4,0,0,0,0,0,0,0,1,0,0,0,0
26362325,13128755,away,3,1,1,0,0,0,1,1,0,0,0,0,0
26362325,13128758,home,5,2,2,1,0,0,1,0,0,0,0,0,0
26362325,13128759,home,4,1,2,0,0,0,1,1,0,0,0,0,0
26362325,13128760,home,4,1,1,0,0,0,0,0,1,0,0,0,0
26362325,13128764,home,4,0,1,0,0,0,1,0,1,0,0,0,0
26362325,13128765,home,4,0,2,0,0,0,1,0,1,0,0,0,0
26362325,13128772,home,3,1,2,0,0,0,1,1,0,0,0,0,0
26362325,13128766,home,5,2,3,0,0,0,1,0,0,0,0,0,0
26362325,13128768,home,2,3,1,0,0,0,0,1,0,1,0,0,0
26362325,13128769,home,4,1,4,0,0,0,0,1,0,0,0,0,0
26362325,13128770,home,1,0,0,0,0,0,0,2,0,1,0,0,0
26362335,13128743,away,3,2,1,0,0,0,0,1,1,1,0,0,0
26362335,13128744,away,5,1,3,0,0,0,0,0,0,0,0,0,0
26362335,13128745,away,2,2,0,1,0,0,0,0,0,0,0,0,0
26362335,13128756,away,5,2,4,0,0,0,0,0,0,0,0,0,0
26362335,13128746,away,4,3,3,1,0,0,2,0,0,0,0,0,0
26362335,13128749,away,4,0,1,0,0,0,0,1,2,0,0,0,0
26362335,13128750,away,5,2,3,0,0,0,4,0,0,0,0,0,0
26362335,13134839,away,5,2,2,0,0,0,1,0,0,0,0,0,0
26362335,13128754,away,4,0,0,0,0,0,1,1,0,0,0,0,0
26362335,13128755,away,5,2,2,0,0,0,1,0,0,0,0,0,0
26362335,13128708,home,3,0,0,0,0,0,0,0,1,0,0,0,0
26362335,13128709,home,3,1,1,0,0,0,0,0,0,0,0,0,0
26362335,13128721,home,4,2,2,0,0,0,0,0,0,0,0,0,0
26362335,13128711,home,2,0,0,0,0,0,0,1,0,0,0,0,0
26362335,13128714,home,3,0,1,0,0,0,1,0,0,0,0,0,0
26362335,13128715,home,3,0,2,0,0,0,0,0,0,0,0,0,0
26362335,13128716,home,3,1,2,0,0,0,2,0,0,0,0,0,0
26362335,13128717,home,2,0,1,0,0,0,1,1,0,0,0,0,0
26362335,13128718,home,2,2,1,0,0,0,1,1,0,0,0,0,0
26362335,13128719,home,3,1,1,1,0,0,1,0,0,0,0,0,0
26362335,13128720,home,3,0,0,0,0,0,0,0,0,0,0,0,0
26362336,13128758,away,5,1,2,0,0,0,2,0,0,0,0,0,0
26362336,13128759,away,4,4,1,1,0,0,1,1,0,0,0,0,0
26362336,13128760,away,4,3,3,0,0,0,0,0,0,0,0,0,0
26362336,13128761,away,5,1,1,0,0,0,2,0,1,0,0,0,0
26362336,13128772,away,5,1,2,0,0,0,3,0,0,0,0,0,0
26362336,13128766,away,2,0,0,0,1,0,1,0,0,0,0,0,0
26362336,13128767,away,5,2,2,0,0,0,2,0,0,0,0,0,0
26362336,13128768,away,5,1,4,0,0,0,1,0,0,0,0,0,0
26362336,13128769,away,5,2,2,0,0,0,2,0,0,0,0,0,0
26362336,13128771,away,5,0,1,0,0,0,0,0,1,0,0,0,0
26362336,13128689,home,0,1,0,0,0,0,0,1,0,0,0,0,0
26362336,13128690,home,3,2,1,0,0,0,1,0,0,0,0,0,0
26362336,13128691,home,4,2,2,0,0,0,1,0,1,0,0,0,0
26362336,13128692,home,3,0,1,0,0,0,0,0,0,1,0,0,0
26362336,13128703,home,3,0,1,0,0,0,1,0,0,0,0,1,0
26362336,13128694,home,4,1,1,0,0,1,3,0,0,0,0,0,0
26362336,13128695,home,3,1,0,0,0,0,1,0,0,0,0,0,0
26362336,13128696,home,3,0,0,0,0,0,0,1,2,0,0,0,0
26362336,13128697,home,4,2,1,1,0,0,1,0,0,0,0,0,0
26362336,13128698,home,4,3,3,1,0,0,4,0,0,0,0,0,0
26362336,13128699,home,4,1,1,1,0,0,2,0,0,0,0,0,0
26362336,13128700,home,4,1,1,0,0,0,2,0,0,0,0,0,0
26362336,13128701,home,3,0,2,0,0,0,0,0,1,0,0,0,0
26362336,13128702,home,2,2,0,0,0,0,0,1,0,0,0,0,0
26362338,13128758,away,3,1,2,0,0,0,0,1,0,0,0,0,0
26362338,13128759,away,4,1,1,0,0,0,1,0,0,0,0,0,0
26362338,13128760,away,2,0,0,0,0,0,0,1,0,0,0,0,0
26362338,13128762,away,3,0,1,0,0,0,1,0,0,0,0,0,0
26362338,13128764,away,3,0,2,0,0,0,1,0,0,0,0,0,0
26362338,13128765,away,3,1,1,0,0,0,0,0,0,1,0,0,0
26362338,13128772,away,2,1,1,0,0,0,0,2,0,0,0,0,0
26362338,13128766,away,4,0,1,0,0,0,0,0,0,0,0,0,0
26362338,13128767,away,4,0,0,0,0,0,1,0,1,0,0,0,0
26362338,13128768,away,4,0,2,0,0,0,0,0,0,0,0,0,0
26362338,13128769,away,4,0,2,0,0,0,1,0,0,0,0,0,0
26362338,13128770,away,4,2,3,0,0,0,0,0,0,0,0,0,0
26362338,13128771,away,4,3,1,0,0,0,3,0,0,0,0,0,0
26362338,13128708,home,4,0,1,0,0,0,0,0,0,0,0,0,0
26362338,13128709,home,2,1,1,0,0,0,0,2,0,0,0,0,0
26362338,13128721,home,5,2,3,0,0,0,1,0,0,0,0,0,0
26362338,13128711,home,3,0,0,0,0,0,0,1,1,0,0,0,0
26362338,13128712,home,4,1,4,0,0,0,1,1,0,0,0,0,0
26362338,13128713,home,3,0,0,0,0,0,1,0,0,1,0,0,0
26362338,13128714,home,5,1,2,1,0,0,3,0,0,0,0,0,0
26362338,13128716,home,4,1,2,0,0,0,0,1,0,0,0,0,0
26362338,13128717,home,5,2,1,0,0,0,0,0,0,0,0,0,0
26362338,13128719,home,4,0,1,0,0,0,0,0,0,0,0,0,0
26362337,13128743,away,0,0,0,0,0,0,0,0,0,0,0,0,0
26362337,13128744,away,5,2,3,0,0,0,2,0,0,0,0,0,0
26362337,13128756,away,5,2,4,0,0,0,1,0,1,0,0,0,0
26362337,13128746,away,4,3,1,0,1,0,0,1,1,0,0,0,0
26362337,13128747,away,5,0,2,0,0,0,1,0,1,0,0,0,0
26362337,13128749,away,5,4,3,0,0,0,0,0,0,0,0,0,0
26362337,13128751,away,5,1,0,0,0,0,2,0,1,0,0,0,0
26362337,13128753,away,4,1,1,0,0,0,1,0,0,1,0,0,0
26362337,13134839,away,4,0,1,0,0,0,1,1,1,0,0,0,0
26362337,13128754,away,4,1,2,0,0,0,1,0,0,0,0,0,0
26362337,13128755,away,4,1,0,0,0,0,0,1,2,0,0,0,0
26362337,13128689,home,2,2,2,0,0,0,0,1,0,0,0,0,0
26362337,13128690,home,3,0,2,0,0,0,0,0,0,0,0,0,0
26362337,13128691,home,4,1,1,0,0,0,0,0,0,0,0,0,0
26362337,13128692,home,3,0,0,0,0,0,1,0,0,0,0,0,0
26362337,13128703,home,4,1,1,0,0,0,1,0,0,0,0,0,0
26362337,13128693,home,3,1,2,0,0,0,1,1,0,0,0,0,0
26362337,13128694,home,4,2,1,1,0,0,3,0,0,0,0,0,0
26362337,13128695,home,3,1,1,0,0,0,0,1,0,0,0,0,0
26362337,13128696,home,3,1,2,0,0,0,0,0,0,0,0,0,0
26362337,13128697,home,3,1,0,0,0,0,0,1,0,0,0,0,0
26362337,13128699,home,4,0,2,0,0,0,1,0,0,0,0,0,0
26362337,13128700,home,4,3,4,0,0,0,2,0,0,0,0,0,0
26362337,13128701,home,3,1,2,0,0,0,0,0,0,0,0,0,0
26362337,13128702,home,2,1,1,0,0,0,1,1,0,0,0,0,0
26362345,13128708,away,2,0,0,0,0,0,0,0,1,1,0,0,0
26362345,13128709,away,2,0,1,0,0,0,0,0,0,0,0,0,0
26362345,13128710,away,1,0,0,0,0,0,0,0,1,1,0,0,0
26362345,13128711,away,2,0,1,0,0,0,1,0,0,0,0,0,0
26362345,13128713,away,3,0,0,0,0,0,0,0,0,0,0,0,0
26362345,13128714,away,3,1,1,0,0,0,0,0,0,0,0,0,0
26362345,13128715,away,3,1,1,0,0,0,0,0,0,0,0,0,0
26362345,13128716,away,3,0,2,0,0,0,2,0,0,0,0,0,0
26362345,13128717,away,3,1,2,0,0,0,1,0,0,0,0,0,0
26362345,13128718,away,3,2,1,1,0,0,0,0,0,0,0,0,0
26362345,13128719,away,2,0,1,0,0,0,0,0,0,0,0,0,0
26362345,13128720,away,3,0,1,0,0,0,1,0,0,0,0,0,0
26362345,13128689,home,5,1,4,0,0,0,4,0,0,0,0,0,0
26362345,13128690,home,3,0,1,0,0,0,0,1,0,0,0,0,0
26362345,13128692,home,5,0,0,0,0,0,2,0,0,0,0,0,0
26362345,13128703,home,4,0,2,1,0,0,2,0,0,1,0,0,0
26362345,13128694,home,5,4,3,2,0,0,4,0,0,0,0,0,0
26362345,13128696,home,0,0,0,0,0,0,0,0,0,0,0,0,0
26362345,13128697,home,5,3,3,0,0,0,1,0,0,0,0,0,0
26362345,13128698,home,5,5,4,1,0,0,3,0,0,0,0,0,0
26362345,13128699,home,5,1,3,0,0,0,1,0,0,0,0,0,0
26362345,13128700,home,5,4,2,0,0,0,2,0,0,0,0,0,0
26362345,13128702,home,5,1,1,0,0,0,0,0,0,0,0,0,0
26362344,13128758,away,4,1,1,0,0,0,0,0,0,0,0,0,0
26362344,13128760,away,2,1,0,0,0,0,0,2,1,0,0,0,0
26362344,13128762,away,4,1,1,0,0,0,0,0,0,0,0,0,0
26362344,13128765,away,4,0,2,0,0,0,1,0,0,0,0,0,0
26362344,13128772,away,4,1,2,0,0,0,1,0,0,0,0,0,0
26362344,13128766,away,5,0,0,0,0,0,0,0,0,0,0,0,0
26362344,13128767,away,4,2,3,0,0,0,2,0,0,0,0,0,0
26362344,13128768,away,3,2,0,0,0,0,0,1,0,0,0,0,0
26362344,13128769,away,3,1,1,1,0,0,2,1,0,0,0,0,0
26362344,13128770,away,3,1,2,0,0,0,1,0,0,0,0,0,0
26362344,13128744,home,4,0,2,0,0,0,1,0,0,0,0,0,0
26362344,13128746,home,3,0,0,0,0,0,1,1,0,0,0,1,0
26362344,13128747,home,5,1,1,0,0,0,0,0,3,0,0,0,0
26362344,13128748,home,3,2,1,0,0,0,1,1,1,0,0,0,0
26362344,13128749,home,3,1,3,0,0,0,1,1,0,0,0,0,0
26362344,13183782,home,4,2,2,1,0,0,1,0,0,0,0,0,0
26362344,13128751,home,3,1,2,1,0,0,3,1,0,0,0,0,0
26362344,13128753,home,4,2,3,0,0,0,0,1,1,0,0,0,0
26362344,13128754,home,4,0,0,0,0,0,0,0,0,0,0,0,0
26362344,13128755,home,4,0,2,0,0,0,0,0,1,0,0,0,0
26362348,13128744,away,4,0,1,0,0,0,0,0,1,0,0,0,0
26362348,13128745,away,4,2,2,0,0,0,3,0,0,0,0,0,0
26362348,13128756,away,4,2,1,1,0,0,1,0,2,0,0,0,0
26362348,13128746,away,4,3,3,0,0,0,2,0,0,0,0,0,0
26362348,13128747,away,3,0,1,1,0,0,1,1,1,0,0,0,0
26362348,13128748,away,2,1,1,0,0,0,1,2,1,0,0,0,0
26362348,13128749,away,3,1,1,0,0,0,1,1,1,0,0,0,0
26362348,13128750,away,4,0,3,0,0,0,2,0,0,0,0,0,0
26362348,13183782,away,3,2,1,0,0,0,2,1,0,0,0,0,0
26362348,13128751,away,3,2,2,0,0,0,1,1,0,0,0,0,0
26362348,13128753,away,4,2,2,0,0,0,0,0,0,0,0,0,0
26362348,13134839,away,3,1,0,0,0,0,1,1,0,0,0,0,0
26362348,13128754,away,3,1,1,0,0,0,1,1,0,0,0,0,0
26362348,13128708,home,3,1,1,0,0,0,0,0,1,1,0,0,0
26362348,13128709,home,3,1,1,0,0,0,1,0,0,0,0,1,0
26362348,13128710,home,4,2,1,1,0,0,2,1,0,0,0,0,0
26362348,13128721,home,4,1,1,0,0,0,2,0,1,0,0,0,0
26362348,13128711,home,3,2,1,0,0,0,1,1,1,0,0,0,0
26362348,13128712,home,2,2,0,0,0,0,2,3,0,0,0,0,0
26362348,13128713,home,4,2,2,0,0,0,1,0,0,0,0,0,0
26362348,13128714,home,4,3,3,1,0,0,4,0,0,0,0,0,0
26362348,13128716,home,3,3,3,0,0,0,2,2,0,0,0,0,0
26362348,13128717,home,3,0,1,0,0,0,0,1,1,0,0,0,0
26362348,13128719,home,3,2,3,0,0,0,0,1,0,0,0,0,0
26362348,13128720,home,3,0,2,0,0,0,2,0,1,0,0,0,0
26362349,13128691,away,4,0,3,0,0,0,2,0,1,0,0,0,0
26362349,13128692,away,3,1,0,0,0,0,0,1,1,0,0,0,0
26362349,13128703,away,4,2,3,0,0,0,1,0,0,1,0,0,0
26362349,13128693,away,5,2,4,0,0,0,4,0,0,0,0,0,0
26362349,13128694,away,4,3,3,1,0,0,1,0,0,0,0,0,0
26362349,13128695,away,4,0,0,0,0,0,0,0,0,0,0,0,0
26362349,13128697,away,4,1,2,0,0,0,0,0,0,0,0,0,0
26362349,13128698,away,5,2,1,0,1,0,2,0,0,0,0,0,0
26362349,13128699,away,4,3,2,0,0,0,2,1,0,0,0,0,0
26362349,13128700,away,5,3,3,0,0,0,0,0,1,0,0,0,0
26362349,13128701,away,4,1,2,1,0,0,2,0,0,0,0,0,0
26362349,13128758,home,3,3,3,0,0,0,0,0,0,0,0,0,0
26362349,13128759,home,3,2,1,1,0,0,0,0,1,0,0,0,0
26362349,13128760,home,3,0,0,0,0,0,0,0,2,0,0,0,0
26362349,13128762,home,3,0,1,0,0,0,0,0,1,0,0,0,0
26362349,13128763,home,3,0,2,0,0,0,1,1,0,0,0,0,0
26362349,13128764,home,3,0,1,0,0,0,1,0,1,0,0,0,0
26362349,13128765,home,3,0,0,0,0,0,0,0,0,0,0,0,0
26362349,13128772,home,3,0,0,0,0,0,1,0,0,0,0,0,0
26362349,13128766,home,2,1,2,0,0,0,2,0,0,0,0,0,0
26362349,13128767,home,3,0,2,0,0,0,0,0,0,0,0,0,0
26362349,13128768,home,3,1,0,0,0,0,1,1,1,0,0,0,0
26362349,13128769,home,3,2,3,0,0,0,1,0,0,0,0,0,0
26362349,13128770,home,3,1,1,0,0,0,0,0,0,0,0,0,0
26362358,13128758,away,1,0,0,0,0,0,0,0,0,0,0,0,0
26362358,13128759,away,2,0,1,0,0,0,0,0,0,0,0,0,0
26362358,13128760,away,2,0,0,0,0,0,0,0,0,0,0,0,0
26362358,13128761,away,2,0,1,0,0,0,0,0,0,0,0,0,0
26362358,13128762,away,2,0,2,0,0,0,0,0,0,0,0,0,0
26362358,13128763,away,2,0,0,0,0,0,0,0,1,0,0,0,0
26362358,13128764,away,2,0,1,0,0,0,0,0,0,0,0,0,0
26362358,13128765,away,2,0,0,0,0,0,0,0,1,0,0,0,0
26362358,13128772,away,2,0,0,0,0,0,0,0,1,0,0,0,0
26362358,13128766,away,1,0,0,0,0,0,0,1,0,0,0,0,0
26362358,13128767,away,1,1,1,0,0,0,0,1,0,0,0,0,0
26362358,13128768,away,2,0,1,0,0,0,0,0,0,0,0,0,0
26362358,13128769,away,2,0,0,0,0,0,0,0,0,0,0,0,0
26362358,13128770,away,2,0,2,0,0,0,0,0,0,0,0,0,0
26362358,13128771,away,2,0,0,0,0,0,0,0,1,0,0,0,0
26362358,13128744,home,4,0,1,0,0,0,0,0,0,0,0,0,0
26362358,13128745,home,4,2,0,0,0,0,1,0,0,0,0,0,0
26362358,13128747,home,3,2,1,0,0,0,0,1,0,0,0,0,0
26362358,13128748,home,3,0,1,1,0,0,2,1,1,0,0,0,0
26362358,13128749,home,4,1,2,0,0,0,2,0,0,0,0,0,0
26362358,13128750,home,3,3,3,0,0,0,0,1,0,0,0,0,0
26362358,13183782,home,4,2,1,0,1,0,1,0,0,0,0,0,0
26362358,13128751,home,3,1,2,0,0,0,2,0,0,0,0,0,0
26362358,13128753,home,4,2,1,1,0,0,2,0,2,0,0,0,0
26362358,13134839,home,3,3,2,0,0,0,2,1,0,0,0,0,0
26362358,13128755,home,4,1,2,0,0,0,1,0,1,0,0,0,0
26362357,13128689,away,4,1,2,0,0,0,0,0,0,0,0,0,0
26362357,13128690,away,3,2,1,0,0,0,0,1,0,0,0,0,0
26362357,13128691,away,4,1,0,0,0,0,0,0,0,0,0,0,0
26362357,13128703,away,1,3,0,0,0,0,0,3,0,0,0,0,0
26362357,13128693,away,4,0,4,0,0,0,4,0,0,0,0,0,0
26362357,13128694,away,3,2,1,0,1,0,4,0,0,0,0,1,0
26362357,13128696,away,4,0,1,0,0,0,1,0,1,0,0,0,0
26362357,13128698,away,4,1,1,1,0,0,3,0,0,0,0,0,0
26362357,13128699,away,3,4,2,0,0,0,1,1,1,0,0,0,0
26362357,13128700,away,3,2,1,0,1,0,3,1,0,0,0,0,0
26362357,13128701,away,4,1,2,0,0,0,0,0,1,0,0,0,0
26362357,13128702,away,3,2,1,0,0,0,1,1,0,0,0,0,0
26362357,13128708,home,2,1,2,0,0,0,1,1,0,0,0,0,0
26362357,13128709,home,3,0,0,0,0,0,0,0,0,0,0,0,0
26362357,13128710,home,3,0,0,0,0,0,0,0,0,0,0,0,0
26362357,13128721,home,3,0,1,0,0,0,0,0,0,0,0,0,0
26362357,13128711,home,2,0,0,0,0,0,0,0,0,0,0,0,0
26362357,13128713,home,3,1,2,0,0,0,0,0,0,0,0,0,0
26362357,13128714,home,3,1,1,0,0,0,2,0,0,0,0,0,0
26362357,13128715,home,3,0,1,0,0,0,0,0,2,0,0,0,0
26362357,13128716,home,3,0,1,0,0,0,1,0,0,0,0,0,0
26362357,13128717,home,1,1,0,0,0,0,0,2,0,0,0,0,0
26362357,13128718,home,2,1,1,0,0,0,0,1,0,0,0,0,0
26362357,13128719,home,3,1,1,0,0,0,0,0,0,0,0,0,0
26362357,13128720,home,3,0,0,0,0,0,0,0,0,0,0,0,0
26362364,13128689,away,4,1,2,0,0,0,0,0,0,0,0,0,0
26362364,13128691,away,4,0,0,0,0,0,0,0,1,0,0,0,0
26362364,13128692,away,3,0,0,0,0,0,0,1,0,0,0,0,0
26362364,13128703,away,3,3,2,1,0,0,1,1,0,1,0,0,0
26362364,13128693,away,4,1,2,0,0,0,1,0,0,0,0,0,0
26362364,13128697,away,4,1,1,1,0,0,2,0,0,0,0,0,0
26362364,13128698,away,3,2,2,0,0,0,3,1,1,0,0,0,0
26362364,13128699,away,4,1,2,1,0,0,2,0,0,0,0,0,0
26362364,13128700,away,5,1,2,0,0,0,0,0,1,0,0,0,0
26362364,13128701,away,4,0,2,0,0,0,1,0,0,0,0,0,0
26362364,13128702,away,3,0,0,0,0,0,0,1,0,0,0,0,0
26362364,13128761,home,4,1,1,0,0,0,0,1,0,0,0,0,0
26362364,13128762,home,3,1,1,0,0,0,1,0,0,0,0,0,0
26362364,13128763,home,4,0,1,0,0,0,0,0,0,0,0,0,0
26362364,13128765,home,4,0,0,0,0,0,0,1,1,0,0,0,0
26362364,13128772,home,4,1,1,0,0,0,0,1,1,0,0,0,0
26362364,13128766,home,3,1,3,0,0,0,0,0,0,0,0,0,0
26362364,13128767,home,5,0,1,0,0,0,0,0,2,0,0,0,0
26362364,13128768,home,4,1,2,0,0,0,1,0,0,1,0,0,0
26362364,13128770,home,5,0,0,1,0,0,2,0,0,0,0,0,0
26362365,13128708,away,4,0,1,0,0,0,0,0,1,0,0,0,0
26362365,13128710,away,3,2,1,0,0,0,1,2,0,0,0,0,0
26362365,13128711,away,4,1,2,0,0,0,1,0,1,0,0,0,0
26362365,13128713,away,3,1,0,0,0,0,1,1,0,0,0,0,0
26362365,13128715,away,3,1,1,0,0,0,0,1,1,0,0,0,0
26362365,13128716,away,3,1,0,0,0,0,0,2,0,0,0,0,0
26362365,13128717,away,3,1,2,1,0,0,4,0,0,1,0,0,0
26362365,13128718,away,3,2,1,0,0,0,2,2,2,0,0,0,0
26362365,13128719,away,3,1,0,0,0,0,0,1,1,0,0,0,0
26362365,13128720,away,4,1,1,0,0,0,0,0,0,0,0,0,0
26362365,13128743,home,2,1,2,0,0,0,1,1,0,0,0,0,0
26362365,13128744,home,3,0,2,0,0,0,2,0,0,0,0,0,0
26362365,13128745,home,2,1,2,0,0,0,0,0,0,0,0,0,0
26362365,13128756,home,4,2,1,0,0,0,1,0,0,0,0,0,0
26362365,13128746,home,3,0,1,0,0,0,0,0,0,0,0,0,0
26362365,13128747,home,3,1,1,0,0,0,0,1,1,0,0,0,0
26362365,13128749,home,3,0,1,0,0,0,1,0,0,0,0,0,0
26362365,13128750,home,4,2,3,1,0,0,3,0,0,0,0,0,0
26362365,13183782,home,4,0,0,0,0,0,0,0,1,0,0,0,0
26362365,13128751,home,4,2,1,0,0,0,1,0,0,0,0,0,0
26362365,13128752,home,3,1,3,0,0,0,1,0,0,0,0,0,0
26362365,13128753,home,3,0,0,1,0,0,0,0,0,0,0,0,0
26362365,13134839,home,3,1,3,0,0,0,0,0,0,1,0,0,0
26362365,13128755,home,4,1,3,0,0,0,1,0,1,0,0,0,0
26362366,13128708,away,5,0,1,0,0,0,1,0,1,0,0,0,0
26362366,13128709,away,5,3,5,0,0,0,2,0,0,0,0,0,0
26362366,13128710,away,5,2,0,2,0,0,3,0,0,0,0,0,0
26362366,13128721,away,5,1,3,1,0,0,3,0,0,0,0,0,0
26362366,13128711,away,3,1,1,0,0,0,0,1,1,0,0,0,0
26362366,13128713,away,4,2,0,0,0,0,0,1,0,0,0,0,0
26362366,13128714,away,5,1,2,1,0,0,2,0,1,0,0,0,0
26362366,13128715,away,3,2,2,0,0,0,2,2,0,0,0,0,0
26362366,13128716,away,6,2,3,0,0,0,2,0,0,0,0,0,0
26362366,13128717,away,4,1,2,0,0,0,0,1,0,0,0,0,0
26362366,13128718,away,4,4,2,2,0,0,2,2,0,0,0,0,0
26362366,13128719,away,4,1,1,0,0,0,1,0,0,0,0,0,0
26362366,13128759,home,4,2,2,0,0,0,1,1,0,0,0,0,0
26362366,13128760,home,4,0,1,0,0,0,1,1,0,0,0,0,0
26362366,13128761,home,5,1,2,0,0,0,0,0,0,0,0,0,0
26362366,13128772,home,5,1,2,1,0,0,2,0,0,0,0,0,0
26362366,13128766,home,5,1,2,0,0,0,0,0,0,0,0,0,0
26362366,13128767,home,5,1,2,0,0,0,1,0,0,0,0,0,0
26362366,13128768,home,4,1,2,0,0,0,0,1,0,0,0,0,0
26362366,13128770,home,2,0,0,0,0,0,0,1,0,0,0,0,0
26362367,13128689,away,2,1,1,0,0,0,2,2,1,0,0,0,0
26362367,13128691,away,4,1,1,0,0,0,0,0,1,0,0,0,0
26362367,13128694,away,5,2,2,1,1,0,4,0,0,0,0,0,0
26362367,13128695,away,3,0,0,0,0,0,0,1,1,0,0,0,0
26362367,13128696,away,4,0,0,0,0,0,1,0,2,0,0,0,0
26362367,13128697,away,4,2,1,0,0,0,0,1,1,0,0,0,0
26362367,13128699,away,5,1,3,0,0,0,1,0,0,0,0,0,0
26362367,13128700,away,5,3,4,0,0,0,1,0,0,0,0,0,0
26362367,13128701,away,4,2,1,0,0,0,1,1,1,0,0,0,0
26362367,13128702,away,4,0,1,0,0,0,0,0,0,0,0,0,0
26362367,13128743,home,2,0,0,0,0,0,0,0,1,0,0,0,0
26362367,13128745,home,4,1,0,1,0,0,0,0,1,0,0,0,0
26362367,13128756,home,3,1,1,0,0,0,1,1,0,0,0,0,0
26362367,13128746,home,4,1,1,0,0,0,0,0,0,0,0,0,0
26362367,13128747,home,3,1,2,1,0,0,1,1,0,0,0,0,0
26362367,13128748,home,4,1,3,0,0,0,1,0,0,0,0,0,0
26362367,13128749,home,3,1,2,0,0,0,0,1,0,0,0,0,0
26362367,13128750,home,4,0,1,0,0,0,0,0,0,0,0,0,0
26362367,13183782,home,4,2,2,1,0,0,0,0,0,0,0,0,0
26362367,13128752,home,4,0,0,0,0,0,0,0,1,0,0,0,0
26362367,13134839,home,4,1,1,1,0,0,1,0,0,0,0,0,0
26362367,13128755,home,4,0,0,0,0,0,0,0,2,0,0,0,0
26362368,13128689,away,4,1,4,0,0,0,2,0,0,0,0,0,0
26362368,13128690,away,0,0,0,0,0,0,0,0,0,0,0,0,0
26362368,13128691,away,5,1,2,1,0,0,2,0,0,0,0,0,0
26362368,13128692,away,3,0,0,0,0,0,1,1,0,0,0,0,0
26362368,13128703,away,4,2,2,1,0,0,1,1,0,0,0,0,0
26362368,13128693,away,5,3,2,1,0,0,2,0,0,0,0,0,0
26362368,13128694,away,5,2,0,2,0,0,3,0,0,0,0,0,0
26362368,13128695,away,4,2,3,0,0,0,1,0,0,0,0,0,0
26362368,13128696,away,4,0,0,0,0,0,0,0,0,0,0,0,0
26362368,13128697,away,4,1,2,0,0,0,0,0,0,0,0,0,0
26362368,13128698,away,5,4,2,1,0,0,3,0,0,0,0,0,0
26362368,13128699,away,4,1,2,1,0,0,2,0,0,0,0,0,0
26362368,13128700,away,4,2,2,0,0,0,1,1,0,0,0,0,0
26362368,13128701,away,3,1,1,0,0,0,1,0,0,0,0,1,0
26362368,13128702,away,4,1,0,0,0,0,0,1,1,0,0,0,0
26362368,13128708,home,3,0,0,0,0,0,0,1,1,0,0,0,0
26362368,13128709,home,3,0,1,0,0,0,1,1,0,0,0,0,0
26362368,13128721,home,5,2,3,0,0,0,1,0,0,0,0,0,0
26362368,13128711,home,4,1,0,0,0,0,0,0,0,0,0,0,0
26362368,13128713,home,4,1,1,0,0,0,0,1,0,0,0,0,0
26362368,13128714,home,4,1,3,1,0,0,1,0,0,0,0,0,0
26362368,13128716,home,5,2,3,0,0,0,1,0,0,0,0,0,0
26362368,13257809,home,4,0,1,0,0,0,1,0,1,0,0,0,0
26362368,13128718,home,5,1,1,0,0,0,1,0,0,0,0,0,0
26362368,13128719,home,4,2,2,1,0,0,0,0,0,0,0,0,0
26362368,13128720,home,4,0,0,0,0,0,0,0,0,0,0,0,0
26362369,13128743,away,3,0,1,0,0,0,0,0,0,0,0,0,0
26362369,13128756,away,3,3,2,0,0,0,0,1,0,0,0,0,0
26362369,13128746,away,3,2,2,0,0,0,2,0,0,0,0,0,0
26362369,13128747,away,2,1,1,0,0,0,0,1,1,0,0,0,0
26362369,13128748,away,3,2,2,0,0,0,1,1,0,0,0,0,0
26362369,13128749,away,2,1,0,0,0,0,0,1,1,1,0,0,0
26362369,13128750,away,4,1,3,0,0,0,1,0,0,0,0,0,0
26362369,13183782,away,4,3,3,1,0,0,3,0,0,0,0,0,0
26362369,13128751,away,3,0,1,0,0,0,0,0,0,0,0,0,0
26362369,13128752,away,4,1,2,0,0,0,1,0,1,0,0,0,0
26362369,13128753,away,3,1,1,0,0,0,0,0,2,0,0,0,0
26362369,13134839,away,2,2,1,0,0,0,3,2,0,0,0,0,0
26362369,13128754,away,3,2,1,0,0,0,0,0,1,0,0,0,0
26362369,13128755,away,1,0,0,0,0,0,0,2,0,0,0,0,0
26362369,13128758,home,3,3,2,0,0,0,0,1,0,0,0,0,0
26362369,13128759,home,2,1,2,0,0,0,0,2,0,0,0,0,0
26362369,13128760,home,3,0,1,0,0,0,0,1,1,0,0,0,0
26362369,13128761,home,4,0,0,0,0,0,0,0,1,0,0,0,0
26362369,13128762,home,3,0,2,0,0,0,3,1,0,0,0,0,0
26362369,13128765,home,4,1,3,0,0,0,2,0,0,0,0,0,0
26362369,13128772,home,3,2,1,0,0,0,0,1,0,0,0,0,0
26362369,13128766,home,3,1,1,1,0,0,4,1,1,0,0,0,0
26362369,13128768,home,3,1,0,0,0,0,0,1,0,0,0,0,0
26362369,13128769,home,3,2,2,0,0,0,0,0,0,1,0,0,0
26362369,13128771,home,2,1,0,0,0,0,1,1,1,0,0,0,0
26362380,13128708,away,3,0,1,0,0,0,0,1,0,0,0,0,0
26362380,13128709,away,2,0,0,0,0,0,0,0,0,2,0,0,0
26362380,13128710,away,0,0,0,0,0,0,0,0,0,0,0,0,0
26362380,13128721,away,4,1,2,0,0,0,0,0,0,0,0,0,0
26362380,13128711,away,3,0,2,0,0,0,0,0,1,0,0,0,0
26362380,13128713,away,4,0,1,0,0,0,0,0,0,0,0,0,0
26362380,13128715,away,3,0,1,0,0,0,0,1,0,0,0,0,0
26362380,13128716,away,2,1,1,0,0,0,0,2,0,0,0,0,0
26362380,13128717,away,2,1,0,0,0,0,0,2,1,0,0,0,0
26362380,13257809,away,4,0,0,0,0,0,0,0,0,0,0,0,0
26362380,13128719,away,3,1,2,0,0,0,1,1,0,0,0,0,0
26362380,13128720,away,3,0,0,0,0,0,0,1,1,0,0,0,0
26362380,13128743,home,3,1,2,0,0,0,1,0,0,0,0,0,0
26362380,13128745,home,3,1,3,0,0,0,1,0,0,0,0,0,0
26362380,13128756,home,4,4,3,0,0,0,0,0,0,0,0,0,0
26362380,13128746,home,2,1,2,0,0,0,2,1,0,0,0,0,0
26362380,13128747,home,3,1,1,0,0,0,1,0,0,0,0,0,0
26362380,13128748,home,3,1,1,0,0,0,0,1,1,0,0,0,0
26362380,13128749,home,3,1,0,0,0,0,0,0,0,0,0,0,0
26362380,13128750,home,3,1,3,0,0,0,0,0,0,0,0,0,0
26362380,13183782,home,4,1,1,0,0,0,0,0,0,0,0,0,0
26362380,13128751,home,3,1,1,1,0,0,0,0,0,0,0,0,0
26362380,13128752,home,3,1,1,0,0,0,0,0,1,0,0,0,0
26362380,13128753,home,4,1,3,0,0,0,3,0,0,0,0,0,0
26362380,13134839,home,4,0,1,0,0,0,1,0,0,0,0,0,0
26362380,13128754,home,2,0,0,0,0,0,0,0,1,0,0,0,0
26362380,13128755,home,3,1,1,0,0,0,1,0,0,0,0,0,0
26362379,13128758,away,4,2,1,1,0,0,1,1,1,0,0,0,0
26362379,13128760,away,2,0,0,0,0,0,0,0,1,0,0,0,0
26362379,13128762,away,4,0,2,0,0,0,2,0,1,0,0,0,0
26362379,13128764,away,4,1,1,0,0,0,0,0,1,0,0,0,0
26362379,13128772,away,4,0,0,0,0,0,0,1,1,0,0,0,0
26362379,13128766,away,5,0,2,0,0,0,1,0,0,0,0,0,0
26362379,13128767,away,4,2,2,0,0,0,0,0,1,0,0,0,0
26362379,13128768,away,4,0,1,0,0,0,0,0,0,0,0,0,0
26362379,13128769,away,5,0,2,0,0,0,1,0,0,0,0,0,0
26362379,13128689,home,3,1,2,0,0,0,0,1,0,0,0,0,0
26362379,13128690,home,3,0,2,0,0,0,1,0,0,1,0,0,0
26362379,13128691,home,4,2,2,0,0,0,2,0,1,0,0,0,0
26362379,13128692,home,3,0,0,0,0,0,0,0,0,0,0,0,0
26362379,13128703,home,4,1,2,0,0,0,2,0,0,0,0,0,0
26362379,13128693,home,4,0,3,0,0,0,0,0,0,0,0,0,0
26362379,13128694,home,3,2,0,2,0,0,1,1,0,0,0,0,0
26362379,13128695,home,4,0,0,0,0,0,0,0,1,0,0,0,0
26362379,13128697,home,2,3,2,0,0,0,0,2,0,0,0,0,0
26362379,13128698,home,3,1,2,1,0,0,1,1,0,0,0,0,0
26362379,13128700,home,3,2,2,0,0,0,0,1,0,0,0,0,0
26362379,13128701,home,4,1,0,2,0,0,2,0,0,0,0,0,0
26362379,13128702,home,2,0,1,0,0,0,2,2,0,0,0,0,0
26362385,13128708,away,5,0,1,0,0,0,0,0,2,0,0,0,0
26362385,13128709,away,5,2,3,0,0,0,1,0,0,0,0,0,0
26362385,13128710,away,0,0,0,0,0,0,0,0,0,0,0,0,0
26362385,13128711,away,5,2,3,0,0,0,2,0,0,0,0,0,0
26362385,13128712,away,5,1,5,0,0,0,5,0,0,0,0,0,0
26362385,13128713,away,3,1,0,0,0,0,0,1,1,1,0,0,0
26362385,13128714,away,5,1,4,1,0,0,2,0,0,0,0,0,0
26362385,13128715,away,5,1,2,0,0,0,1,0,1,0,0,0,0
26362385,13128716,away,6,3,3,1,0,0,1,0,0,0,0,0,0
26362385,13128717,away,5,2,4,1,0,0,2,0,0,0,0,0,0
26362385,13128718,away,6,3,2,0,0,0,2,0,0,0,0,0,0
26362385,13128719,away,4,2,2,0,0,0,0,1,0,0,0,0,0
26362385,13128720,away,4,0,1,0,0,0,1,1,2,0,0,0,0
26362385,13128759,home,5,2,4,0,0,0,2,0,0,0,0,0,0
26362385,13128760,home,3,0,0,0,0,0,0,0,0,0,0,0,0
26362385,13128761,home,4,1,1,0,0,0,2,1,0,0,0,0,0
26362385,13128762,home,5,0,2,1,0,0,0,0,0,0,0,0,0
26362385,13128764,home,5,0,0,0,0,0,0,0,0,0,0,0,0
26362385,13128765,home,4,0,2,0,0,0,1,1,0,0,0,0,0
26362385,13128772,home,4,1,2,0,0,0,2,1,0,0,0,0,0
26362385,13128766,home,4,3,2,0,0,0,0,1,0,0,0,0,0
26362385,13128767,home,4,3,1,0,0,0,1,0,0,1,0,0,0
26362385,13128768,home,4,1,2,0,0,0,2,1,0,0,0,0,0
26362385,13128769,home,5,1,2,1,0,0,1,0,0,0,0,0,0
26362386,13128689,away,1,0,0,0,0,0,0,0,0,1,0,0,0
26362386,13128690,away,4,0,2,0,0,0,1,0,0,0,0,0,0
26362386,13128691,away,4,1,0,0,0,0,0,0,0,0,0,0,0
26362386,13128692,away,4,0,0,0,0,0,0,0,1,0,0,0,0
26362386,13128703,away,3,2,1,1,0,0,1,0,1,1,0,0,0
26362386,13128694,away,4,1,3,0,0,0,2,0,0,0,0,0,0
26362386,13128696,away,3,0,1,0,0,0,0,1,0,0,0,0,0
26362386,13128697,away,4,1,1,0,0,0,1,0,1,0,0,0,0
26362386,13128698,away,2,3,2,0,0,0,0,2,0,0,0,0,0
26362386,13128699,away,5,0,0,0,0,0,0,0,0,0,0,0,0
26362386,13128700,away,5,1,1,0,0,0,0,0,1,0,0,0,0
26362386,13128701,away,3,1,3,0,0,0,0,1,0,0,0,0,0
26362386,13128702,away,4,0,1,0,0,0,1,0,0,0,0,0,0
26362386,13128743,home,3,0,1,0,0,0,0,0,0,0,0,0,0
26362386,13128744,home,3,1,1,0,0,0,0,0,1,0,0,0,0
26362386,13128745,home,3,1,2,0,0,0,1,0,1,0,0,0,0
26362386,13128746,home,3,0,0,1,0,0,1,0,0,0,0,0,0
26362386,13128747,home,3,0,1,0,0,0,0,0,1,0,0,0,0
26362386,13128749,home,3,2,3,0,0,0,0,0,0,0,0,0,0
26362386,13128750,home,3,0,0,0,0,0,0,0,1,0,0,0,0
26362386,13183782,home,4,1,1,0,0,0,1,0,0,0,0,0,0
26362386,13128751,home,3,0,0,0,0,0,1,0,0,0,0,0,0
26362386,13128752,home,3,0,1,0,0,0,0,0,1,0,0,0,0
26362386,13128753,home,3,1,1,0,0,0,0,1,0,0,0,0,0
26362386,13134839,home,4,0,1,0,0,0,0,0,0,0,0,0,0
26362386,13128754,home,3,0,1,0,0,0,1,0,0,0,0,0,0
26691213,13256451,away,4,0,0,0,0,0,0,0,2,0,0,0,0
26691213,13256452,away,3,1,2,0,0,0,2,0,0,0,0,0,0
26691213,13256453,away,3,2,3,0,0,0,2,1,0,0,0,0,0
26691213,13256454,away,3,2,0,0,0,0,1,1,0,0,0,0,0
26691213,13256455,away,2,1,0,0,0,0,0,1,1,0,0,0,0
26691213,13256456,away,4,0,2,0,0,0,3,0,0,0,0,0,0
26691213,13256457,away,3,1,0,0,0,0,0,1,0,0,0,0,0
26691213,13256458,away,1,1,1,0,0,0,1,3,0,0,0,0,0
26691213,13256459,away,4,1,2,0,0,0,0,0,0,0,0,0,0
26691213,13256460,away,3,1,0,0,0,0,1,1,0,0,0,0,0
26691213,13256461,away,3,1,1,1,0,0,2,0,1,0,0,0,0
26691213,13260456,away,0,2,0,0,0,0,0,2,0,1,0,0,0
26691213,13256462,away,3,3,2,0,0,0,1,1,0,0,0,0,0
26691213,13256463,away,3,2,1,0,0,0,0,1,0,0,0,0,0
26691213,13256464,away,4,0,0,0,0,0,0,0,0,0,0,0,0
26691213,13256489,home,4,1,1,0,0,0,0,0,0,0,0,0,0
26691213,13256490,home,3,2,1,0,0,0,1,0,0,0,0,0,0
26691213,13256491,home,3,2,1,0,0,0,0,1,0,0,0,0,0
26691213,13256492,home,3,2,2,0,1,0,1,1,0,0,0,0,0
26691213,13256493,home,4,1,1,0,0,0,0,0,0,0,0,0,0
26691213,13256494,home,4,1,2,0,0,0,0,0,0,0,0,0,0
26691213,13256495,home,3,1,1,0,0,0,2,0,0,0,0,0,0
26691213,13256496,home,4,1,1,0,0,0,0,0,0,0,0,0,0
26691213,13256497,home,4,0,2,0,0,0,0,0,0,0,0,0,0
26691213,13256498,home,3,2,2,0,0,0,2,1,0,0,0,0,0
26691213,13256500,home,4,1,3,0,0,0,1,0,0,0,0,0,0
26691213,13256501,home,4,1,1,0,0,0,1,0,0,0,0,0,0
26691213,13256502,home,3,1,0,0,0,0,2,1,0,0,0,0,0
26691213,13256504,home,4,1,2,0,0,0,0,1,1,0,0,0,0
26691212,13256507,away,3,0,1,0,0,0,0,0,1,0,0,0,0
26691212,13256508,away,3,1,2,0,0,0,0,0,0,0,0,0,0
26691212,13256509,away,2,0,1,0,0,0,0,0,1,0,0,0,0
26691212,13256510,away,3,0,0,0,0,0,0,0,1,0,0,0,0
26691212,13256511,away,2,0,0,0,0,0,0,0,0,0,0,0,0
26691212,13256512,away,2,0,0,0,0,0,0,0,1,0,0,0,0
26691212,13256513,away,3,0,0,0,0,0,0,0,2,0,0,0,0
26691212,13256514,away,3,0,0,0,0,0,0,0,0,0,0,0,0
26691212,13256515,away,3,0,1,0,0,0,0,0,1,0,0,0,0
26691212,13256516,away,3,0,0,0,0,0,0,0,1,0,0,0,0
26691212,13256517,away,3,0,0,1,0,0,0,0,0,0,0,0,0
26691212,13256518,away,3,0,0,0,0,0,0,0,1,0,0,0,0
26691212,13256519,away,3,0,1,0,0,0,0,0,0,0,0,0,0
26691212,13256436,home,4,1,2,0,0,0,0,0,1,0,0,0,0
26691212,13256437,home,4,0,2,0,0,0,2,0,1,0,0,0,0
26691212,13256438,home,3,0,1,0,0,0,1,1,0,0,0,0,0
26691212,13256439,home,3,1,1,0,0,0,0,1,0,0,0,0,0
26691212,13256440,home,4,2,3,0,0,0,1,0,0,0,0,0,0
26691212,13256442,home,4,1,0,2,0,0,2,0,0,0,0,0,0
26691212,13256443,home,4,0,0,0,0,0,0,0,1,0,0,0,0
26691212,13256444,home,2,0,0,0,0,0,0,2,1,0,0,0,0
26691212,13256445,home,4,2,3,0,1,0,3,0,0,0,0,0,0
26691212,13256446,home,4,2,2,0,1,0,1,0,0,0,0,0,0
26691212,13256448,home,4,4,3,0,0,0,0,0,0,0,0,0,0
26691212,13256450,home,4,0,1,0,0,0,0,0,0,0,0,0,0
26722167,13256452,away,1,0,0,0,0,0,1,2,0,1,0,0,0
26722167,13256455,away,4,0,0,0,0,0,0,0,1,0,0,0,0
26722167,13256456,away,4,1,3,0,0,0,3,0,0,0,0,0,0
26722167,13256457,away,4,0,1,0,0,0,2,0,1,0,0,0,0
26722167,13256458,away,4,2,2,0,0,0,0,0,1,0,0,0,0
26722167,13256459,away,4,0,0,0,0,0,0,0,0,0,0,0,0
26722167,13256461,away,2,3,0,2,0,0,1,2,0,0,0,0,0
26722167,13260456,away,4,0,0,0,0,0,0,0,1,0,0,0,0
26722167,13256462,away,4,0,0,0,0,0,0,0,0,0,0,0,0
26722167,13256463,away,4,0,1,0,0,0,0,0,0,0,0,0,0
26722167,13256464,away,3,1,1,0,0,0,0,0,0,0,0,0,0
26722167,13256437,home,2,1,2,0,0,0,2,2,0,0,0,0,0
26722167,13256438,home,3,1,1,0,0,0,2,0,1,1,0,0,0
26722167,13256439,home,3,1,1,0,0,0,2,0,0,0,0,0,0
26722167,13256440,home,3,3,2,0,0,0,2,1,0,0,0,0,0
26722167,13256442,home,4,2,3,0,0,0,3,0,0,0,0,0,0
26722167,13256443,home,3,0,0,0,0,0,0,0,0,0,0,0,0
26722167,13256445,home,4,3,3,0,0,0,0,0,0,0,0,0,0
26722167,13256446,home,4,2,2,1,0,0,3,0,0,0,0,0,0
26722167,13256447,home,4,2,1,1,0,0,2,0,0,0,0,0,0
26722167,13256448,home,4,2,1,0,0,0,0,0,0,0,0,0,0
26722167,13256449,home,4,1,2,0,0,0,1,0,0,0,0,0,0
26722167,13256450,home,2,0,0,0,0,0,0,1,1,1,0,0,0
28172207,14097488,away,1,0,0,0,0,0,0,1,0,0,0,0,0
28172207,14097490,away,1,1,1,0,0,0,0,2,0,0,0,0,0
28172207,14097491,away,2,0,0,0,0,0,0,0,1,0,0,0,0
28172207,14097489,away,3,0,2,0,0,0,1,0,0,0,0,0,0
28172207,14097492,away,2,0,0,0,0,0,1,0,0,0,0,0,0
28172207,14097493,away,2,0,0,1,0,0,0,0,0,0,0,0,0
28172207,14097509,away,2,0,0,1,0,0,2,0,0,0,0,0,0
28172207,14097510,away,2,1,1,0,0,0,0,0,0,0,0,0,0
28172207,14097511,away,2,1,1,0,0,0,0,0,0,0,0,0,0
28172207,14097512,away,2,0,0,0,0,0,0,0,0,0,0,0,0
28172207,14097513,away,2,1,1,0,0,0,1,0,0,0,0,0,0
28172207,14097514,away,0,0,0,0,0,0,0,0,0,0,0,0,0
28172207,14097515,away,1,1,1,0,0,0,0,0,0,1,0,0,0
28172207,14097516,away,2,0,1,0,0,0,0,0,0,0,0,0,0
28172207,14097518,away,2,0,1,0,0,0,1,0,0,0,0,0,0
28172207,14097469,home,2,0,1,0,0,0,1,1,0,0,0,0,0
28172207,14097473,home,3,1,3,0,0,0,0,0,0,0,0,0,0
28172207,14097474,home,3,0,0,0,0,0,0,0,1,0,0,0,0
28172207,14097475,home,3,1,2,0,0,0,0,0,0,0,0,0,0
28172207,14097486,home,2,1,0,0,0,0,0,1,0,0,0,0,0
28172207,14097476,home,2,0,0,0,0,0,0,0,1,0,0,0,0
28172207,14097477,home,2,1,1,0,0,0,0,1,0,0,0,0,0
28172207,14097480,home,2,1,1,0,0,0,0,1,0,0,0,0,0
28172207,14097481,home,3,0,3,0,0,0,1,0,0,0,0,0,0
28172207,14097482,home,3,2,2,0,0,0,3,0,0,0,0,0,0
28172207,14097483,home,2,0,2,0,0,0,0,1,0,0,0,0,0
28172207,14097485,home,2,0,0,0,0,0,0,0,0,0,0,0,0
28172208,14097524,away,2,0,0,0,0,0,0,0,0,0,0,0,0
28172208,14097526,away,2,1,0,1,0,0,0,0,0,0,0,0,0
28172208,14097527,away,1,0,1,0,0,0,0,1,0,0,0,0,0
28172208,14097528,away,1,0,0,0,0,0,0,0,1,1,0,0,0
28172208,14097529,away,2,0,0,1,0,0,0,0,0,0,0,0,0
28172208,14097530,away,2,0,1,0,0,0,0,0,0,0,0,0,0
28172208,14097531,away,1,0,0,0,0,0,0,1,0,0,0,0,0
28172208,14097532,away,2,0,1,0,0,0,0,0,0,0,0,0,0
28172208,14097533,away,2,0,1,0,0,0,1,0,1,0,0,0,0
28172208,14097534,away,3,0,0,0,0,0,0,0,3,0,0,0,0
28172208,14097535,away,2,0,0,0,0,0,0,0,0,0,0,0,0
28172208,14097536,away,1,0,0,0,0,0,0,1,0,0,0,0,0
28172208,14097537,away,2,1,1,0,0,0,0,0,0,0,0,0,0
28172208,14097469,home,3,0,1,0,0,0,1,0,0,0,0,0,0
28172208,14097473,home,3,1,0,0,0,0,2,0,0,0,0,0,0
28172208,14097474,home,2,2,2,0,0,0,0,1,0,0,0,0,0
28172208,14097475,home,3,2,2,0,0,0,2,0,0,0,0,0,0
28172208,14097486,home,2,1,0,0,0,0,1,1,0,0,0,0,0
28172208,14097476,home,3,0,0,0,0,0,0,0,1,0,0,0,0
28172208,14097477,home,3,0,3,0,0,0,0,0,0,0,0,0,0
28172208,14097478,home,2,0,0,0,0,0,0,0,1,0,0,0,0
28172208,14097480,home,2,1,1,0,0,0,1,0,0,1,0,0,0
28172208,14097481,home,2,1,1,0,0,0,1,0,0,0,0,0,0
28172208,14097482,home,3,0,0,0,0,0,2,0,0,0,0,0,0
28172208,14097483,home,3,2,1,0,0,0,0,0,0,0,0,0,0
28172210,14097523,away,2,0,0,0,0,0,0,0,1,0,0,0,0
28172210,14097524,away,1,1,0,0,0,0,0,1,0,0,0,0,0
28172210,14097526,away,3,0,0,0,0,0,0,0,1,0,0,0,0
28172210,14097527,away,3,0,1,1,0,0,0,0,0,0,0,0,0
28172210,14097528,away,3,1,2,0,0,0,0,0,0,0,0,0,0
28172210,14097529,away,3,0,1,0,0,0,0,0,0,0,0,0,0
28172210,14097530,away,1,0,1,0,0,0,0,1,0,0,0,0,0
28172210,14097532,away,1,1,1,0,0,0,0,1,0,0,0,0,0
28172210,14097522,away,7,3,5,1,0,0,2,0,0,0,0,0,0
28172210,14097533,away,2,2,0,0,0,0,0,0,0,0,0,0,0
28172210,14097534,away,7,4,3,1,0,0,3,0,0,0,0,0,0
28172210,14097536,away,3,1,2,0,0,0,0,0,0,0,0,0,0
28172210,14097537,away,2,0,0,0,0,0,0,1,1,0,0,0,0
28172210,14097488,home,3,0,0,0,0,0,0,0,0,0,0,0,0
28172210,14097491,home,2,1,0,0,0,0,0,1,1,0,0,0,0
28172210,14097489,home,4,0,2,0,0,0,2,0,1,0,0,0,0
28172210,14097493,home,2,0,2,0,0,0,1,1,0,0,0,0,0
28172210,14097509,home,3,0,2,0,0,0,0,0,0,0,0,0,0
28172210,14097510,home,2,2,1,0,0,0,0,1,0,0,0,0,0
28172210,14097511,home,1,0,0,0,0,0,0,2,1,0,0,0,0
28172210,14097512,home,3,0,0,0,0,0,0,0,1,0,0,0,0
28172210,14097514,home,3,0,1,0,0,0,1,0,0,0,0,0,0
28172210,14097515,home,3,1,2,1,0,0,1,0,0,0,0,0,0
28172210,14097516,home,3,1,2,0,0,0,0,0,0,0,0,0,0
28172210,14097518,home,2,1,0,0,0,0,0,0,1,0,0,0,0
28172212,14097473,away,5,2,4,0,0,0,3,0,0,0,0,0,0
28172212,14097474,away,3,0,1,0,0,0,0,0,0,0,0,0,0
28172212,14097475,away,5,1,1,2,0,0,4,0,0,0,0,0,0
28172212,14097477,away,3,1,2,0,0,0,2,1,0,0,0,0,0
28172212,14097480,away,3,2,1,0,0,0,0,1,0,0,0,0,0
28172212,14097481,away,3,1,1,0,0,0,2,2,1,0,0,0,0
28172212,14097482,away,3,1,1,0,0,0,0,1,1,0,0,0,0
28172212,14097483,away,3,1,1,0,0,0,0,1,1,0,0,0,0
28172212,14097488,home,1,0,0,0,0,0,0,0,0,0,0,0,0
28172212,14097490,home,2,0,0,0,0,0,0,0,1,0,0,0,0
28172212,14097491,home,1,0,0,0,0,0,0,1,1,0,0,0,0
28172212,14097489,home,3,1,0,0,0,0,0,0,0,0,0,0,0
28172212,14097493,home,2,0,1,0,0,0,0,0,1,0,0,0,0
28172212,14097509,home,0,0,0,0,0,0,0,1,0,0,0,0,0
28172212,14097510,home,2,0,1,0,0,0,1,0,0,0,0,0,0
28172212,14097512,home,3,0,1,1,0,0,0,0,0,0,0,0,0
28172212,14097514,home,3,0,1,0,0,0,0,0,0,0,0,0,0
28172212,14097515,home,3,1,0,1,0,0,0,0,1,0,0,0,0
28172212,14097516,home,3,0,1,0,0,0,0,0,0,0,0,0,0
28172212,14097518,home,1,0,0,0,0,0,0,0,0,0,0,0,0
28172228,14097472,away,2,0,0,0,0,0,1,0,0,0,0,0,0
28172228,14097473,away,3,0,0,0,0,0,0,0,0,0,0,0,0
28172228,14097474,away,5,1,0,0,0,0,0,1,0,0,0,0,0
28172228,14097475,away,2,1,0,1,0,0,0,0,0,0,0,0,0
28172228,14097486,away,5,0,1,0,0,0,0,0,1,0,0,0,0
28172228,14097478,away,3,0,0,0,0,0,0,0,0,0,0,0,0
28172228,14097480,away,2,1,1,0,0,0,0,0,0,0,0,0,0
28172228,14097481,away,2,0,1,0,0,0,0,0,0,0,0,0,0
28172228,14097483,away,2,1,1,0,0,0,0,1,1,0,0,0,0
28172228,14097484,away,2,0,0,0,0,0,0,0,0,0,0,0,0
28172228,14097524,home,2,1,1,0,0,0,0,0,1,0,0,0,0
28172228,14097526,home,2,0,2,0,0,0,0,0,0,0,0,0,0
28172228,14097529,home,3,0,1,1,0,0,0,0,1,0,0,0,0
28172228,14097530,home,0,1,0,0,0,0,0,1,0,1,0,0,0
28172228,14097531,home,3,0,1,0,0,0,0,0,0,0,0,0,0
28172228,14097532,home,3,1,1,0,0,0,0,0,0,0,0,0,0
28172228,14097522,home,3,0,0,0,0,0,0,0,0,0,0,0,0
28172228,14097533,home,2,0,0,0,0,0,0,0,2,0,0,0,0
28172228,14097534,home,3,2,1,0,0,0,0,0,0,0,0,0,0
28172228,14097535,home,2,1,1,0,0,0,0,0,0,0,0,0,0
28172228,14097537,home,2,0,0,0,0,0,0,0,1,0,0,0,0
28172233,14097488,away,2,0,0,0,0,0,0,1,1,0,0,0,0
28172233,14097490,away,2,0,0,0,0,0,0,1,1,0,0,0,0
28172233,14097491,away,3,0,1,0,0,0,0,0,2,0,0,0,0
28172233,14097489,away,4,2,0,0,0,0,0,0,0,0,0,0,0
28172233,14097509,away,3,2,3,0,0,0,1,0,0,0,0,0,0
28172233,14097510,away,4,0,3,0,0,0,0,0,0,0,0,0,0
28172233,14097511,away,2,0,1,0,0,0,0,1,0,0,0,0,0
28172233,14097514,away,2,1,0,0,0,0,1,0,0,1,0,0,0
28172233,14097515,away,3,0,1,1,0,0,4,0,0,0,0,0,0
28172233,14097516,away,3,1,1,0,0,0,0,0,0,0,0,0,0
28172233,14097524,home,1,0,0,0,0,0,0,2,0,0,0,0,0
28172233,14097526,home,2,0,1,0,0,0,0,1,0,0,0,0,0
28172233,14097529,home,3,1,0,2,0,0,0,0,0,0,0,0,0
28172233,14097530,home,3,0,1,0,0,0,0,0,0,0,0,0,0
28172233,14097531,home,3,1,1,0,0,0,0,0,0,0,0,0,0
28172233,14097532,home,3,0,1,0,0,0,2,0,0,0,0,0,0
28172233,14097533,home,2,0,0,0,0,0,0,1,1,0,0,0,0
28172233,14097534,home,4,1,1,1,0,0,0,0,0,0,0,0,0
28172233,14097535,home,2,0,0,0,0,0,0,1,1,0,0,0,0
28172233,14097537,home,2,0,0,0,0,0,0,1,1,0,0,0,0
28172235,14097523,away,2,0,0,0,0,0,0,1,0,0,0,0,0
28172235,14097524,away,3,0,0,0,0,0,0,0,1,0,0,0,0
28172235,14097526,away,2,1,2,0,0,0,0,0,0,0,0,0,0
28172235,14097527,away,3,2,2,0,0,0,0,0,0,0,0,0,0
28172235,14097529,away,2,1,1,1,0,0,0,1,0,0,0,0,0
28172235,14097530,away,3,1,2,0,0,0,0,0,0,0,0,0,0
28172235,14097531,away,3,1,2,0,0,0,0,0,0,0,0,0,0
28172235,14097532,away,3,1,1,0,0,0,0,0,0,0,0,0,0
28172235,14097522,away,4,1,0,0,0,0,1,1,0,1,0,0,0
28172235,14097533,away,2,0,0,0,0,0,0,2,1,0,0,0,0
28172235,14097534,away,2,0,0,0,0,0,0,1,0,0,0,0,0
28172235,14097535,away,0,0,0,0,0,0,0,0,0,0,0,0,0
28172235,14097536,away,3,1,0,1,0,0,0,0,0,0,0,0,0
28172235,14097469,home,2,2,0,0,0,0,0,0,1,1,0,0,0
28172235,14097472,home,3,1,2,0,0,0,0,0,0,0,0,0,0
28172235,14097473,home,3,0,0,0,0,0,0,0,0,0,0,0,0
28172235,14097474,home,3,0,1,0,0,0,2,1,1,0,0,0,0
28172235,14097475,home,3,2,2,0,1,0,1,1,0,0,0,0,0
28172235,14097486,home,1,1,0,0,0,0,0,2,0,0,0,0,0
28172235,14097480,home,4,1,2,0,0,0,4,0,0,0,0,0,0
28172235,14097481,home,3,1,1,0,0,0,1,0,0,0,0,0,0
28172235,14097482,home,2,3,1,1,0,0,0,1,0,1,0,0,0
28172235,14097483,home,3,0,2,0,0,0,0,1,1,0,0,0,0
28172235,14097485,home,0,0,0,0,0,0,0,0,0,0,0,0,0
28172237,14097491,away,3,1,1,0,0,0,0,0,1,0,0,0,0
28172237,14097489,away,3,1,2,0,0,0,0,0,0,0,0,0,0
28172237,14097509,away,2,1,2,0,0,0,0,1,0,0,0,0,0
28172237,14097510,away,4,1,2,0,0,0,2,0,0,0,0,0,0
28172237,14097512,away,3,1,1,0,0,0,1,0,0,0,0,0,0
28172237,14097513,away,2,2,2,0,0,0,0,0,0,1,0,0,0
28172237,14097514,away,3,0,2,0,0,0,2,0,0,0,0,0,0
28172237,14097515,away,2,0,0,0,0,0,1,1,1,0,0,0,0
28172237,14097516,away,3,0,2,0,0,0,0,0,0,0,0,0,0
28172237,14097518,away,3,0,0,0,0,0,0,0,1,0,0,0,0
28172237,14097469,home,2,2,1,1,0,0,2,1,0,0,0,0,0
28172237,14097472,home,3,1,1,0,0,0,0,0,0,0,0,0,0
28172237,14097473,home,3,1,0,0,0,0,0,0,0,0,0,0,0
28172237,14097474,home,0,0,0,0,0,0,0,0,0,0,0,0,0
28172237,14097475,home,4,1,2,1,1,0,3,0,0,0,0,0,0
28172237,14097486,home,2,2,1,1,0,0,0,1,0,0,0,0,0
28172237,14097480,home,3,2,2,0,0,0,1,1,0,0,0,0,0
28172237,14097481,home,3,0,1,0,0,0,1,0,1,0,0,0,0
28172237,14097482,home,4,1,0,0,0,0,0,0,3,0,0,0,0
28172237,14097483,home,2,1,0,0,0,0,0,0,0,1,0,0,0
28172237,14097485,home,0,0,0,0,0,0,0,0,0,0,0,0,0
28172238,14097469,away,2,0,0,0,0,0,0,1,1,0,0,0,0
28172238,14097472,away,2,1,1,0,0,0,0,1,0,0,0,0,0
28172238,14097473,away,1,0,0,0,0,0,0,2,0,0,0,0,0
28172238,14097475,away,3,0,1,1,0,0,0,0,0,0,0,0,0
28172238,14097486,away,6,2,3,0,0,0,1,0,0,0,0,0,0
28172238,14097476,away,3,0,0,0,0,0,0,0,3,0,0,0,0
28172238,14097478,away,3,1,2,0,0,0,1,0,0,0,0,0,0
28172238,14097480,away,2,1,1,0,0,0,0,1,0,0,0,0,0
28172238,14097483,away,3,0,1,0,0,0,1,0,0,0,0,0,0
28172238,14097485,away,3,0,0,0,0,0,0,1,0,0,0,0,0
28172238,14097488,home,2,0,1,0,0,0,0,0,0,0,0,0,0
28172238,14097490,home,2,0,0,0,0,0,0,0,1,0,0,0,0
28172238,14097491,home,2,0,0,0,0,0,1,0,0,0,0,0,0
28172238,14097489,home,1,0,0,0,0,0,0,1,0,0,0,0,0
28172238,14097493,home,2,1,1,0,0,0,0,0,0,0,0,0,0
28172238,14097509,home,1,0,0,0,0,0,0,1,0,0,0,0,0
28172238,14097511,home,1,1,1,0,0,0,0,1,0,0,0,0,0
28172238,14097512,home,2,1,1,0,0,0,0,0,0,0,0,0,0
28172238,14097514,home,2,1,1,0,0,0,0,0,0,0,0,0,0
28172238,14097516,home,2,1,1,0,0,0,0,0,0,0,0,0,0
28172243,14097523,away,3,0,0,0,0,0,0,0,1,0,0,0,0
28172243,14097524,away,2,0,0,0,0,0,0,0,0,0,0,0,0
28172243,14097526,away,2,3,0,0,0,0,0,1,0,0,0,0,0
28172243,14097529,away,2,0,2,0,0,0,0,1,0,0,0,0,0
28172243,14097532,away,1,1,0,0,0,0,0,2,0,0,0,0,0
28172243,14097522,away,4,0,1,0,0,0,2,1,0,0,0,0,0
28172243,14097533,away,3,0,0,0,0,0,1,0,2,0,0,0,0
28172243,14097534,away,3,0,0,0,0,0,0,0,1,0,0,0,0
28172243,14097535,away,1,0,1,0,0,0,2,2,0,0,0,0,0
28172243,14097537,away,2,0,0,0,0,0,0,0,1,0,0,0,0
28172243,14097488,home,2,0,0,0,0,0,0,1,0,0,0,0,0
28172243,14097490,home,2,1,0,0,0,0,0,1,1,0,0,0,0
28172243,14097491,home,3,0,0,0,0,0,0,0,1,0,0,0,0
28172243,14097489,home,2,3,2,0,0,0,0,2,0,0,0,0,0
28172243,14097493,home,3,1,1,0,0,0,1,1,0,0,0,0,0
28172243,14097509,home,2,0,1,0,0,0,3,0,0,0,0,1,0
28172243,14097512,home,2,0,1,0,0,0,0,1,0,0,0,0,0
28172243,14097514,home,4,2,1,2,0,0,1,0,0,0,0,0,0
28172243,14097516,home,3,0,2,0,0,0,2,0,0,0,0,0,0
28172252,14097488,away,2,1,1,0,0,0,0,0,1,0,0,0,0
28172252,14097490,away,2,0,0,0,0,0,0,1,0,0,0,0,0
28172252,14097491,away,3,0,0,0,0,0,1,0,0,0,0,0,0
28172252,14097489,away,3,1,3,0,0,0,1,0,0,0,0,0,0
28172252,14097492,away,2,1,0,0,0,0,0,1,1,0,0,0,0
28172252,14097509,away,3,0,2,0,0,0,0,0,0,0,0,0,0
28172252,14097510,away,3,0,1,0,0,0,0,0,0,0,0,0,0
28172252,14097511,away,3,0,0,0,0,0,1,0,0,0,0,0,0
28172252,14097514,away,3,1,2,0,0,0,0,0,0,0,0,0,0
28172252,14097515,away,3,0,3,0,0,0,0,0,0,0,0,0,0
28172252,14097516,away,3,0,2,0,0,0,0,0,0,0,0,0,0
28172252,14097469,home,0,0,0,0,0,0,0,1,0,0,0,0,0
28172252,14097473,home,2,1,1,0,0,0,0,0,0,0,0,0,0
28172252,14097475,home,1,0,0,0,0,0,0,1,0,0,0,0,0
28172252,14097486,home,2,1,2,0,0,0,0,0,0,0,0,0,0
28172252,14097476,home,2,0,0,0,0,0,0,0,0,0,0,0,0
28172252,14097477,home,2,0,0,0,1,0,0,0,0,0,0,0,0
28172252,14097478,home,2,0,0,0,0,0,0,0,2,0,0,0,0
28172252,14097480,home,2,0,1,0,0,0,0,0,0,0,0,0,0
28172252,14097481,home,2,0,1,0,0,0,0,0,0,0,0,0,0
28172252,14097482,home,2,0,1,0,0,0,0,0,0,0,0,0,0
28172252,14097483,home,2,0,0,0,0,0,0,0,0,0,0,0,0
28172252,14097484,home,2,0,0,0,0,0,0,0,0,0,0,0,0
28172252,14097485,home,2,0,0,0,0,0,0,0,0,1,0,0,0
28172255,14097523,away,2,0,0,0,0,0,0,0,1,0,0,0,0
28172255,14097526,away,3,0,1,0,0,0,0,0,0,0,0,0,0
28172255,14097528,away,3,0,2,0,0,0,0,0,1,0,0,0,0
28172255,14097529,away,3,0,2,0,0,0,0,0,0,0,0,0,0
28172255,14097530,away,3,0,1,0,0,0,0,0,0,0,0,0,0
28172255,14097532,away,2,0,0,0,0,0,0,1,0,0,0,0,0
28172255,14097522,away,3,0,1,0,0,0,0,0,0,0,0,0,0
28172255,14097534,away,2,1,1,0,0,0,0,0,0,1,0,0,0
28172255,14097535,away,1,0,0,0,0,0,0,0,0,1,0,0,0
28172255,14097537,away,2,0,0,0,0,0,0,1,0,0,0,0,0
28172255,14097469,home,1,1,0,0,0,0,0,0,0,0,0,0,0
28172255,14097473,home,2,0,0,0,0,0,0,0,1,0,0,0,0
28172255,14097475,home,3,0,2,0,0,0,1,0,0,0,0,0,0
28172255,14097486,home,2,0,1,0,0,0,0,0,0,0,0,0,0
28172255,14097477,home,2,0,0,0,0,0,0,0,0,0,0,0,0
28172255,14097478,home,2,0,0,0,0,0,0,0,0,0,0,0,0
28172255,14097480,home,3,1,1,0,0,0,0,0,0,0,0,0,0
28172255,14097481,home,2,0,0,0,0,0,0,0,1,0,0,0,0
28172255,14097482,home,3,0,1,0,0,0,1,0,0,0,0,0,0
28172255,14097483,home,1,0,0,0,0,0,0,1,1,1,0,0,0
28172255,14097484,home,2,0,0,0,0,0,0,0,0,0,0,0,0
28172258,14097524,away,3,0,0,0,0,0,0,0,0,0,0,0,0
28172258,14097526,away,3,0,3,0,0,0,1,0,0,0,0,0,0
28172258,14097527,away,0,0,0,0,0,0,0,0,0,0,0,0,0
28172258,14097528,away,3,2,3,0,0,0,2,0,0,0,0,0,0
28172258,14097529,away,2,1,0,0,0,1,3,0,0,0,0,0,0
28172258,14097530,away,2,0,0,0,0,0,0,0,1,0,0,0,0
28172258,14097531,away,3,1,3,0,0,0,1,0,0,0,0,0,0
28172258,14097532,away,2,0,1,0,0,0,0,0,0,0,0,0,0
28172258,14097522,away,3,1,1,0,0,0,0,0,1,0,0,0,0
28172258,14097533,away,3,1,1,0,0,0,0,0,1,0,0,0,0
28172258,14097534,away,3,1,0,0,0,0,0,0,1,0,0,0,0
28172258,14097535,away,0,0,0,0,0,0,0,0,0,0,0,0,0
28172258,14097537,away,2,0,0,0,0,0,0,0,0,0,0,0,0
28172258,14097488,home,2,1,0,0,0,0,0,1,0,0,0,0,0
28172258,14097490,home,2,1,1,0,0,0,0,0,1,0,0,0,0
28172258,14097491,home,1,1,0,0,0,0,0,1,0,0,0,0,0
28172258,14097489,home,2,1,0,1,0,0,2,0,0,1,0,0,0
28172258,14097492,home,0,0,0,0,0,0,0,2,0,1,0,0,0
28172258,14097510,home,3,3,3,0,0,0,0,0,0,0,0,0,0
28172258,14097511,home,1,0,0,0,0,0,0,2,0,0,0,0,0
28172258,14097512,home,3,0,1,0,0,0,1,0,0,0,0,0,0
28172258,14097513,home,2,1,2,0,0,0,2,0,0,1,0,0,0
28172258,14097514,home,2,2,0,1,0,0,3,1,0,0,0,0,0
28172258,14097515,home,3,0,1,0,0,0,1,0,0,0,0,0,0
28172258,14097516,home,3,2,2,1,0,0,2,0,0,0,0,0,0
28172258,14097518,home,3,1,1,0,0,0,0,0,0,0,0,0,0
28172261,14097469,away,2,0,0,1,0,0,1,1,0,0,0,0,0
28172261,14097472,away,4,2,2,0,0,0,0,0,0,0,0,0,0
28172261,14097473,away,3,1,1,0,0,0,0,0,0,0,0,0,0
28172261,14097475,away,3,1,2,1,0,0,2,0,0,0,0,0,0
28172261,14097486,away,3,2,1,1,0,0,0,0,0,0,0,0,0
28172261,14097476,away,0,1,0,0,0,0,0,1,0,0,0,0,0
28172261,14097477,away,3,2,3,0,0,0,1,0,0,0,0,0,0
28172261,14097478,away,2,1,1,0,0,0,0,1,1,0,0,0,0
28172261,14097480,away,3,0,2,0,0,0,1,0,0,0,0,0,0
28172261,14097481,away,3,1,1,0,0,0,0,0,0,0,0,0,0
28172261,14097482,away,1,2,0,1,0,0,0,2,0,0,0,0,0
28172261,14097483,away,3,2,2,0,0,0,0,0,0,0,0,0,0
28172261,14097484,away,3,0,1,0,0,0,2,0,0,0,0,0,0
28172261,14097485,away,3,0,2,0,0,0,0,0,0,0,0,0,0
28172261,14097488,home,3,0,0,0,0,0,0,0,2,0,0,0,0
28172261,14097490,home,1,1,0,0,0,0,0,1,0,0,0,0,0
28172261,14097491,home,2,1,1,0,0,0,1,1,0,0,0,0,0
28172261,14097489,home,2,0,1,0,0,0,1,1,0,0,0,0,0
28172261,14097492,home,2,0,0,0,0,0,0,1,1,0,0,0,0
28172261,14097493,home,3,0,1,0,0,0,0,0,0,0,0,0,0
28172261,14097510,home,2,2,1,1,0,0,0,1,0,0,0,0,0
28172261,14097512,home,3,0,1,0,0,0,0,1,0,0,0,0,0
28172261,14097513,home,3,0,2,0,0,0,1,0,0,0,0,0,0
28172261,14097514,home,3,2,1,0,3,0,4,0,0,0,0,0,0
28172261,14097515,home,3,0,0,0,0,0,0,0,0,0,0,0,0
28172261,14097516,home,3,1,0,1,0,0,1,0,0,0,0,0,0
28172262,14097472,away,4,1,0,0,0,0,0,0,0,0,0,0,0
28172262,14097473,away,1,0,0,0,0,0,0,2,0,0,0,0,0
28172262,14097475,away,5,1,2,1,1,0,3,0,0,1,0,0,0
28172262,14097486,away,2,1,2,0,0,0,0,1,0,0,0,0,0
28172262,14097477,away,3,1,1,0,0,0,1,0,0,0,0,0,0
28172262,14097478,away,2,0,1,0,0,0,1,1,0,0,0,0,0
28172262,14097480,away,2,0,0,0,0,0,1,1,0,0,0,0,0
28172262,14097481,away,3,1,1,0,0,0,0,0,0,0,0,0,0
28172262,14097482,away,3,0,1,0,0,0,1,0,0,0,0,0,0
28172262,14097483,away,3,1,1,0,0,0,0,0,0,0,0,0,0
28172262,14097485,away,3,0,0,0,0,0,0,0,1,0,0,0,0
28172262,14097526,home,2,0,0,0,0,0,0,1,0,0,0,0,0
28172262,14097527,home,3,0,1,0,0,0,0,0,0,0,0,0,0
28172262,14097528,home,3,1,2,0,0,0,0,0,0,0,0,0,0
28172262,14097529,home,2,0,2,0,0,0,1,0,0,0,0,1,0
28172262,14097531,home,3,0,1,0,0,0,0,0,0,0,0,0,0
28172262,14097532,home,3,0,0,0,0,0,0,0,0,0,0,0,0
28172262,14097522,home,3,0,1,0,0,0,0,0,0,0,0,0,0
28172262,14097533,home,2,0,0,0,0,0,1,1,0,0,0,0,0
28172262,14097534,home,4,1,2,0,0,0,0,0,1,0,0,0,0
28172262,14097535,home,0,0,0,0,0,0,0,0,0,0,0,0,0
28172262,14097536,home,2,0,1,0,0,0,0,1,0,0,0,0,0
28172265,14097490,away,1,0,0,0,0,0,0,1,0,0,0,0,0
28172265,14097491,away,3,0,0,0,0,0,0,0,1,0,0,0,0
28172265,14097489,away,2,0,1,0,0,0,0,1,0,0,0,0,0
28172265,14097509,away,3,0,1,0,0,0,0,0,0,0,0,0,0
28172265,14097510,away,3,0,2,0,0,0,0,0,0,0,0,0,0
28172265,14097513,away,3,0,0,0,0,0,0,0,0,0,0,0,0
28172265,14097514,away,3,0,1,0,0,0,0,0,0,0,0,0,0
28172265,14097515,away,3,1,2,0,0,0,0,0,0,0,0,0,0
28172265,14097516,away,3,1,0,0,0,0,0,0,0,0,0,0,0
28172265,14097526,home,2,0,0,0,0,0,0,1,1,0,0,0,0
28172265,14097527,home,3,2,2,0,0,0,1,0,0,0,0,0,0
28172265,14097528,home,3,1,1,0,0,0,0,0,0,0,0,0,0
28172265,14097529,home,2,1,1,0,0,0,1,0,0,0,0,0,0
28172265,14097530,home,3,0,2,0,0,0,0,0,0,0,0,0,0
28172265,14097531,home,2,0,1,0,0,0,0,1,0,0,0,0,0
28172265,14097532,home,3,0,1,0,0,0,0,0,0,0,0,0,0
28172265,14097533,home,3,1,1,0,0,0,0,0,1,0,0,0,0
28172265,14097534,home,3,1,2,0,0,0,0,0,0,0,0,0,0
28172265,14097535,home,0,0,0,0,0,0,0,0,0,0,0,0,0
28172265,14097536,home,1,2,1,0,0,0,0,1,0,1,0,0,0
28172268,14097526,away,4,0,1,0,0,0,0,0,2,0,0,0,0
28172268,14097527,away,4,1,2,0,0,0,0,0,1,0,0,0,0
28172268,14097528,away,3,0,0,0,0,0,0,0,0,0,0,0,0
28172268,14097529,away,3,0,2,0,0,0,1,1,0,0,0,0,0
28172268,14097532,away,4,0,0,0,0,0,0,0,0,0,0,0,0
28172268,14097522,away,3,0,1,0,0,0,0,0,1,0,0,0,0
28172268,14097533,away,2,1,1,0,0,0,0,1,1,0,0,0,0
28172268,14097534,away,3,0,1,0,0,0,0,1,0,0,0,0,0
28172268,14097472,home,3,0,1,0,0,0,1,0,0,0,0,0,0
28172268,14097473,home,3,1,1,0,0,0,0,0,0,0,0,0,0
28172268,14097475,home,3,2,2,0,0,0,1,0,0,0,0,0,0
28172268,14097486,home,3,0,0,0,0,0,0,0,0,0,0,0,0
28172268,14097480,home,3,1,1,0,0,0,0,0,0,0,0,0,0
28172268,14097481,home,3,0,1,0,0,0,0,0,0,0,0,0,0
28172268,14097482,home,3,0,1,0,0,0,0,0,0,0,0,0,0
28172268,14097483,home,2,0,2,0,0,0,2,0,0,0,0,0,0
28172268,14097485,home,3,0,0,0,0,0,0,0,0,0,0,0,0
28172269,14097488,away,3,0,0,0,0,0,0,0,1,0,0,0,0
28172269,14097490,away,2,0,0,0,0,0,0,0,1,0,0,0,0
28172269,14097491,away,1,1,0,0,0,0,0,1,0,0,0,0,0
28172269,14097489,away,3,1,1,1,0,0,1,0,0,0,0,0,0
28172269,14097493,away,3,0,0,0,0,0,0,0,1,0,0,0,0
28172269,14097509,away,2,1,1,0,0,0,1,0,0,0,0,1,0
28172269,14097510,away,2,2,1,0,0,0,0,1,0,0,0,0,0
28172269,14097512,away,1,0,0,0,0,0,0,2,0,0,0,0,0
28172269,14097513,away,2,0,0,0,0,0,0,1,1,0,0,0,0
28172269,14097514,away,3,2,1,1,0,0,2,0,0,0,0,0,0
28172269,14097515,away,2,0,0,0,0,0,0,1,0,0,0,0,0
28172269,14097516,away,2,0,1,0,0,0,1,1,0,0,0,0,0
28172269,14097472,home,3,1,2,0,0,0,0,0,0,0,0,0,0
28172269,14097473,home,3,1,1,0,0,0,1,1,1,0,0,0,0
28172269,14097475,home,3,1,3,0,0,0,0,0,0,0,0,0,0
28172269,14097486,home,2,1,2,0,0,0,1,1,0,0,0,0,0
28172269,14097480,home,3,2,2,0,0,0,1,1,0,0,0,0,0
28172269,14097481,home,3,0,0,0,0,0,0,0,0,0,0,0,0
28172269,14097482,home,4,3,3,1,0,0,0,0,0,0,0,0,0
28172269,14097483,home,3,1,2,0,0,0,0,0,0,0,0,0,0
28172269,14097484,home,3,1,0,0,0,0,0,0,0,0,0,0,0
28172269,14097485,home,3,0,1,0,0,0,0,0,0,0,0,0,0
28172272,14097490,away,2,0,1,0,0,0,0,0,0,0,0,0,0
28172272,14097491,away,3,0,0,0,0,0,0,0,1,0,0,0,0
28172272,14097489,away,3,1,1,0,0,0,0,0,0,0,0,0,0
28172272,14097493,away,2,0,0,0,0,0,1,0,0,1,0,0,0
28172272,14097509,away,3,0,1,0,0,0,2,0,0,0,0,0,0
28172272,14097510,away,3,1,1,0,0,0,0,0,0,0,0,0,0
28172272,14097511,away,1,1,1,0,0,0,0,1,0,0,0,0,0
28172272,14097512,away,3,0,1,0,0,0,0,0,0,0,0,0,0
28172272,14097513,away,3,0,1,0,0,0,0,0,0,0,0,0,0
28172272,14097514,away,3,1,1,0,0,0,0,0,0,0,0,0,0
28172272,14097515,away,3,0,2,0,0,0,0,0,0,0,0,0,0
28172272,14097516,away,2,0,2,0,0,0,0,0,0,1,0,0,0
28172272,14097526,home,3,2,1,1,0,0,2,0,0,0,0,0,0
28172272,14097527,home,4,0,0,0,0,0,0,0,1,0,0,0,0
28172272,14097528,home,3,0,0,0,0,0,0,0,0,0,0,0,0
28172272,14097530,home,2,0,2,0,0,0,2,1,0,0,0,0,0
28172272,14097531,home,2,2,1,0,0,0,0,1,1,0,0,0,0
28172272,14097532,home,3,2,1,0,0,0,1,0,1,0,0,0,0
28172272,14097522,home,3,1,2,0,0,0,0,0,0,0,0,0,0
28172272,14097533,home,3,1,2,0,0,0,1,0,0,0,0,0,0
28172272,14097534,home,4,0,2,0,0,0,2,0,0,0,0,0,0
28172273,14097469,away,3,1,1,0,0,0,1,0,0,0,0,0,0
28172273,14097472,away,2,1,0,0,0,0,0,0,0,0,0,0,0
28172273,14097473,away,3,0,1,0,0,0,2,0,1,0,0,0,0
28172273,14097475,away,3,1,2,0,0,0,3,0,0,0,0,0,0
28172273,14097486,away,3,0,1,0,0,0,0,0,0,0,0,0,0
28172273,14097477,away,2,1,0,0,0,0,0,1,0,0,0,0,0
28172273,14097478,away,2,0,1,0,0,0,1,1,0,0,0,0,0
28172273,14097480,away,2,1,0,0,0,0,0,1,0,0,0,0,0
28172273,14097481,away,3,1,1,0,0,0,0,0,0,0,0,0,0
28172273,14097482,away,3,1,1,1,0,0,1,0,1,0,0,0,0
28172273,14097484,away,2,0,1,0,0,0,0,0,1,0,0,0,0
28172273,14097485,away,3,1,1,0,0,0,0,0,0,0,0,0,0
28172273,14097526,home,4,0,1,0,0,0,2,0,0,0,0,0,0
28172273,14097527,home,4,0,1,0,0,0,0,0,0,0,0,0,0
28172273,14097528,home,4,1,2,0,0,0,0,0,1,0,0,0,0
28172273,14097530,home,2,2,2,0,0,0,0,2,0,0,0,0,0
28172273,14097531,home,4,1,3,0,0,0,0,0,0,0,0,0,0
28172273,14097532,home,2,1,1,0,0,0,0,2,0,0,0,0,0
28172273,14097522,home,4,2,1,0,0,0,2,0,0,0,0,0,0
28172273,14097533,home,3,0,2,0,0,0,2,1,0,0,0,0,0
28172273,14097534,home,4,0,2,0,0,0,0,0,0,0,0,0,0
28172307,14182416,away,2,0,0,0,0,0,0,1,0,0,0,0,0
28172307,14182418,away,3,2,2,0,0,0,0,1,0,0,0,0,0
28172307,14182419,away,4,1,2,0,0,0,1,0,1,0,0,0,0
28172307,14182420,away,3,0,1,0,0,0,0,0,1,0,0,0,0
28172307,14182421,away,2,1,1,0,0,0,1,1,0,0,0,1,0
28172307,14182422,away,2,0,0,0,0,0,0,1,0,0,0,0,0
28172307,14182423,away,3,0,0,0,0,0,2,1,0,0,0,0,0
28172307,14182424,away,3,0,0,0,0,0,0,0,0,0,0,0,0
28172307,14182425,away,3,0,0,0,0,0,0,0,0,0,0,0,0
28172307,14182426,away,2,0,2,0,0,0,0,1,0,0,0,0,0
28172307,14182427,away,4,2,1,0,0,0,0,0,1,0,0,0,0
28172307,14182428,away,3,0,1,0,0,0,0,1,0,0,0,0,0
28172307,14182402,home,3,0,0,0,0,0,0,1,0,0,0,0,0
28172307,14182403,home,3,0,0,0,0,0,0,0,0,0,0,0,0
28172307,14182404,home,4,1,3,0,0,0,1,0,0,0,0,0,0
28172307,14182406,home,4,0,1,0,0,0,2,0,0,0,0,0,0
28172307,14182407,home,3,1,2,1,0,0,1,0,0,0,0,0,0
28172307,14182408,home,4,2,3,0,0,0,0,0,0,0,0,0,0
28172307,14182409,home,2,0,0,0,0,0,0,1,2,0,0,0,0
28172307,14182410,home,4,0,2,0,0,0,1,0,0,0,0,0,0
28172307,14182411,home,4,0,3,0,0,0,1,0,0,0,0,0,0
28172307,14182412,home,4,3,3,0,0,0,0,0,0,0,0,0,0
28172307,14182413,home,4,1,2,0,0,0,2,0,0,0,0,0,0
28172307,14182414,home,4,2,0,1,0,0,0,0,0,0,0,0,0
28172308,14182402,away,2,0,0,0,0,0,0,1,0,0,0,0,0
28172308,14182403,away,3,1,0,0,0,0,0,0,1,0,0,0,0
28172308,14182404,away,4,0,1,0,0,0,1,0,0,0,0,0,0
28172308,14182406,away,3,0,0,0,0,0,0,0,0,0,0,0,0
28172308,14182407,away,4,1,1,0,0,0,0,0,0,0,0,0,0
28172308,14182408,away,3,0,0,0,0,0,0,1,0,0,0,0,0
28172308,14182409,away,2,0,0,0,0,0,0,1,2,0,0,0,0
28172308,14182410,away,3,1,1,0,0,0,0,0,0,0,0,0,0
28172308,14182411,away,3,0,1,0,0,0,0,0,0,0,0,0,0
28172308,14182412,away,3,1,0,0,0,0,2,1,0,0,0,0,0
28172308,14182413,away,3,0,2,0,0,0,1,0,0,0,0,0,0
28172308,14182414,away,3,0,1,0,0,0,0,0,0,0,0,0,0
28172308,14182382,home,2,0,1,0,0,0,0,0,0,2,0,0,0
28172308,14182384,home,4,3,1,1,0,0,1,1,0,0,0,0,0
28172308,14182385,home,4,0,1,0,0,0,1,0,0,0,0,0,0
28172308,14182386,home,4,1,2,0,0,0,1,0,0,0,0,0,0
28172308,14182387,home,3,2,3,0,0,0,1,1,0,0,0,0,0
28172308,14182388,home,3,1,1,0,0,0,0,1,2,0,0,0,0
28172308,14182390,home,4,0,1,0,0,0,1,0,1,0,0,0,0
28172308,14182391,home,4,0,0,0,0,0,1,0,1,0,0,0,0
28172308,14182392,home,3,0,1,0,0,0,3,1,0,0,0,0,0
28172308,14182393,home,4,1,1,0,0,0,0,0,0,0,0,0,0
28172308,14182394,home,4,2,0,0,0,0,0,0,1,1,0,0,0
28172308,14182397,home,3,1,0,0,0,0,0,1,1,0,0,0,0
28717538,14440737,away,2,0,1,0,0,0,0,0,0,0,0,0,0
28717538,14440753,away,4,0,0,0,0,0,0,0,3,0,0,0,0
28717538,14440738,away,2,0,0,0,0,0,0,2,0,0,0,0,0
28717538,14440755,away,4,3,3,0,0,0,3,0,0,0,0,0,0
28717538,14440739,away,3,2,2,0,0,0,1,0,0,1,0,0,0
28717538,14440740,away,1,2,0,0,0,0,0,3,0,0,0,0,0
28717538,14440741,away,4,0,2,0,0,0,0,0,1,0,0,0,0
28717538,14440742,away,1,1,1,0,0,0,0,1,0,0,0,0,0
28717538,14440748,away,3,0,3,0,0,0,4,0,0,1,0,0,0
28717538,14440749,away,4,2,2,0,0,0,1,0,1,0,0,0,0
28717538,14440750,away,4,1,1,0,0,0,2,0,1,0,0,0,0
28717538,14440751,away,4,0,3,0,0,0,1,0,0,0,0,0,0
28717538,14440752,away,3,1,1,0,0,0,0,0,1,0,0,0,0
28717538,14440721,home,3,0,0,0,0,0,0,0,1,0,0,0,0
28717538,14440723,home,3,0,1,0,0,0,0,1,0,0,0,0,0
28717538,14440724,home,4,0,0,0,0,0,0,0,2,0,0,0,0
28717538,14440727,home,4,0,1,0,0,0,1,0,2,0,0,0,0
28717538,14440728,home,4,0,1,0,0,0,0,0,0,0,0,0,0
28717538,14440729,home,4,1,1,0,0,0,1,0,0,0,0,0,0
28717538,14440734,home,3,0,0,0,0,0,0,1,1,0,0,0,0
28717538,14440730,home,4,0,1,0,0,0,0,0,0,0,0,0,0
28717538,14440733,home,2,1,1,0,0,0,0,0,0,0,0,0,0
28717538,14440732,home,4,1,3,1,0,0,2,0,0,0,0,0,0
28717609,14440700,away,3,2,3,0,0,0,0,1,0,0,0,0,0
28717609,14440701,away,4,3,2,0,0,0,0,0,0,0,0,0,0
28717609,14440702,away,4,3,3,0,0,0,0,1,0,0,0,0,0
28717609,14440703,away,4,2,3,0,0,0,2,0,0,0,0,0,0
28717609,14440704,away,4,0,3,0,0,0,2,0,0,0,0,0,0
28717609,14440707,away,2,1,0,0,0,0,1,0,0,2,0,0,0
28717609,14440714,away,4,2,2,0,0,0,0,0,1,0,0,0,0
28717609,14440705,away,3,0,2,0,0,0,0,0,0,0,0,0,0
28717609,14440706,away,4,0,0,0,0,0,0,0,3,0,0,0,0
28717609,14440708,away,1,0,1,0,0,0,1,3,0,0,0,0,0
28717609,14440709,away,2,0,0,0,0,0,0,2,1,0,0,0,0
28717609,14440710,away,3,2,1,1,0,0,0,1,0,0,0,0,0
28717609,14440711,away,3,1,2,0,0,0,0,1,0,0,0,0,0
28717609,14440713,away,4,0,1,0,0,0,2,0,1,0,0,0,0
28717609,14440659,home,3,1,2,0,0,0,1,0,0,0,0,0,0
28717609,14440660,home,4,1,1,1,0,0,2,0,0,0,0,0,0
28717609,14440661,home,3,3,1,2,0,0,2,0,0,0,0,0,0
28717609,14440662,home,2,1,0,0,0,0,0,1,0,0,0,0,0
28717609,14440663,home,2,0,2,0,0,0,2,2,0,0,0,0,0
28717609,14440664,home,3,0,0,0,0,0,0,1,1,0,0,0,0
28717609,14440677,home,4,0,0,0,0,0,0,0,0,0,0,0,0
28717609,14440665,home,4,2,4,0,0,0,1,0,0,0,0,0,0
28717609,14440678,home,4,1,2,0,0,0,0,0,0,0,0,0,0
28717609,14440666,home,3,3,2,0,0,0,0,1,0,0,0,0,0
28717609,14440667,home,4,1,1,0,0,0,1,0,0,0,0,0,0
28717609,14440674,home,3,0,0,0,0,0,0,0,1,0,0,0,0
28717609,14440675,home,4,0,0,0,0,0,0,0,2,0,0,0,0
28717609,14440676,home,4,0,3,0,0,0,0,0,0,0,0,0,0
28717539,14440658,away,3,2,2,0,0,0,2,0,0,0,0,0,0
28717539,14440659,away,2,1,0,1,0,0,0,1,0,0,0,0,0
28717539,14440660,away,3,1,1,1,0,0,1,0,0,0,0,0,0
28717539,14440661,away,3,1,1,1,0,0,2,0,0,0,0,0,0
28717539,14440662,away,3,0,0,0,0,0,0,0,2,0,0,0,0
28717539,14440663,away,4,1,1,0,0,0,0,0,0,0,0,0,0
28717539,14440664,away,3,1,1,0,0,0,0,0,1,0,0,0,0
28717539,14440677,away,3,1,2,0,0,0,1,0,0,0,0,0,0
28717539,14440665,away,4,1,2,0,0,0,1,0,0,0,0,0,0
28717539,14440678,away,3,0,2,0,0,0,1,0,0,0,0,0,0
28717539,14440666,away,3,0,0,0,0,0,1,1,0,0,0,0,0
28717539,14440667,away,0,0,0,0,0,0,0,0,0,0,0,0,0
28717539,14440675,away,2,2,1,0,0,0,0,1,0,0,0,0,0
28717539,14440676,away,3,0,2,0,0,0,1,0,0,0,0,0,0
28717539,14440753,home,1,0,0,0,0,0,1,0,1,0,0,0,0
28717539,14440738,home,2,0,1,0,0,0,0,1,0,0,0,0,0
28717539,14440755,home,2,2,1,0,0,0,0,1,0,1,0,0,0
28717539,14440739,home,2,1,1,0,0,0,0,0,0,1,0,0,0
28717539,14440740,home,4,0,1,0,0,0,0,0,1,0,0,0,0
28717539,14440741,home,4,1,1,0,0,0,1,0,2,0,0,0,0
28717539,14440748,home,3,1,1,1,0,0,2,0,0,0,0,0,0
28717539,14440749,home,4,1,1,0,0,0,1,0,0,0,0,0,0
28717539,14440750,home,3,0,0,0,0,0,0,0,1,0,0,0,0
28717539,14440751,home,3,1,1,0,0,0,0,0,0,0,0,0,0
28717539,14440752,home,1,0,1,0,0,0,1,2,0,0,0,0,0
28717539,14440754,home,3,0,1,0,0,0,1,0,1,0,0,0,0
28717570,14440721,away,0,0,0,0,0,0,0,0,0,0,0,0,0
28717570,14440723,away,2,1,1,0,0,0,0,1,0,0,0,0,0
28717570,14440724,away,3,0,0,0,0,0,0,0,0,0,0,0,0
28717570,14440727,away,4,1,1,0,0,0,0,0,0,0,0,0,0
28717570,14440728,away,4,0,0,0,0,0,0,0,0,0,0,0,0
28717570,14440729,away,4,0,1,2,0,0,0,0,1,0,0,0,0
28717570,14440734,away,4,1,2,0,0,0,0,0,0,0,0,0,0
28717570,14440730,away,2,0,0,0,0,0,0,1,2,0,0,0,0
28717570,14440733,away,1,2,1,0,0,0,0,2,0,0,0,0,0
28717570,14440732,away,4,1,2,0,0,0,0,0,1,0,0,0,0
28717570,14440700,home,3,2,2,0,0,0,1,0,0,0,0,0,0
28717570,14440701,home,3,1,0,0,0,0,0,0,0,0,0,0,0
28717570,14440702,home,3,0,0,0,0,0,1,0,1,0,0,0,0
28717570,14440704,home,3,1,1,1,0,0,1,0,0,0,0,0,0
28717570,14440707,home,2,0,0,0,0,0,0,0,0,0,0,0,0
28717570,14440714,home,2,0,1,0,0,0,1,0,1,0,0,0,0
28717570,14440706,home,2,0,1,0,0,0,0,0,1,0,0,0,0
28717570,14440708,home,2,2,0,0,0,0,0,1,0,0,0,0,0
28717570,14440709,home,1,0,1,0,0,0,0,2,0,0,0,0,0
28717570,14440710,home,2,0,0,1,0,0,0,0,0,0,0,0,0
28717570,14440711,home,3,1,1,0,0,0,2,0,0,0,0,0,0
28717570,14440713,home,1,0,0,0,0,0,0,1,0,0,0,0,0
28717571,14440721,away,3,2,1,0,0,0,0,1,0,0,0,0,0
28717571,14440724,away,3,1,1,0,0,0,1,1,0,0,0,0,0
28717571,14440726,away,4,1,1,0,0,0,0,0,0,0,0,0,0
28717571,14440727,away,4,0,1,0,0,0,1,0,1,0,0,0,0
28717571,14440729,away,4,0,3,0,0,0,2,0,0,0,0,0,0
28717571,14469935,away,3,1,1,0,0,0,0,1,0,0,0,0,0
28717571,14440734,away,4,1,0,1,0,0,0,0,0,0,0,0,0
28717571,14440730,away,2,1,1,0,0,0,0,2,0,0,0,0,0
28717571,14440733,away,4,1,1,0,0,0,0,0,0,0,0,0,0
28717571,14440732,away,3,2,0,0,0,0,1,1,1,0,0,0,0
28717571,14440658,home,1,2,0,0,0,0,0,2,0,1,0,0,0
28717571,14440660,home,3,2,3,0,0,0,4,0,0,0,0,0,0
28717571,14440661,home,3,3,1,1,0,0,0,1,0,0,0,0,0
28717571,14440662,home,2,1,1,0,0,0,1,2,1,0,0,0,0
28717571,14440663,home,3,1,0,0,0,0,0,0,2,1,0,0,0
28717571,14440664,home,2,2,2,0,0,0,2,2,0,0,0,0,0
28717571,14440677,home,4,2,4,0,0,0,1,0,0,0,0,0,0
28717571,14440665,home,4,1,2,0,0,0,1,0,0,0,0,0,0
28717571,14440678,home,4,1,2,1,0,0,3,0,0,0,0,0,0
28717571,14440666,home,4,3,2,0,0,0,2,1,0,0,0,0,0
28717571,14440667,home,2,2,1,0,0,0,0,1,0,0,0,0,0
28717571,14440674,home,3,1,1,0,0,0,1,1,0,0,0,0,0
28717571,14440675,home,3,0,1,0,0,0,2,0,0,0,0,0,0
28717571,14440676,home,3,2,2,0,0,0,1,1,0,0,0,0,0
28717540,14440755,away,6,1,2,0,0,0,0,0,1,0,0,0,0
28717540,14440739,away,5,2,3,0,0,0,1,0,0,0,0,0,0
28717540,14440740,away,5,0,2,0,0,0,1,0,1,0,0,0,0
28717540,14440741,away,5,1,2,0,0,0,0,0,2,0,0,0,0
28717540,14440742,away,3,0,1,1,0,0,1,2,0,0,0,0,0
28717540,14440748,away,4,2,2,0,0,0,1,0,0,0,0,1,0
28717540,14440749,away,6,0,3,0,0,0,0,0,0,0,0,0,0
28717540,14440752,away,4,0,2,0,0,0,0,1,1,0,0,0,0
28717540,14440754,away,5,0,2,0,0,0,1,0,0,0,0,0,0
28717540,14440700,home,4,1,1,0,0,0,0,0,1,0,0,0,0
28717540,14440701,home,3,1,0,0,0,0,0,0,0,0,0,0,0
28717540,14440702,home,3,1,0,0,0,0,1,0,1,0,0,0,0
28717540,14440703,home,3,1,1,1,0,0,1,0,0,0,0,0,0
28717540,14440704,home,2,1,0,1,0,0,1,1,0,0,0,0,0
28717540,14440714,home,3,0,0,0,0,0,0,0,1,0,0,0,0
28717540,14440705,home,3,0,1,0,0,0,0,0,0,0,0,0,0
28717540,14440706,home,3,0,1,0,0,0,0,0,1,0,0,0,0
28717540,14440708,home,3,0,1,0,0,0,1,0,1,0,0,0,0
28717540,14440709,home,1,1,0,0,0,0,0,2,0,0,0,0,0
28717540,14440710,home,3,1,0,1,0,0,1,0,0,0,0,0,0
28717540,14440711,home,3,2,2,0,0,0,0,0,0,0,0,0,0
28717540,14440713,home,3,0,1,0,0,0,1,0,0,0,0,0,0
28717541,14440723,away,4,1,2,0,0,0,2,0,0,0,0,0,0
28717541,14440724,away,3,0,0,0,0,0,0,0,1,0,0,0,0
28717541,14440726,away,3,0,0,0,0,0,0,0,0,0,0,0,0
28717541,14440727,away,4,0,0,0,0,0,1,0,3,0,0,0,0
28717541,14440728,away,2,0,1,0,0,0,0,0,1,0,0,0,0
28717541,14440729,away,3,0,2,0,0,0,2,1,0,0,0,0,0
28717541,14469935,away,3,0,2,0,0,0,0,0,0,0,0,0,0
28717541,14440734,away,3,1,1,0,0,0,0,0,0,0,0,0,0
28717541,14440730,away,3,0,1,0,0,0,0,0,0,0,0,0,0
28717541,14440732,away,3,3,2,1,0,0,0,1,0,0,0,0,0
28717541,14440753,home,3,2,1,0,0,0,0,1,1,0,0,0,0
28717541,14440738,home,3,1,2,0,0,0,0,1,0,0,0,0,0
28717541,14440755,home,3,3,1,0,0,0,2,1,0,0,0,0,0
28717541,14440739,home,3,2,2,0,0,0,2,0,0,1,0,0,0
28717541,14440740,home,4,0,0,0,0,0,1,0,0,0,0,0,0
28717541,14440741,home,4,1,2,0,0,0,0,0,0,0,0,0,0
28717541,14440742,home,5,3,3,2,0,0,6,0,0,0,0,0,0
28717541,14440748,home,4,1,2,0,0,0,2,0,0,0,0,0,0
28717541,14440749,home,4,4,3,0,0,0,2,0,0,0,0,0,0
28717541,14440750,home,4,2,2,1,0,0,1,0,0,0,0,0,0
28717541,14440751,home,3,1,1,0,0,0,2,1,1,0,0,0,0
28717541,14440752,home,0,0,0,0,0,0,0,0,0,0,0,0,0
28717541,14440754,home,3,1,0,0,0,0,0,0,0,1,0,0,0
28717599,14440700,away,3,1,1,0,0,0,0,1,0,0,0,0,0
28717599,14440701,away,3,2,2,0,0,0,3,1,0,0,0,0,0
28717599,14440703,away,3,2,1,0,0,0,0,1,0,0,0,0,0
28717599,14440704,away,4,2,1,1,0,0,0,0,0,0,0,0,0
28717599,14440714,away,3,1,2,0,0,0,2,0,0,1,0,0,0
28717599,14440705,away,4,0,3,0,0,0,3,0,1,0,0,0,0
28717599,14440706,away,4,0,0,0,0,0,0,0,0,0,0,0,0
28717599,14440708,away,4,0,1,0,0,0,1,0,1,0,0,0,0
28717599,14440709,away,3,2,2,0,0,0,1,1,1,0,0,0,0
28717599,14440710,away,4,1,1,0,0,0,0,0,0,0,0,0,0
28717599,14440711,away,4,2,2,0,0,0,1,0,1,0,0,0,0
28717599,14440658,home,3,0,1,0,0,0,1,1,0,0,0,0,0
28717599,14440660,home,4,4,0,4,0,0,5,1,0,0,0,0,0
28717599,14440661,home,3,1,0,0,0,0,1,1,3,0,0,0,0
28717599,14440662,home,4,1,0,0,0,0,0,1,0,0,0,0,0
28717599,14440663,home,3,1,2,0,0,0,1,0,0,1,0,0,0
28717599,14440677,home,5,1,3,0,0,0,0,0,0,0,0,0,0
28717599,14440665,home,5,4,2,0,0,0,2,0,0,0,0,0,0
28717599,14440678,home,5,1,4,0,0,0,1,0,0,0,0,0,0
28717599,14440666,home,5,5,3,1,0,0,1,0,0,0,0,0,0
28717599,14440667,home,4,0,1,0,0,0,0,1,1,0,0,0,0
28717599,14440674,home,4,1,1,0,0,0,0,1,1,0,0,0,0
28717599,14440676,home,3,0,1,0,0,0,2,0,0,0,0,0,0
28717572,14440700,away,3,0,1,0,0,0,0,0,1,0,0,0,0
28717572,14440701,away,2,1,0,0,0,0,0,1,0,0,0,0,0
28717572,14440702,away,2,0,0,0,0,0,0,0,1,0,0,0,0
28717572,14440703,away,3,1,2,0,0,0,0,0,0,0,0,0,0
28717572,14440704,away,3,2,1,1,0,0,2,0,0,0,0,0,0
28717572,14440714,away,3,0,2,0,0,0,2,0,0,0,0,0,0
28717572,14440705,away,3,2,2,0,0,0,0,0,0,0,0,0,0
28717572,14440706,away,3,0,1,0,0,0,0,0,0,0,0,0,0
28717572,14440709,away,2,1,1,0,0,0,0,1,0,0,0,0,0
28717572,14440710,away,3,0,1,0,0,0,0,0,1,0,0,0,0
28717572,14440711,away,3,1,2,0,0,0,1,0,0,0,0,0,0
28717572,14440713,away,3,0,0,0,0,0,0,0,0,0,0,0,0
28717572,14440723,home,3,0,1,0,0,0,0,1,0,0,0,0,0
28717572,14440726,home,4,2,2,0,0,0,1,0,0,0,0,0,0
28717572,14440728,home,4,1,2,0,0,0,2,0,0,0,0,0,0
28717572,14440729,home,3,2,1,1,0,0,0,1,0,0,0,0,0
28717572,14469935,home,4,0,1,0,0,0,1,0,0,0,0,0,0
28717572,14440734,home,3,1,1,0,0,0,1,0,0,1,0,0,0
28717572,14440730,home,4,0,2,0,0,0,0,0,0,0,0,0,0
28717572,14440733,home,4,2,2,0,1,0,2,0,0,0,0,0,0
28717542,14440658,away,1,1,0,0,0,0,1,2,0,0,0,0,0
28717542,14440660,away,2,1,2,0,0,0,2,1,0,1,0,0,0
28717542,14440661,away,3,1,1,1,0,0,2,0,0,0,0,0,0
28717542,14440663,away,3,1,1,0,0,0,1,0,2,0,0,0,0
28717542,14440664,away,2,2,2,0,0,0,0,1,0,0,0,0,0
28717542,14440677,away,4,1,2,0,0,0,0,0,0,0,0,0,0
28717542,14440665,away,2,1,1,0,0,0,0,2,1,0,0,0,0
28717542,14440678,away,4,2,2,0,0,0,2,0,0,0,0,0,0
28717542,14440666,away,4,0,2,0,0,0,2,0,0,0,0,0,0
28717542,14440667,away,3,0,2,0,0,0,2,0,0,0,0,0,0
28717542,14440674,away,2,1,1,0,0,0,0,1,0,0,0,0,0
28717542,14440676,away,4,0,1,0,0,0,0,0,0,0,0,0,0
28717542,14440753,home,1,0,0,0,0,0,0,0,0,0,0,0,0
28717542,14440738,home,2,0,0,0,0,0,0,0,1,0,0,0,0
28717542,14440755,home,2,1,1,0,0,0,0,1,0,0,0,0,0
28717542,14440739,home,3,1,1,1,0,0,2,0,0,0,0,0,0
28717542,14440740,home,3,0,0,0,0,0,0,0,1,0,0,0,0
28717542,14440741,home,3,0,1,0,0,0,0,0,0,0,0,0,0
28717542,14440742,home,1,0,1,0,0,0,0,1,0,0,0,0,0
28717542,14440748,home,2,0,1,0,0,0,0,0,0,0,0,0,0
28717542,14440749,home,2,1,2,0,0,0,0,0,0,1,0,0,0
28717542,14440750,home,3,1,0,1,0,0,0,0,0,0,0,0,0
28717542,14440751,home,3,0,0,1,0,0,2,0,0,0,0,0,0
28717542,14440754,home,2,0,0,0,0,0,0,0,0,0,0,0,0
28717573,14440658,away,3,1,0,1,0,0,0,0,0,0,0,0,0
28717573,14440659,away,4,1,1,0,0,0,2,0,0,0,0,0,0
28717573,14440660,away,4,2,2,0,1,0,1,0,1,0,0,0,0
28717573,14440661,away,3,1,2,0,0,0,0,0,0,1,0,0,0
28717573,14440662,away,3,1,1,0,0,0,0,0,1,0,0,0,0
28717573,14440663,away,0,0,0,0,0,0,0,0,0,0,0,0,0
28717573,14440677,away,4,1,1,0,0,0,0,0,1,0,0,0,0
28717573,14440665,away,3,2,1,0,0,0,1,0,0,1,0,0,0
28717573,14440666,away,4,3,4,0,0,0,2,0,0,0,0,0,0
28717573,14440667,away,3,0,1,0,0,0,1,0,0,0,0,0,0
28717573,14440674,away,4,2,1,0,0,0,0,0,1,0,0,0,0
28717573,14440675,away,2,0,0,0,0,0,1,2,2,0,0,0,0
28717573,14440676,away,4,0,1,0,0,0,0,0,0,0,0,0,0
28717573,14440723,home,5,1,2,0,0,0,0,0,0,0,0,0,0
28717573,14440724,home,3,0,0,0,0,0,0,0,0,0,0,0,0
28717573,14440726,home,4,1,2,0,0,0,0,1,0,0,0,0,0
28717573,14440727,home,4,0,1,0,0,0,0,1,2,0,0,0,0
28717573,14440728,home,4,1,1,0,0,0,0,0,2,0,0,0,0
28717573,14440729,home,5,2,2,1,0,0,3,0,0,0,0,0,0
28717573,14469935,home,4,0,2,0,0,0,0,0,1,1,0,0,0
28717573,14440734,home,5,2,1,0,0,0,0,0,0,0,0,0,0
28717573,14440733,home,3,2,1,0,1,0,1,2,0,0,0,0,0
28717543,14440702,away,5,2,1,0,0,0,0,1,0,0,0,0,0
28717543,14440704,away,6,2,3,0,0,0,1,0,0,0,0,0,0
28717543,14440714,away,5,1,3,0,0,0,0,1,0,0,0,0,0
28717543,14440705,away,6,0,2,0,0,0,0,1,1,0,0,0,0
28717543,14440709,away,3,2,2,0,0,0,1,3,1,0,0,0,0
28717543,14440710,away,6,1,2,0,0,0,2,0,0,0,0,0,0
28717543,14440711,away,5,2,2,0,0,0,1,1,1,0,0,0,0
28717543,14440713,away,6,0,0,0,0,0,0,0,1,0,0,0,0
28717543,14440738,home,4,0,2,0,0,0,3,0,1,1,0,0,0
28717543,14440755,home,5,3,3,0,0,0,1,0,0,0,0,0,0
28717543,14440739,home,4,3,2,0,0,0,1,0,0,1,0,0,0
28717543,14440740,home,4,0,2,0,0,0,1,0,0,0,0,0,0
28717543,14440741,home,5,1,2,0,0,0,1,0,1,0,0,0,0
28717543,14440748,home,4,0,2,0,0,0,0,1,0,0,0,0,0
28717543,14440749,home,6,2,1,0,0,0,0,0,1,0,0,0,0
28717543,14440751,home,5,0,1,0,0,0,0,0,0,0,0,0,0
28717543,14440754,home,4,0,1,0,0,0,1,1,0,0,0,0,0
28717600,14440658,away,3,2,1,1,0,0,0,1,0,0,0,0,0
28717600,14440659,away,4,1,2,0,0,0,1,0,1,1,0,0,0
28717600,14440660,away,4,2,3,0,0,0,2,0,0,1,0,0,0
28717600,14440662,away,5,1,3,0,0,0,1,0,0,0,0,0,0
28717600,14440663,away,5,0,0,0,0,0,1,0,1,0,0,0,0
28717600,14440677,away,5,0,3,1,0,0,5,0,0,0,0,0,0
28717600,14440665,away,5,2,3,0,0,0,2,0,1,0,0,0,0
28717600,14440666,away,3,3,1,0,0,0,1,2,0,0,0,0,0
28717600,14440667,away,1,0,1,0,0,0,0,0,0,0,0,0,0
28717600,14440674,away,5,0,1,0,0,0,0,0,4,0,0,0,0
28717600,14440675,away,4,0,0,0,0,0,0,0,0,0,0,0,0
28717600,14440676,away,4,2,1,0,0,0,0,1,0,0,0,0,0
28717600,14440700,home,4,1,1,0,0,0,0,0,1,0,0,0,0
28717600,14440702,home,4,1,1,0,0,0,0,0,0,0,0,0,0
28717600,14440703,home,4,1,1,0,0,0,0,0,0,0,0,0,0
28717600,14440704,home,3,1,1,1,0,0,0,1,0,0,0,0,0
28717600,14440714,home,3,0,0,0,0,0,0,1,0,0,0,0,0
28717600,14440705,home,4,0,1,0,0,0,0,0,0,0,0,0,0
28717600,14440708,home,4,1,1,0,0,0,0,0,0,0,0,0,0
28717600,14440709,home,3,1,1,0,0,0,1,0,0,0,0,0,0
28717600,14440710,home,4,1,1,0,0,0,0,0,1,0,0,0,0
28717600,14440711,home,4,1,3,0,0,0,0,0,0,0,0,0,0
28717600,14440712,home,4,0,0,0,0,0,1,0,2,0,0,0,0
28717600,14440713,home,3,0,0,0,0,0,0,0,0,0,0,0,0
28717544,14440723,away,3,1,1,0,0,0,0,1,1,0,0,0,0
28717544,14440724,away,4,0,0,0,0,0,1,0,1,0,0,0,0
28717544,14440726,away,4,1,0,1,0,0,0,1,0,0,0,0,0
28717544,14440727,away,3,0,0,0,0,0,0,0,2,1,0,0,0
28717544,14440728,away,4,0,0,0,0,0,1,0,1,0,0,0,0
28717544,14469935,away,4,1,1,0,0,0,1,0,0,0,0,0,0
28717544,14440734,away,4,2,3,0,0,0,1,0,0,0,0,0,0
28717544,14440730,away,4,1,1,0,0,0,1,0,0,0,0,0,0
28717544,14440733,away,5,1,1,1,0,0,0,0,2,0,0,0,0
28717544,14440732,away,4,0,1,0,0,0,0,1,1,0,0,0,0
28717544,14440738,home,3,2,2,0,0,0,2,2,0,0,0,0,0
28717544,14440755,home,6,2,2,0,0,0,2,0,1,0,0,0,0
28717544,14440739,home,6,2,5,1,0,0,4,0,0,0,0,0,0
28717544,14440740,home,6,1,0,0,0,0,0,0,1,0,0,0,0
28717544,14440741,home,6,3,4,0,0,0,1,0,0,0,0,0,0
28717544,14440748,home,5,0,1,2,0,0,3,1,1,0,0,0,0
28717544,14440749,home,4,3,0,0,0,0,1,2,2,0,0,0,0
28717544,14440751,home,4,3,1,0,0,0,1,2,0,0,0,0,0
28717544,14440752,home,0,0,0,0,0,0,0,0,0,0,0,0,0
28717544,14440754,home,2,2,0,0,0,0,1,3,0,0,0,0,0
28717545,14440753,away,0,0,0,0,0,0,0,1,0,0,0,0,0
28717545,14440738,away,3,2,1,0,0,0,1,1,0,1,0,0,0
28717545,14440755,away,6,2,3,0,0,0,1,0,0,0,0,0,0
28717545,14440739,away,5,3,1,2,0,0,4,1,0,0,0,0,0
28717545,14440740,away,5,0,0,0,0,0,1,0,0,0,0,0,0
28717545,14440741,away,5,2,2,0,0,0,3,0,1,0,0,0,0
28717545,14440742,away,4,3,0,2,0,0,1,1,0,0,0,0,0
28717545,14440748,away,4,2,3,0,0,0,3,2,0,0,0,0,0
28717545,14440749,away,5,3,1,0,0,0,1,0,0,1,0,0,0
28717545,14440751,away,4,2,2,0,0,0,3,1,1,0,0,0,0
28717545,14440752,away,5,2,4,0,0,0,1,0,1,0,0,0,0
28717545,14440754,away,4,1,2,0,0,0,3,1,0,0,0,0,0
28717545,14440658,home,4,0,1,0,0,0,0,0,1,0,0,0,0
28717545,14440659,home,3,0,1,0,0,0,0,1,0,0,0,0,0
28717545,14440660,home,4,2,3,0,0,0,1,0,0,0,0,0,0
28717545,14440661,home,4,0,1,0,0,0,0,0,0,0,0,0,0
28717545,14440662,home,4,0,2,0,0,0,2,0,0,0,0,0,0
28717545,14440677,home,3,1,0,0,0,0,1,0,0,0,0,0,0
28717545,14440665,home,4,2,2,0,0,0,0,1,1,0,0,0,0
28717545,14440678,home,2,1,0,0,0,0,0,1,0,1,0,0,0
28717545,14440666,home,4,2,2,0,0,0,0,0,1,0,0,0,0
28717545,14440667,home,0,0,0,0,0,0,0,0,0,0,0,0,0
28717545,14440674,home,3,0,1,0,0,0,1,0,1,0,0,0,0
28717545,14440675,home,4,0,1,0,0,0,1,0,0,0,0,0,0
28717574,14440700,away,4,1,1,0,0,0,0,0,0,0,0,0,0
28717574,14440701,away,4,0,0,0,0,0,0,0,0,0,0,0,0
28717574,14440703,away,6,1,3,0,0,0,2,0,1,0,0,0,0
28717574,14440704,away,4,0,2,0,0,0,0,0,0,0,0,0,0
28717574,14440714,away,3,1,1,0,0,0,0,1,0,0,0,0,0
28717574,14440705,away,3,0,1,0,0,0,0,0,0,1,0,0,0
28717574,14440706,away,3,0,0,0,0,0,0,0,2,0,0,0,0
28717574,14440708,away,4,2,2,0,0,0,0,0,0,0,0,0,0
28717574,14440709,away,5,2,4,0,0,0,0,0,0,0,0,0,0
28717574,14440710,away,1,0,1,0,0,0,0,1,0,1,0,0,0
28717574,14440711,away,4,0,2,0,0,0,0,0,0,0,0,0,0
28717574,14440712,away,3,0,1,0,0,0,0,0,0,0,0,0,0
28717574,14440713,away,2,0,0,0,0,0,0,1,1,0,0,0,0
28717574,14440723,home,0,0,0,0,0,0,0,0,0,0,0,0,0
28717574,14440724,home,5,1,1,0,0,0,0,0,1,0,0,0,0
28717574,14497536,home,5,1,1,0,0,0,0,0,0,0,0,0,0
28717574,14440727,home,5,1,2,0,0,0,3,0,2,0,0,0,0
28717574,14440729,home,3,1,1,0,1,0,2,2,0,0,0,0,0
28717574,14440734,home,6,2,3,0,0,0,0,0,0,0,0,0,0
28717574,14440732,home,5,2,3,1,0,0,0,1,0,0,0,0,0
28717546,14440700,away,4,0,0,0,0,0,0,0,0,0,0,0,0
28717546,14440701,away,3,0,1,0,0,0,0,0,0,0,0,0,0
28717546,14440702,away,3,1,3,0,0,0,0,0,0,0,0,0,0
28717546,14440703,away,4,0,1,0,0,0,0,0,1,0,0,0,0
28717546,14440705,away,2,0,1,0,0,0,0,1,0,0,0,0,0
28717546,14440706,away,2,0,0,0,0,0,0,0,0,0,0,0,0
28717546,14440708,away,2,0,0,0,0,0,0,1,0,0,0,0,0
28717546,14440709,away,3,0,0,0,0,0,0,0,1,0,0,0,0
28717546,14440711,away,4,0,2,0,0,0,0,0,0,0,0,0,0
28717546,14440712,away,3,0,0,0,0,0,0,0,1,0,0,0,0
28717546,14440713,away,2,1,0,0,0,0,0,1,0,0,0,0,0
28717546,14440753,home,2,1,1,0,0,0,0,0,0,0,0,0,0
28717546,14440738,home,2,0,1,0,0,0,1,1,0,0,0,0,0
28717546,14440755,home,4,2,1,2,0,0,1,0,0,0,0,0,0
28717546,14440739,home,3,2,0,1,0,0,2,0,0,1,0,0,0
28717546,14440740,home,3,1,1,0,0,0,0,0,0,0,0,0,0
28717546,14440741,home,3,1,1,0,0,0,0,1,0,0,0,0,0
28717546,14440742,home,3,2,1,0,0,0,1,1,0,0,0,0,0
28717546,14440748,home,2,2,0,2,0,0,4,1,0,1,0,0,0
28717546,14440749,home,4,2,2,1,0,0,0,0,1,0,0,0,0
28717546,14440751,home,2,0,1,0,0,0,0,1,0,0,0,0,0
28717546,14440752,home,2,0,1,0,0,0,2,1,0,0,0,0,0
28717546,14440754,home,2,1,0,0,0,0,0,1,0,0,0,0,0
28717575,14440658,away,1,2,1,0,0,0,0,2,0,0,0,0,0
28717575,14440659,away,2,1,0,0,0,0,1,1,1,0,0,0,0
28717575,14440660,away,4,2,3,1,0,0,4,0,0,0,0,0,0
28717575,14440661,away,2,1,0,0,0,0,0,0,0,1,0,0,0
28717575,14440663,away,3,0,0,0,0,0,0,0,1,0,0,0,0
28717575,14440677,away,3,1,1,0,0,0,1,1,0,0,0,0,0
28717575,14440665,away,4,3,3,1,0,0,3,0,0,0,0,0,0
28717575,14440678,away,4,1,3,0,0,0,1,0,0,0,0,0,0
28717575,14440666,away,4,3,2,1,0,0,0,0,1,0,0,0,0
28717575,14440667,away,1,0,0,0,0,0,0,0,0,0,0,0,0
28717575,14440674,away,3,0,2,0,0,0,0,0,0,0,0,0,0
28717575,14440675,away,1,1,0,0,0,0,0,1,0,0,0,0,0
28717575,14440676,away,4,0,1,0,0,0,2,0,0,0,0,0,0
28717575,14440723,home,0,0,0,0,0,0,0,0,0,0,0,0,0
28717575,14440724,home,4,0,1,0,0,0,1,0,1,0,0,0,0
28717575,14497536,home,4,2,2,0,0,0,1,1,0,0,0,0,0
28717575,14440727,home,4,1,2,0,0,0,0,0,2,0,0,0,0
28717575,14440728,home,4,0,0,0,0,0,0,0,0,0,0,0,0
28717575,14440729,home,5,3,1,2,0,0,1,0,0,0,0,0,0
28717575,14469935,home,4,0,2,0,0,0,1,0,1,0,0,0,0
28717575,14440730,home,2,1,0,0,0,0,1,2,0,0,0,0,0
28717575,14502979,home,4,1,1,1,0,0,0,0,0,0,0,0,0
28717575,14440733,home,3,2,2,0,0,0,1,1,0,0,0,1,0
28717575,14440732,home,4,3,2,0,0,0,0,1,0,0,0,0,0
28717547,14440753,away,2,0,1,0,0,0,0,0,1,0,0,0,0
28717547,14440755,away,5,0,1,0,0,0,0,0,0,0,0,0,0
28717547,14440739,away,5,3,2,1,0,0,1,0,0,0,0,0,0
28717547,14440740,away,4,0,3,0,0,0,0,0,0,0,0,0,0
28717547,14440741,away,5,1,0,0,0,0,1,0,0,0,0,0,0
28717547,14440742,away,5,2,1,0,0,0,1,0,0,0,0,0,0
28717547,14440748,away,5,1,5,0,0,0,4,0,0,0,0,0,0
28717547,14440749,away,5,2,2,0,0,0,1,0,0,0,0,0,0
28717547,14440751,away,5,1,3,0,0,0,2,0,0,0,0,0,0
28717547,14440754,away,4,0,2,0,0,0,0,1,1,0,0,0,0
28717547,14440724,home,4,0,1,0,0,0,0,1,0,0,0,0,0
28717547,14497536,home,5,1,1,1,0,0,0,0,0,0,0,0,0
28717547,14440727,home,5,1,2,0,0,0,0,0,1,0,0,0,0
28717547,14440728,home,4,1,2,0,0,0,0,0,0,0,0,0,0
28717547,14469935,home,4,0,1,0,0,0,2,0,0,0,0,1,0
28717547,14440730,home,4,0,1,0,0,0,0,0,0,0,0,0,0
28717547,14440732,home,4,1,3,0,0,0,0,1,0,0,0,0,0
28717576,14440724,away,6,2,2,0,0,0,0,0,0,0,0,0,0
28717576,14440726,away,6,1,2,0,0,0,3,0,0,0,0,0,0
28717576,14440727,away,6,0,1,0,0,0,1,0,1,0,0,0,0
28717576,14440728,away,6,0,2,0,0,0,1,0,0,0,0,0,0
28717576,14440729,away,0,0,0,0,0,0,0,0,0,0,0,0,0
28717576,14469935,away,6,2,2,1,0,0,2,0,0,0,0,0,0
28717576,14440734,away,7,5,3,1,0,0,1,0,0,0,0,0,0
28717576,14440732,away,7,4,3,2,0,0,1,0,0,0,0,0,0
28717576,14440701,home,5,3,3,0,0,0,2,0,0,1,0,0,0
28717576,14440703,home,6,3,3,0,0,0,2,0,0,0,0,0,0
28717576,14440704,home,6,2,1,2,0,0,0,0,0,0,0,0,0
28717576,14440714,home,6,0,3,0,0,0,3,0,1,0,0,0,0
28717576,14440705,home,6,1,3,0,0,0,2,0,0,0,0,0,0
28717576,14440708,home,4,1,1,0,0,0,0,2,1,0,0,0,0
28717576,14440709,home,2,1,0,0,0,0,0,2,0,0,0,0,0
28717576,14440710,home,6,1,2,0,0,0,0,0,1,0,0,0,0
28717576,14440713,home,6,1,2,0,0,0,0,0,1,0,0,0,0
28717548,14440755,away,3,2,1,0,0,0,1,1,0,1,0,0,0
28717548,14440739,away,4,4,1,1,0,0,0,1,0,0,0,0,0
28717548,14440740,away,5,0,1,0,0,0,0,0,0,0,0,0,0
28717548,14440741,away,4,3,1,1,0,0,0,1,0,0,0,0,0
28717548,14440748,away,5,3,3,1,0,0,5,0,0,0,0,0,0
28717548,14440749,away,4,2,2,0,0,0,0,1,0,0,0,0,0
28717548,14440751,away,4,1,2,2,0,0,4,0,0,0,0,0,0
28717548,14440752,away,5,0,4,0,0,0,3,0,0,0,0,0,0
28717548,14440754,away,5,0,1,0,0,0,0,0,1,0,0,0,0
28717548,14440659,home,4,0,0,0,0,0,0,0,0,0,0,0,0
28717548,14440660,home,4,1,1,0,0,0,0,0,0,0,0,0,0
28717548,14440661,home,4,0,1,0,0,0,0,0,2,0,0,0,0
28717548,14440663,home,3,0,0,0,0,0,0,0,1,0,0,0,0
28717548,14440677,home,4,0,1,2,0,0,0,0,0,0,0,0,0
28717548,14440678,home,4,1,2,0,0,0,0,0,1,0,0,0,0
28717548,14440674,home,4,0,2,0,0,0,0,0,0,0,0,0,0
28717548,14440676,home,4,1,2,0,0,0,1,0,0,0,0,0,0
28717577,14440723,away,4,1,0,0,0,0,0,1,2,0,0,0,0
28717577,14440724,away,3,1,0,0,0,0,0,0,0,1,0,0,0
28717577,14497536,away,4,1,0,0,0,0,0,1,0,0,0,0,0
28717577,14440726,away,5,1,3,0,0,0,1,0,0,0,0,0,0
28717577,14440727,away,4,0,0,0,0,0,0,0,0,0,0,0,0
28717577,14440728,away,3,0,3,0,0,0,0,1,0,0,0,0,0
28717577,14469935,away,4,1,1,1,0,0,0,0,1,0,0,0,0
28717577,14440734,away,4,2,1,1,0,0,0,1,0,0,0,0,0
28717577,14502979,away,4,0,1,0,0,0,0,0,0,0,0,0,0
28717577,14440660,home,4,4,3,0,0,0,5,0,0,1,0,0,0
28717577,14440661,home,3,2,1,0,0,0,0,1,0,0,0,0,0
28717577,14440663,home,2,0,0,0,0,0,0,0,1,2,0,0,0
28717577,14440677,home,5,0,2,0,0,0,0,0,0,0,0,0,0
28717577,14440665,home,5,3,1,1,0,0,0,0,1,0,0,0,0
28717577,14440678,home,4,0,3,0,0,0,2,0,0,0,0,1,0
28717577,14440666,home,5,5,3,0,1,0,0,0,0,0,0,0,0
28717577,14440674,home,5,0,3,0,0,0,0,0,0,0,0,0,0
28717577,14440676,home,4,3,3,0,0,0,3,1,0,0,0,0,0
28717549,14440753,away,4,0,0,0,0,0,0,0,2,0,0,0,0
28717549,14440738,away,3,0,0,0,0,0,0,1,1,0,0,0,0
28717549,14440755,away,2,0,0,0,0,0,0,2,0,0,0,0,0
28717549,14440739,away,4,3,1,2,0,0,2,0,0,0,0,0,0
28717549,14440740,away,4,0,3,0,0,0,1,0,0,0,0,0,0
28717549,14440741,away,5,2,2,0,0,0,0,0,1,0,0,0,0
28717549,14440742,away,4,2,2,0,0,0,1,0,0,0,0,0,0
28717549,14440748,away,4,2,3,1,0,0,5,0,0,0,0,0,0
28717549,14440749,away,4,0,2,0,0,0,2,0,1,0,0,0,0
28717549,14440751,away,2,2,0,0,0,0,0,1,0,0,0,0,0
28717549,14440752,away,3,1,1,0,0,0,1,0,0,0,0,0,0
28717549,14440754,away,4,0,1,0,0,0,0,0,0,0,0,0,0
28717549,14440700,home,3,1,1,1,0,0,2,0,1,0,0,0,0
28717549,14440701,home,3,0,0,0,0,0,0,0,0,0,0,0,0
28717549,14440702,home,2,2,1,0,0,0,0,1,0,0,0,0,0
28717549,14440703,home,3,0,2,0,0,0,2,0,1,0,0,0,0
28717549,14440704,home,3,3,2,0,1,0,1,0,0,0,0,0,0
28717549,14440714,home,2,2,1,0,0,0,0,1,1,0,0,0,0
28717549,14440705,home,3,0,1,0,0,0,0,0,0,0,0,0,0
28717549,14440706,home,3,0,1,0,0,0,1,0,0,0,0,0,0
28717549,14440708,home,4,2,0,1,1,0,0,0,0,0,0,0,0
28717549,14440709,home,2,0,0,0,0,0,0,0,0,1,0,0,0
28717549,14440710,home,3,3,2,0,0,0,0,0,1,0,0,0,0
28717549,14440711,home,4,0,0,0,0,0,0,0,0,0,0,0,0
28717549,14440712,home,3,1,2,0,0,0,0,0,0,0,0,0,0
28717549,14440713,home,3,0,1,0,0,0,0,0,1,0,0,0,0
28717626,14440755,away,4,2,1,1,0,0,0,2,1,0,0,0,0
28717626,14440739,away,5,2,4,1,0,0,0,0,0,1,0,0,0
28717626,14440740,away,5,1,0,0,0,0,1,0,2,1,0,0,0
28717626,14440741,away,4,3,2,0,0,0,0,2,0,0,0,0,0
28717626,14440748,away,6,1,3,0,0,0,1,0,0,0,0,0,0
28717626,14440749,away,5,1,2,0,0,0,2,1,0,0,0,0,0
28717626,14440751,away,6,1,2,0,0,0,2,0,1,0,0,0,0
28717626,14440752,away,3,1,1,0,0,0,2,0,2,0,0,1,0
28717626,14440754,away,2,0,0,0,0,0,1,0,1,1,0,0,0
28717626,14440723,home,3,1,1,0,0,0,0,0,1,0,0,0,0
28717626,14440724,home,3,0,0,0,0,0,0,0,2,0,0,0,0
28717626,14497536,home,4,1,1,0,0,0,0,0,0,0,0,0,0
28717626,14440726,home,3,0,0,0,0,0,0,0,1,0,0,0,0
28717626,14440728,home,3,0,1,0,0,0,0,0,0,0,0,0,0
28717626,14440729,home,3,1,1,0,0,0,0,0,0,0,0,0,0
28717626,14469935,home,4,1,1,0,0,0,0,0,1,0,0,0,0
28717626,14440734,home,2,1,1,0,0,0,0,0,0,1,0,0,0
28717626,14502979,home,2,0,0,0,0,0,0,1,0,0,0,0,0
28717626,14440733,home,3,0,1,0,0,0,1,0,0,0,0,0,0
28717626,14440732,home,4,1,2,0,0,0,2,0,1,0,0,0,0
28717602,14440700,away,3,1,2,0,0,0,0,1,0,0,0,0,0
28717602,14440701,away,2,2,0,0,0,0,0,2,0,0,0,0,0
28717602,14440702,away,3,1,1,0,0,0,1,1,0,0,0,0,0
28717602,14440703,away,3,3,1,0,1,0,3,1,0,0,0,0,0
28717602,14440704,away,2,3,0,1,1,0,3,1,0,1,0,0,0
28717602,14440714,away,3,1,0,1,0,0,4,1,1,0,0,0,0
28717602,14440705,away,4,0,2,1,0,0,3,0,0,0,0,0,0
28717602,14440706,away,3,1,1,0,0,0,1,1,0,0,0,0,0
28717602,14440708,away,3,1,1,1,0,0,1,1,0,0,0,0,0
28717602,14440709,away,1,3,0,0,0,0,0,2,1,1,0,0,0
28717602,14440710,away,3,2,1,0,0,0,0,1,0,0,0,0,0
28717602,14440711,away,3,3,2,1,0,0,3,1,0,0,0,0,0
28717602,14440712,away,3,2,2,0,0,0,2,0,0,0,0,0,0
28717602,14440713,away,3,1,2,0,0,0,1,1,0,0,0,0,0
28717602,14440658,home,3,4,1,1,0,0,0,1,0,1,0,0,0
28717602,14440659,home,4,1,2,0,0,0,0,0,1,0,0,0,0
28717602,14440660,home,3,3,2,0,0,1,5,0,0,0,0,0,0
28717602,14440661,home,5,0,1,0,1,0,1,0,1,0,0,1,0
28717602,14440663,home,4,0,0,0,0,0,0,0,0,0,0,0,0
28717602,14440665,home,5,2,1,1,0,0,0,0,0,0,0,0,0
28717602,14440678,home,5,1,2,1,0,0,3,0,0,0,0,0,0
28717602,14440666,home,3,2,1,0,0,0,1,1,0,1,0,0,0
28717602,14440674,home,4,1,1,0,0,0,0,0,3,0,0,0,0
28717551,14440659,away,2,0,1,0,0,0,0,0,0,1,0,0,0
28717551,14440660,away,4,1,2,1,0,0,1,0,0,0,0,0,0
28717551,14440661,away,3,1,0,0,0,0,0,0,1,0,0,0,0
28717551,14440663,away,3,0,0,0,0,0,0,0,1,0,0,0,0
28717551,14440677,away,4,0,2,0,0,0,1,0,0,0,0,0,0
28717551,14440665,away,4,1,1,0,0,0,1,0,1,0,0,0,0
28717551,14440666,away,4,2,2,0,0,0,0,0,1,0,0,0,0
28717551,14440667,away,3,0,0,0,0,0,0,0,0,0,0,0,0
28717551,14440674,away,2,0,0,0,0,0,0,1,1,0,0,0,0
28717551,14440676,away,4,0,1,0,0,0,0,0,1,0,0,0,0
28717551,14440738,home,1,1,0,0,0,0,0,3,0,0,0,0,0
28717551,14440755,home,5,3,3,0,0,0,1,0,0,0,0,0,0
28717551,14440739,home,5,3,3,1,0,0,1,0,0,0,0,0,0
28717551,14440740,home,4,0,1,0,0,0,1,0,1,0,0,0,0
28717551,14440741,home,5,1,2,0,0,0,2,0,0,0,0,0,0
28717551,14440748,home,4,2,2,1,0,0,2,1,0,0,0,0,0
28717551,14440749,home,5,2,1,0,0,0,1,0,0,0,0,0,0
28717551,14440751,home,5,2,3,1,0,0,4,0,0,0,0,0,0
28717551,14440752,home,3,1,0,0,0,0,2,1,1,1,0,0,0
28717551,14440754,home,2,1,0,0,0,0,1,0,0,0,0,0,0
28717578,14440723,away,4,1,3,0,0,0,1,1,0,0,0,0,0
28717578,14440724,away,5,1,1,0,0,0,0,0,1,0,0,0,0
28717578,14497536,away,4,1,0,0,0,0,1,1,0,0,0,0,0
28717578,14440726,away,5,1,2,0,0,0,0,0,1,0,0,0,0
28717578,14440727,away,5,2,2,0,0,0,0,0,0,0,0,0,0
28717578,14440728,away,5,1,2,0,0,0,1,0,0,0,0,0,0
28717578,14440729,away,5,3,4,1,0,0,4,0,0,0,0,0,0
28717578,14469935,away,4,1,1,1,0,0,0,1,1,0,0,0,0
28717578,14440734,away,4,3,3,0,0,0,0,0,0,0,0,0,0
28717578,14502979,away,4,3,2,0,0,0,2,1,0,0,0,0,0
28717578,14440733,away,5,1,3,0,0,0,3,0,0,0,0,0,0
28717578,14440732,away,5,4,4,1,0,0,0,0,0,0,0,0,0
28717578,14440700,home,4,0,1,0,0,0,0,0,1,0,0,0,0
28717578,14440701,home,3,1,1,0,0,0,0,1,0,0,0,0,0
28717578,14440703,home,4,3,3,0,0,0,0,0,0,0,0,0,0
28717578,14440704,home,4,1,2,1,0,0,0,0,0,0,0,0,0
28717578,14440705,home,4,0,1,0,0,0,1,0,0,0,0,0,0
28717578,14440706,home,4,0,0,0,0,0,0,0,2,0,0,0,0
28717578,14440708,home,4,2,3,0,0,0,3,0,0,0,0,0,0
28717578,14440709,home,4,1,1,0,0,0,0,0,1,0,0,0,0
28717578,14440711,home,3,2,2,0,0,0,0,1,0,0,0,0,0
28717578,14440712,home,4,0,0,0,0,0,0,0,0,0,0,0,0
28717578,14440713,home,4,0,1,0,0,0,2,0,0,0,0,0,0
28717579,14440723,away,4,4,2,0,0,0,1,2,1,0,0,0,0
28717579,14440724,away,5,1,2,0,0,0,1,0,0,1,0,0,0
28717579,14440726,away,6,1,1,0,0,0,0,0,2,0,0,0,0
28717579,14440727,away,6,0,2,0,0,0,0,0,0,0,0,0,0
28717579,14440729,away,5,5,1,3,0,0,2,1,0,0,0,0,0
28717579,14469935,away,5,1,2,1,0,0,2,0,0,0,0,0,0
28717579,14440734,away,4,2,1,0,0,0,0,1,0,1,0,0,0
28717579,14440733,away,5,4,2,0,0,0,1,1,0,0,0,0,0
28717579,14440732,away,6,2,3,0,0,0,1,1,0,0,0,0,0
28717579,14440658,home,3,1,1,0,0,0,0,1,0,0,0,0,0
28717579,14440659,home,3,1,0,0,0,0,1,1,0,0,0,0,0
28717579,14440660,home,4,3,4,0,0,0,6,0,0,0,0,0,0
28717579,14440661,home,4,0,1,0,0,0,2,0,1,0,0,0,0
28717579,14440663,home,4,1,2,0,0,0,0,0,1,0,0,0,0
28717579,14440664,home,3,1,0,0,0,0,0,1,0,0,0,0,0
28717579,14440677,home,4,1,2,0,0,0,1,0,0,0,0,0,0
28717579,14440665,home,3,4,2,1,0,0,1,0,0,0,0,0,0
28717579,14440678,home,4,1,1,0,0,0,0,0,0,0,0,0,0
28717579,14440666,home,3,4,2,0,0,0,1,1,0,0,0,0,0
28717579,14440667,home,3,1,0,2,0,0,1,0,0,0,0,0,0
28717579,14440674,home,4,1,2,0,0,0,0,0,0,0,0,0,0
28717579,14440676,home,4,0,1,0,0,0,2,0,1,0,0,0,0
28717552,14440738,away,6,0,1,0,0,0,2,0,0,0,0,0,0
28717552,14440755,away,6,3,3,1,0,0,4,0,0,0,0,0,0
28717552,14440739,away,6,5,5,1,0,0,3,0,0,0,0,0,0
28717552,14440740,away,5,2,1,0,0,0,0,0,0,1,0,0,0
28717552,14440741,away,6,1,4,2,0,0,4,0,0,0,0,0,0
28717552,14440742,away,6,5,3,1,0,0,2,0,0,0,0,0,0
28717552,14440748,away,5,3,1,1,0,0,3,1,0,0,0,0,0
28717552,14440749,away,6,3,3,0,0,0,0,0,2,0,0,0,0
28717552,14440752,away,6,0,2,0,0,0,3,0,0,0,0,0,0
28717552,14440701,home,3,0,1,0,0,0,1,0,0,0,0,0,0
28717552,14440702,home,3,0,0,0,0,0,0,0,0,0,0,0,0
28717552,14440703,home,2,0,1,0,0,0,1,1,0,0,0,0,0
28717552,14440704,home,2,0,1,0,0,0,0,1,0,0,0,0,0
28717552,14440714,home,3,0,1,0,0,0,0,0,0,0,0,0,0
28717552,14440705,home,3,1,1,0,0,0,0,0,0,0,0,0,0
28717552,14440706,home,2,0,0,0,0,0,0,0,0,0,0,0,0
28717552,14440708,home,3,0,0,0,0,0,0,0,1,0,0,0,0
28717552,14440710,home,3,1,0,1,0,0,0,0,1,0,0,0,0
28717552,14440711,home,3,0,2,0,0,0,0,0,0,0,0,0,0
28717552,14440712,home,2,0,0,0,0,0,0,0,0,0,0,0,0
28717552,14440713,home,2,0,0,0,0,0,0,0,0,0,0,0,0
28717603,14440658,away,3,1,1,0,0,0,2,1,0,0,0,0,0
28717603,14440659,away,3,1,0,0,0,0,0,0,0,0,0,0,0
28717603,14440660,away,1,1,1,0,0,0,1,3,0,0,0,0,0
28717603,14440661,away,3,3,1,0,0,0,0,1,1,0,0,0,0
28717603,14440662,away,3,2,2,0,0,0,1,1,0,0,0,0,0
28717603,14440663,away,3,2,1,0,0,0,0,1,0,0,0,0,0
28717603,14440664,away,3,3,1,0,0,0,1,1,0,0,0,0,0
28717603,14440677,away,4,0,2,0,0,0,1,0,0,0,0,0,0
28717603,14440665,away,3,1,3,0,0,0,2,1,0,0,0,0,0
28717603,14440678,away,4,1,1,0,0,0,0,0,0,0,0,0,0
28717603,14440666,away,3,2,2,0,0,0,2,0,0,0,0,1,0
28717603,14440674,away,3,1,2,0,0,0,1,0,1,0,0,0,0
28717603,14440675,away,2,1,1,0,0,0,2,1,0,0,0,0,0
28717603,14440676,away,4,1,2,0,0,0,1,0,0,0,0,0,0
28717603,14440701,home,2,0,0,0,0,0,0,1,0,0,0,0,0
28717603,14440702,home,3,1,1,0,0,0,0,0,0,0,0,0,0
28717603,14440703,home,4,0,2,0,0,0,0,0,0,0,0,0,0
28717603,14440704,home,3,0,2,0,0,0,0,1,0,0,0,0,0
28717603,14440714,home,4,0,1,0,0,0,0,0,0,0,0,0,0
28717603,14440708,home,3,0,0,0,0,0,0,1,0,0,0,0,0
28717603,14440709,home,2,0,1,0,0,0,1,0,1,0,0,0,0
28717603,14440710,home,3,2,1,0,0,1,2,0,0,0,0,0,0
28717603,14440711,home,4,0,3,0,0,0,0,0,0,0,0,0,0
28717603,14440712,home,3,0,0,0,0,0,0,0,0,0,0,0,0
28717603,14440713,home,3,1,0,0,0,0,0,1,0,0,0,0,0
28717553,14440723,away,4,2,2,0,0,0,0,0,1,0,0,0,0
28717553,14440724,away,4,0,0,0,0,0,0,0,1,0,0,0,0
28717553,14497536,away,3,1,0,0,0,0,1,0,0,0,0,1,0
28717553,14440726,away,2,0,0,0,0,0,0,0,0,0,0,0,0
28717553,14440727,away,3,0,0,0,0,0,0,0,0,1,0,0,0
28717553,14440729,away,3,1,1,0,0,0,0,0,0,0,0,0,0
28717553,14469935,away,4,0,3,0,0,0,3,0,0,0,0,0,0
28717553,14440734,away,4,0,1,0,0,0,0,0,2,0,0,0,0
28717553,14502979,away,4,2,2,1,0,0,3,0,1,0,0,0,0
28717553,14440733,away,4,0,1,1,0,0,0,0,1,0,0,0,0
28717553,14440732,away,3,3,0,0,1,0,0,1,0,0,0,0,0
28717553,14440738,home,2,5,2,0,0,0,0,2,0,1,0,0,0
28717553,14440755,home,6,4,3,0,1,0,6,0,0,0,0,0,0
28717553,14440739,home,6,3,3,1,0,0,6,0,0,0,0,0,0
28717553,14440741,home,6,4,4,1,0,0,3,0,0,0,0,0,0
28717553,14440748,home,6,2,4,0,0,0,2,0,0,0,0,0,0
28717553,14440749,home,3,3,1,0,0,0,0,2,0,0,0,0,0
28717553,14440751,home,6,0,2,1,0,0,3,0,1,0,0,0,0
28717553,14440752,home,4,1,3,0,0,0,2,1,0,0,0,0,0
28717586,14440702,away,1,1,1,0,0,0,1,3,0,0,0,0,0
28717586,14440703,away,5,1,3,0,0,0,0,0,0,0,0,0,0
28717586,14440704,away,5,1,2,1,0,0,2,0,0,0,0,0,0
28717586,14440714,away,3,1,2,0,0,0,2,1,0,0,0,0,0
28717586,14440705,away,4,1,3,0,0,0,1,1,0,0,0,0,0
28717586,14440708,away,4,0,1,0,0,0,2,0,1,0,0,0,0
28717586,14440709,away,3,1,1,0,0,0,0,2,0,0,0,0,0
28717586,14440710,away,4,2,2,0,0,0,0,0,0,0,0,0,0
28717586,14440711,away,5,2,2,0,0,0,0,0,0,0,0,0,0
28717586,14440712,away,3,1,1,0,0,0,2,0,1,0,0,0,0
28717586,14440713,away,3,0,0,0,0,0,1,1,0,0,0,0,0
28717586,14440723,home,5,0,1,0,0,0,1,0,0,0,0,0,0
28717586,14497536,home,5,2,1,0,0,0,0,1,1,0,0,0,0
28717586,14440726,home,5,2,2,0,0,0,2,1,0,0,0,0,0
28717586,14440728,home,4,0,2,0,0,0,1,1,0,0,0,0,0
28717586,14469935,home,7,1,3,0,0,0,0,0,1,0,0,0,0
28717586,14440734,home,5,0,0,0,0,0,0,0,0,0,0,0,0
28717586,14440733,home,5,2,2,0,1,0,3,0,0,0,0,0,0
28717586,14440732,home,6,3,3,0,0,0,0,0,0,0,0,0,0
28717554,14440738,away,4,1,1,0,0,0,1,1,1,0,0,0,0
28717554,14440755,away,2,3,0,0,0,0,1,1,0,2,0,0,0
28717554,14440739,away,4,1,0,0,1,0,1,0,0,1,0,0,0
28717554,14440740,away,5,1,0,0,0,0,0,1,2,0,0,0,0
28717554,14440741,away,0,0,0,0,0,0,0,0,0,0,0,0,0
28717554,14440742,away,4,3,1,1,0,0,1,1,0,0,0,0,0
28717554,14440748,away,4,2,1,2,0,0,0,1,0,0,0,0,0
28717554,14440749,away,5,2,2,0,0,0,2,0,2,0,0,0,0
28717554,14440751,away,4,1,3,0,0,0,3,1,0,0,0,0,0
28717554,14440752,away,5,0,2,0,0,0,3,0,0,0,0,0,0
28717554,14440658,home,3,1,1,0,0,0,2,0,1,1,0,0,0
28717554,14440660,home,3,0,1,1,0,0,3,0,0,0,0,0,0
28717554,14440661,home,4,1,1,0,0,0,1,0,0,0,0,0,0
28717554,14440662,home,4,1,3,0,0,0,0,0,0,0,0,0,0
28717554,14440663,home,3,0,1,0,0,0,1,0,0,0,0,0,0
28717554,14440664,home,1,1,1,0,0,0,1,1,0,0,0,0,0
28717554,14440677,home,3,0,0,0,0,0,0,0,1,0,0,0,0
28717554,14440665,home,4,3,4,0,0,0,0,0,0,0,0,0,0
28717554,14440678,home,4,1,3,0,0,0,1,0,0,0,0,0,0
28717554,14440666,home,4,1,1,0,0,0,0,0,0,0,0,0,0
28717554,14440674,home,4,0,2,0,0,0,0,0,1,0,0,0,0
28717554,14440675,home,1,0,0,0,0,0,0,0,0,0,0,0,0
29171166,14564519,away,5,2,1,0,0,0,2,0,0,0,0,0,0
29171166,14564486,away,4,1,3,0,0,0,2,0,0,0,0,0,0
29171166,14564487,away,5,2,2,0,1,0,0,0,1,0,0,0,0
29171166,14564488,away,4,2,1,1,1,0,1,1,0,0,0,0,0
29171166,14564490,away,4,2,1,0,0,0,0,0,0,1,0,0,0
29171166,14564491,away,5,2,2,0,0,0,0,0,0,0,0,0,0
29171166,14564492,away,4,0,0,0,0,0,1,1,2,0,0,0,0
29171166,14564493,away,2,2,0,0,0,0,0,3,0,0,0,0,0
29171166,14564494,away,4,1,2,0,0,0,1,1,1,0,0,0,0
29171166,14564496,away,5,1,4,0,0,0,3,0,0,0,0,0,0
29171166,14564497,away,4,1,2,0,0,0,1,0,0,0,0,0,0
29171166,14564498,away,5,1,2,0,0,0,0,0,0,0,0,0,0
29171166,14564503,home,3,2,1,0,0,0,1,0,1,0,0,1,0
29171166,14564504,home,4,1,1,0,0,0,0,0,0,0,0,0,0
29171166,14564505,home,4,1,1,0,1,0,5,0,0,0,0,0,0
29171166,14564506,home,3,1,1,0,0,0,0,0,0,0,0,0,0
29171166,14564507,home,4,1,0,1,0,0,0,0,1,0,0,0,0
29171166,14564508,home,3,0,0,0,0,0,1,0,0,1,0,0,0
29171166,14564509,home,4,0,1,0,0,0,0,0,0,0,0,0,0
29171166,14564510,home,4,0,0,0,0,0,0,0,1,0,0,0,0
29171166,14564511,home,3,3,2,0,0,0,0,1,0,0,0,0,0
29171166,14564513,home,4,2,1,0,0,0,0,0,0,0,0,0,0
29171166,14564515,home,4,1,1,1,0,0,1,0,1,0,0,0,0
29171166,14564516,home,4,0,2,0,0,0,1,0,1,0,0,0,0
29171166,14564517,home,2,0,1,0,0,0,2,2,0,0,0,0,0
29171146,14564471,away,4,1,1,1,0,0,2,0,0,0,0,0,0
29171146,14564472,away,4,0,0,0,0,0,0,0,0,0,0,0,0
29171146,14564473,away,4,2,1,1,0,0,0,0,0,0,0,0,0
29171146,14564474,away,4,0,2,0,0,0,1,0,1,0,0,0,0
29171146,14564475,away,3,1,1,0,0,0,0,1,2,0,0,0,0
29171146,14564476,away,3,1,1,0,0,0,2,1,0,0,0,0,0
29171146,14564477,away,4,2,1,2,1,0,3,0,0,0,0,0,0
29171146,14564478,away,4,1,1,1,0,0,1,0,0,0,0,0,0
29171146,14564479,away,4,1,1,0,0,0,0,0,0,0,0,0,0
29171146,14564457,home,5,2,3,0,0,0,1,1,0,0,0,0,0
29171146,14564458,home,6,4,1,1,0,1,6,0,0,0,0,0,0
29171146,14564460,home,5,4,4,0,0,0,0,1,0,0,0,0,0
29171146,14564461,home,6,3,2,1,0,0,1,0,1,0,0,0,0
29171146,14564462,home,6,3,4,1,0,0,3,0,0,0,0,0,0
29171146,14564463,home,6,0,3,0,0,0,2,0,1,0,0,0,0
29171146,14564464,home,5,2,3,0,0,0,1,1,0,0,0,0,0
29171146,14564466,home,5,2,1,0,0,0,2,1,1,0,0,0,0
29171146,14564467,home,5,1,2,0,0,0,2,1,0,0,0,0,0
29171177,14564519,away,2,1,0,0,0,0,0,1,0,0,0,0,0
29171177,14564486,away,3,0,0,0,0,0,0,0,1,0,0,0,0
29171177,14564487,away,4,1,3,0,0,0,0,0,0,0,0,0,0
29171177,14564488,away,3,1,2,0,0,0,1,0,0,0,0,0,0
29171177,14564490,away,0,0,0,0,0,0,0,2,0,1,0,0,0
29171177,14564491,away,4,1,2,0,0,0,1,0,1,0,0,0,0
29171177,14564492,away,3,0,0,0,0,0,0,0,0,0,0,0,0
29171177,14564493,away,3,0,1,0,0,0,2,0,0,0,0,0,0
29171177,14564494,away,1,2,0,0,0,0,0,2,1,0,0,0,0
29171177,14564495,away,3,0,1,0,0,0,1,0,1,0,0,0,0
29171177,14564496,away,4,1,1,0,0,0,0,0,1,0,0,0,0
29171177,14564497,away,3,0,1,0,0,0,0,0,1,0,0,0,0
29171177,14564498,away,3,0,1,0,0,0,1,0,1,0,0,0,0
29171177,14564457,home,3,1,0,0,0,0,0,2,0,0,0,0,0
29171177,14564458,home,4,2,3,0,0,0,0,0,0,1,0,0,0
29171177,14564459,home,2,0,1,0,0,0,0,2,1,0,0,1,0
29171177,14564460,home,3,0,1,0,0,0,0,1,0,0,0,0,0
29171177,14564461,home,3,3,0,1,0,0,0,0,1,2,0,0,0
29171177,14564462,home,4,2,2,0,0,0,4,1,0,0,0,0,0
29171177,14564463,home,4,1,1,0,0,0,2,0,0,0,0,0,0
29171177,14564464,home,5,0,0,0,0,0,0,0,0,0,0,0,0
29171177,14564465,home,0,0,0,0,0,0,0,0,0,0,0,0,0
29171177,14564466,home,3,0,2,0,0,0,1,2,0,0,0,0,0
29171177,14564467,home,4,0,1,0,0,0,1,1,0,0,0,0,0
29414750,14792997,away,3,0,1,0,0,0,0,0,2,0,0,0,0
29414750,14793009,away,3,0,1,0,0,0,0,0,1,0,0,0,0
29414750,14792996,away,3,1,2,0,0,0,0,0,0,0,0,0,0
29414750,14793001,away,3,0,2,0,0,0,1,0,0,0,0,0,0
29414750,14793002,away,2,0,1,0,0,0,0,1,0,0,0,0,0
29414750,14792998,away,3,1,2,0,0,0,0,0,1,0,0,0,0
29414750,14793004,away,3,0,2,0,0,0,1,0,0,0,0,0,0
29414750,14793007,away,3,0,0,0,0,0,0,0,1,0,0,0,0
29414750,14793003,away,3,1,2,0,0,0,0,0,0,0,0,0,0
29414750,14793000,away,4,0,1,0,0,0,0,0,0,0,0,0,0
29414750,14793010,away,3,0,0,1,0,0,0,0,0,0,0,0,0
29414750,14793008,away,3,0,0,0,0,0,0,0,2,0,0,0,0
29414750,14793005,away,2,0,0,0,0,0,0,1,1,0,0,0,0
29414750,14793032,home,2,1,1,0,0,0,2,2,1,0,0,0,0
29414750,14793026,home,3,0,1,0,0,0,0,0,0,0,0,0,0
29414750,14793029,home,3,1,0,0,0,0,0,1,0,0,0,0,0
29414750,14793027,home,4,2,1,1,0,0,0,0,0,0,0,0,0
29414750,14793030,home,2,0,0,0,0,0,1,1,2,0,0,0,0
29414750,14793040,home,4,1,0,1,0,0,0,0,0,0,0,0,0
29414750,14793037,home,3,0,2,0,0,0,1,0,0,0,0,0,0
29414750,14793034,home,3,2,1,0,0,0,0,1,0,0,0,0,0
29414750,14793033,home,3,0,2,0,0,0,0,0,0,0,0,0,0
29414750,14793038,home,4,1,1,0,0,0,1,0,1,0,0,0,0
29414750,14793031,home,3,0,0,0,0,0,0,1,1,0,0,0,0
29414751,14793011,away,4,1,3,1,0,0,0,0,0,0,0,0,0
29414751,14793015,away,4,2,1,0,1,0,3,0,0,0,0,0,0
29414751,14793014,away,3,1,1,0,0,0,0,0,1,0,0,0,0
29414751,14793023,away,2,0,1,0,0,0,0,0,0,0,0,0,0
29414751,14793017,away,4,1,2,0,0,0,2,0,0,0,0,0,0
29414751,14793012,away,4,2,2,1,0,0,1,0,0,0,0,0,0
29414751,14793018,away,4,2,2,0,0,0,1,0,0,0,0,0,0
29414751,14793022,away,4,1,1,0,0,0,0,0,1,0,0,0,0
29414751,14793019,away,3,1,1,1,0,0,1,1,0,0,0,0,0
29414751,14793013,away,4,0,3,0,0,0,0,0,0,0,0,0,0
29414751,14793016,away,3,1,1,0,0,0,2,1,0,0,0,0,0
29414751,14793021,away,4,2,2,1,0,0,0,0,0,0,0,0,0
29414751,14793024,away,3,1,2,0,0,0,0,0,0,0,0,0,0
29414751,14793061,home,3,0,1,0,0,0,1,0,0,0,0,0,0
29414751,14793063,home,3,0,1,0,0,0,0,1,1,0,0,0,0
29414751,14793066,home,4,2,1,0,0,0,3,0,1,0,0,0,0
29414751,14793067,home,4,2,1,0,0,0,1,0,0,0,0,0,0
29414751,14793065,home,3,1,0,0,1,0,0,0,2,0,0,0,0
29414751,14793054,home,4,1,1,0,1,0,2,0,0,0,0,0,0
29414751,14793058,home,3,1,2,0,0,0,0,0,0,0,0,0,0
29414751,14793056,home,4,2,3,0,0,0,1,0,0,0,0,0,0
29414751,14793057,home,4,1,1,1,0,0,1,0,0,0,0,0,0
29414751,14793060,home,4,2,1,1,1,0,1,0,0,0,0,0,0
29414751,14793064,home,4,1,0,0,0,0,0,0,0,0,0,0,0
29414751,14793062,home,4,0,2,0,0,0,1,0,0,0,0,0,0
29414802,14793061,away,4,1,0,1,0,0,1,1,1,0,0,0,0
29414802,14793059,away,3,1,1,0,0,0,1,1,2,0,0,0,0
29414802,14793066,away,3,1,2,0,0,0,3,2,0,0,0,0,0
29414802,14793067,away,4,2,2,0,0,0,0,1,0,0,0,0,0
29414802,14793054,away,5,1,3,0,0,0,3,0,0,0,0,0,0
29414802,14793053,away,2,1,0,0,0,0,0,0,0,0,0,0,0
29414802,14793056,away,5,4,4,0,0,0,2,0,0,0,0,0,0
29414802,14793057,away,5,2,2,0,0,0,2,0,0,0,0,0,0
29414802,14793060,away,5,4,4,1,0,0,1,0,0,0,0,0,0
29414802,14793064,away,3,0,0,0,0,0,1,1,1,0,0,0,0
29414802,14793062,away,3,1,1,0,0,0,4,1,0,0,0,0,0
29414802,14792997,home,2,1,0,2,0,0,2,1,0,1,0,0,0
29414802,14793009,home,4,0,2,0,0,0,1,0,0,0,0,0,0
29414802,14792996,home,3,1,1,0,0,0,1,1,0,0,0,0,0
29414802,14793001,home,3,3,2,1,0,0,0,1,0,0,0,0,0
29414802,14793002,home,3,0,1,0,0,0,0,0,0,0,0,0,0
29414802,14792999,home,2,0,1,0,0,0,0,1,0,0,0,0,0
29414802,14792998,home,2,0,1,0,0,0,0,2,0,0,0,0,0
29414802,14793004,home,2,1,1,0,0,0,1,0,1,0,0,0,0
29414802,14793007,home,4,1,1,0,0,0,2,0,0,0,0,0,0
29414802,14793003,home,2,0,0,0,0,0,0,1,1,0,0,0,0
29414802,14793000,home,2,2,0,0,0,0,1,1,0,1,0,0,0
29414802,14793010,home,3,1,1,0,0,0,0,0,0,0,0,0,0
29414803,14793032,away,3,1,2,0,0,0,0,0,0,0,0,0,0
29414803,14793026,away,3,1,1,0,0,0,1,1,0,0,0,0,0
29414803,14793029,away,2,0,1,0,0,0,1,0,1,1,0,0,0
29414803,14793030,away,2,0,0,0,0,0,0,1,1,0,0,0,0
29414803,14793040,away,3,0,0,1,0,0,1,0,2,0,0,0,0
29414803,14793037,away,4,0,2,0,0,0,0,0,0,0,0,0,0
29414803,14793035,away,3,0,1,0,0,0,2,0,1,0,0,0,0
29414803,14793033,away,3,1,1,0,0,0,0,1,0,0,0,0,0
29414803,14793031,away,3,1,1,0,0,0,0,1,0,0,0,0,0
29414803,14793011,home,3,1,3,0,0,0,0,0,0,0,0,0,0
29414803,14793015,home,3,2,1,0,1,0,0,0,1,0,0,0,0
29414803,14793014,home,0,0,0,0,0,0,0,1,0,0,0,0,0
29414803,14793023,home,2,0,0,0,0,0,0,0,1,0,0,0,0
29414803,14793012,home,3,2,2,0,1,0,2,0,0,0,0,0,0
29414803,14793018,home,3,1,1,1,0,0,1,0,0,0,0,0,0
29414803,14793022,home,3,0,0,0,0,0,1,0,1,0,0,0,0
29414803,14793019,home,3,3,1,1,0,1,3,0,0,0,0,0,0
29414803,14793013,home,2,0,2,0,0,0,0,0,0,1,0,0,0
29414803,14793016,home,3,1,2,0,0,0,0,0,0,0,0,0,0
29414803,14793021,home,3,1,2,0,0,0,1,0,0,0,0,0,0
29414803,14793020,home,2,0,0,0,0,0,1,0,0,0,0,0,0
29414803,14793024,home,2,0,1,0,0,0,1,0,1,0,0,0,0
29414764,14792997,away,3,1,0,0,0,0,0,1,0,0,0,0,0
29414764,14793001,away,4,2,2,1,1,0,4,0,0,0,0,0,0
29414764,14793002,away,4,0,1,0,0,0,0,0,1,0,0,0,0
29414764,14792999,away,3,1,1,0,0,0,0,1,0,0,0,0,0
29414764,14793007,away,4,0,1,1,0,0,1,0,2,0,0,0,0
29414764,14793003,away,4,1,2,0,0,0,0,0,2,0,0,0,0
29414764,14793000,away,5,1,2,0,0,0,1,0,2,0,0,0,0
29414764,14793010,away,2,0,0,0,0,0,1,2,0,0,0,0,0
29414764,14813624,away,4,2,1,1,0,0,1,0,0,0,0,0,0
29414764,14793008,away,4,1,0,1,0,0,0,0,1,0,0,0,0
29414764,14793011,home,5,0,1,0,0,0,1,0,0,0,0,0,0
29414764,14793015,home,3,1,1,0,0,0,1,1,2,0,0,0,0
29414764,14793023,home,4,1,3,0,0,0,1,0,0,0,0,0,0
29414764,14793012,home,4,2,1,1,0,0,1,0,0,0,0,0,0
29414764,14793018,home,4,3,1,1,0,0,1,0,0,0,0,0,0
29414764,14793022,home,4,1,3,0,0,0,1,0,0,0,0,0,0
29414764,14793019,home,5,1,1,0,0,0,0,0,2,0,0,0,0
29414764,14793013,home,4,2,2,0,0,0,1,0,0,0,0,0,0
29414764,14793016,home,4,1,3,0,0,0,1,0,0,0,0,0,0
29414764,14793021,home,4,0,1,0,0,0,0,0,0,0,0,0,0
29414764,14793020,home,4,1,1,1,0,0,1,0,1,0,0,0,0
29414763,14793039,away,3,0,0,0,0,0,0,0,1,0,0,0,0
29414763,14793032,away,3,0,2,0,0,0,1,0,0,0,0,0,0
29414763,14793026,away,3,0,0,0,0,0,0,0,0,1,0,0,0
29414763,14793029,away,3,1,1,0,0,0,1,0,0,0,0,0,0
29414763,14832645,away,5,2,2,2,0,0,5,0,0,0,0,0,0
29414763,14793027,away,3,1,1,0,0,0,0,0,1,0,0,0,0
29414763,14793030,away,2,1,0,0,0,0,0,1,1,0,0,0,0
29414763,14793040,away,3,0,2,0,0,0,1,0,0,0,0,0,0
29414763,14793036,away,3,1,0,0,0,0,0,0,1,0,0,0,0
29414763,14793037,away,2,1,0,0,0,0,0,1,2,0,0,0,0
29414763,14793035,away,3,0,2,0,0,0,0,0,0,0,0,0,0
29414763,14793033,away,2,0,1,0,0,0,0,1,0,0,0,0,0
29414763,14793038,away,2,0,0,0,0,0,1,1,0,0,0,0,0
29414763,14793031,away,4,0,2,0,0,0,0,0,0,0,0,0,0
29414763,14793061,home,3,0,1,0,0,0,1,1,0,0,0,0,0
29414763,14793063,home,2,1,0,0,0,0,0,2,1,0,0,0,0
29414763,14793066,home,4,1,0,0,0,0,1,0,0,0,0,0,0
29414763,14793067,home,3,1,2,0,0,0,0,0,0,1,0,0,0
29414763,14793065,home,4,0,1,0,0,0,0,0,2,0,0,0,0
29414763,14793054,home,5,2,3,1,0,0,1,0,0,0,0,0,0
29414763,14793053,home,3,2,0,1,0,0,2,0,0,0,0,0,0
29414763,14793058,home,5,0,4,0,0,0,1,0,0,0,0,0,0
29414763,14793057,home,5,1,2,0,0,0,1,0,0,0,0,0,0
29414763,14793060,home,5,4,2,1,0,0,0,0,0,0,0,0,0
29414763,14793062,home,4,1,0,0,0,0,1,0,0,0,0,0,0
29414766,14793039,away,2,0,0,0,0,0,0,0,1,0,0,0,0
29414766,14793032,away,4,1,2,0,0,0,2,0,0,0,0,0,0
29414766,14793026,away,3,1,2,0,0,0,0,0,0,0,0,0,0
29414766,14793029,away,2,1,1,0,0,0,0,1,0,0,0,0,0
29414766,14793027,away,2,2,1,1,0,0,5,2,0,0,0,0,0
29414766,14793030,away,1,0,1,0,0,0,1,2,0,0,0,0,0
29414766,14793040,away,3,0,0,0,0,0,0,0,0,0,0,0,0
29414766,14793036,away,4,1,0,0,1,0,4,0,1,0,0,0,0
29414766,14793037,away,2,0,1,0,0,0,0,0,0,0,0,0,0
29414766,14793034,away,3,3,0,0,0,0,0,1,0,0,0,0,0
29414766,14793035,away,3,1,0,0,0,0,0,0,1,0,0,0,0
29414766,14793033,away,2,2,0,0,0,0,0,1,0,0,0,0,0
29414766,14793031,away,4,3,3,0,0,0,0,0,0,0,0,0,0
29414766,14793009,home,3,0,1,0,0,0,0,0,1,0,0,0,0
29414766,14792996,home,4,0,1,0,0,0,0,0,0,0,0,0,0
29414766,14793002,home,3,0,1,0,0,0,0,0,1,0,0,0,0
29414766,14792999,home,3,0,0,0,0,0,0,0,1,0,0,0,0
29414766,14793007,home,3,0,1,0,0,0,0,0,1,0,0,0,0
29414766,14793000,home,3,0,0,0,0,0,0,0,0,0,0,0,0
29414766,14793010,home,4,0,2,0,0,0,0,0,0,0,0,0,0
29414765,14793011,away,4,3,3,0,0,0,0,1,0,0,0,0,0
29414765,14793015,away,4,0,0,2,0,0,0,0,1,0,0,0,0
29414765,14793023,away,4,0,0,0,0,0,0,0,0,0,0,0,0
29414765,14793012,away,5,1,1,1,0,0,3,0,0,0,0,0,0
29414765,14793018,away,4,0,1,0,0,0,1,0,0,0,0,0,0
29414765,14793022,away,3,3,2,0,0,0,0,1,0,0,0,0,0
29414765,14793019,away,5,1,3,0,0,0,2,0,0,0,0,0,0
29414765,14793013,away,4,0,1,1,0,0,0,0,0,0,0,0,0
29414765,14793016,away,3,0,0,0,0,0,0,1,0,0,0,0,0
29414765,14793021,away,5,1,3,0,0,0,3,0,0,0,0,0,0
29414765,14793020,away,3,2,1,0,0,0,0,0,1,1,0,0,0
29414765,14793024,away,4,1,3,0,0,0,0,0,1,0,0,0,0
29414765,14793061,home,4,1,0,1,0,0,1,0,0,0,0,0,0
29414765,14793063,home,4,0,1,0,0,0,0,0,2,0,0,0,0
29414765,14793067,home,5,0,2,0,0,0,2,0,0,0,0,0,0
29414765,14793065,home,2,0,0,0,0,0,0,0,0,0,0,0,0
29414765,14793054,home,5,3,3,1,0,0,3,0,0,0,0,0,0
29414765,14793053,home,3,2,0,0,0,0,0,0,1,0,0,0,0
29414765,14793058,home,5,0,2,0,0,0,1,0,0,0,0,0,0
29414765,14793056,home,5,0,1,0,0,0,1,0,1,0,0,0,0
29414765,14793060,home,5,2,4,0,0,0,0,0,0,0,0,0,0
29414765,14793064,home,4,0,0,0,0,0,0,0,2,0,0,0,0
29414765,14793062,home,3,1,1,0,0,0,0,0,0,0,0,0,0
29414769,14793015,away,5,2,1,2,0,0,0,0,0,0,0,0,0
29414769,14793014,away,4,2,1,0,0,0,0,0,1,1,0,0,0
29414769,14793023,away,5,0,0,0,0,0,0,0,0,0,0,0,0
29414769,14793012,away,5,2,2,2,0,0,1,0,0,0,0,0,0
29414769,14793018,away,5,2,3,0,0,0,2,0,1,0,0,0,0
29414769,14793022,away,0,0,0,0,0,0,0,0,0,0,0,0,0
29414769,14793019,away,5,3,3,0,0,0,0,0,0,0,0,0,0
29414769,14793016,away,5,2,1,0,0,0,1,0,0,0,0,0,0
29414769,14793025,away,4,2,2,2,0,0,2,1,0,0,0,0,0
29414769,14793021,away,5,2,2,1,0,0,2,0,0,0,0,0,0
29414769,14793020,away,3,0,1,0,0,0,2,0,0,0,0,0,0
29414769,14793024,away,3,1,1,0,0,0,0,1,0,0,0,0,0
29414769,14793032,home,0,0,0,0,0,0,0,0,0,0,0,0,0
29414769,14793026,home,4,0,0,0,0,0,0,0,0,0,0,0,0
29414769,14793029,home,4,0,0,0,0,0,0,0,0,0,0,0,0
29414769,14793028,home,4,0,2,0,0,0,2,0,1,0,0,0,0
29414769,14832645,home,4,0,2,0,0,0,0,0,0,0,0,0,0
29414769,14793030,home,4,1,1,0,0,0,0,0,1,0,0,0,0
29414769,14793036,home,4,0,2,0,0,0,1,0,2,0,0,0,0
29414769,14793037,home,4,0,1,0,0,0,0,0,2,0,0,0,0
29414769,14793034,home,3,2,2,1,0,0,1,1,0,0,0,0,0
29414769,14793035,home,3,0,0,0,0,0,0,0,0,0,0,0,0
29414769,14793033,home,3,0,0,0,0,0,0,1,0,0,0,0,0
29414769,14793031,home,2,2,0,0,0,0,0,2,0,0,0,0,0
29414770,14793061,away,1,1,0,0,0,0,1,2,0,0,0,0,0
29414770,14793059,away,1,0,0,0,0,0,0,0,0,0,0,0,0
29414770,14793063,away,3,0,0,0,0,0,0,0,1,0,0,0,0
29414770,14793066,away,2,2,1,0,0,0,0,1,1,0,0,0,0
29414770,14793067,away,3,1,1,0,0,0,1,1,0,0,0,0,0
29414770,14793065,away,3,0,0,0,0,0,0,0,1,0,0,0,0
29414770,14793054,away,4,0,2,0,0,0,2,0,0,0,0,0,0
29414770,14793053,away,3,2,2,0,0,0,2,1,0,0,0,0,0
29414770,14793058,away,4,0,1,0,0,0,1,0,0,0,0,0,0
29414770,14793056,away,3,2,2,0,0,0,3,1,0,0,0,0,0
29414770,14793057,away,4,1,1,1,1,0,1,0,0,0,0,0,0
29414770,14793060,away,3,3,1,1,0,0,1,1,0,0,0,0,0
29414770,14793064,away,3,0,0,0,0,0,1,0,0,0,0,0,0
29414770,14793062,away,3,0,0,0,0,0,0,0,1,0,0,0,0
29414770,14793009,home,4,0,1,0,0,0,0,1,1,0,0,0,0
29414770,14792996,home,5,0,2,0,0,0,2,0,1,1,0,0,0
29414770,14793001,home,6,5,2,1,2,0,2,0,0,0,0,0,0
29414770,14793002,home,5,1,1,0,0,0,0,0,1,0,0,0,0
29414770,14792999,home,4,1,1,0,0,0,0,1,0,0,0,0,0
29414770,14793004,home,6,2,4,1,0,0,2,0,0,0,0,0,0
29414770,14793003,home,5,0,1,0,1,0,0,0,0,0,0,0,0
29414770,14793000,home,6,2,2,0,0,0,0,0,0,0,0,0,0
29414770,14793010,home,6,2,2,0,0,0,0,0,0,0,0,0,0
29414772,14793061,away,4,1,1,0,0,0,2,0,1,0,0,0,0
29414772,14793063,away,3,2,2,0,0,0,0,1,0,0,0,0,0
29414772,14793066,away,4,0,0,0,0,0,0,0,1,0,0,0,0
29414772,14793067,away,3,1,1,0,0,0,0,1,0,0,0,0,0
29414772,14793065,away,4,1,0,0,0,0,0,0,3,0,0,0,0
29414772,14793054,away,4,1,2,0,0,0,2,0,0,0,0,0,0
29414772,14793053,away,3,2,1,0,0,0,3,1,0,0,0,0,0
29414772,14793058,away,4,1,2,0,0,0,1,0,0,0,0,0,0
29414772,14793056,away,3,2,1,1,0,0,0,1,0,0,0,0,0
29414772,14793057,away,4,0,3,0,0,0,0,0,0,0,0,0,0
29414772,14793060,away,5,2,2,2,0,0,5,0,0,0,0,0,0
29414772,14793064,away,3,2,3,0,0,0,0,1,0,0,0,0,0
29414772,14793062,away,3,1,2,0,0,0,0,1,0,0,0,0,0
29414772,14793032,home,6,0,3,0,0,0,0,0,0,0,0,0,0
29414772,14793026,home,4,2,1,0,0,0,1,1,0,1,0,0,0
29414772,14793029,home,4,1,1,0,0,0,0,1,2,0,0,0,0
29414772,14832645,home,6,2,3,0,0,0,0,0,0,0,0,0,0
29414772,14793030,home,5,1,2,0,0,0,0,0,2,0,0,0,0
29414772,14793040,home,6,0,3,0,0,0,3,0,0,0,0,0,0
29414772,14793036,home,5,2,0,1,0,0,0,0,2,0,0,0,0
29414772,14793037,home,5,0,2,0,0,0,0,1,0,0,0,0,0
29414772,14793035,home,5,0,1,0,0,0,0,0,1,0,0,0,0
29414771,14793023,away,3,1,0,0,0,0,0,1,1,0,0,0,0
29414771,14793012,away,5,1,1,1,0,0,2,0,0,0,0,0,0
29414771,14793018,away,5,0,1,0,0,0,0,0,1,0,0,0,0
29414771,14793022,away,5,0,0,0,0,0,0,0,2,0,0,0,0
29414771,14793019,away,5,2,3,1,0,0,1,0,0,0,0,0,0
29414771,14793016,away,5,2,1,2,0,0,2,0,0,0,0,0,0
29414771,14793025,away,5,2,1,1,1,0,0,0,1,0,0,0,0
29414771,14793021,away,5,2,3,0,0,0,2,0,0,0,0,0,0
29414771,14793020,away,5,1,3,0,0,0,3,0,0,0,0,0,0
29414771,14793024,away,4,0,1,0,0,0,0,1,0,0,0,0,0
29414771,14792996,home,4,2,3,1,0,0,0,0,0,0,0,0,0
29414771,14793006,home,4,1,2,0,0,0,0,0,1,0,0,0,0
29414771,14793001,home,4,1,1,1,0,0,0,0,0,0,0,0,0
29414771,14793002,home,4,0,0,0,0,0,1,0,0,0,0,0,0
29414771,14792999,home,4,0,1,0,0,0,1,0,0,0,0,0,0
29414771,14792998,home,4,0,0,0,0,0,0,0,1,0,0,0,0
29414771,14793007,home,5,0,1,0,0,0,0,0,1,0,0,0,0
29414771,14793003,home,3,0,2,0,0,0,0,1,0,0,0,0,0
29414771,14793000,home,4,1,1,0,0,0,0,0,1,0,0,0,0
29414771,14793010,home,5,0,2,0,0,0,0,0,0,0,0,0,0
29414771,14813624,home,3,0,1,1,0,0,0,0,0,0,0,0,0
29414774,14793039,away,1,0,0,0,0,0,0,0,1,0,0,0,0
29414774,14793032,away,3,1,1,0,0,0,1,1,1,0,0,0,0
29414774,14793026,away,4,2,1,0,0,0,0,0,1,0,0,0,0
29414774,14793029,away,3,1,2,0,0,0,0,0,0,0,0,0,0
29414774,14793028,away,3,1,1,0,0,0,0,0,0,0,0,0,0
29414774,14832645,away,3,3,0,1,0,0,2,1,0,0,0,0,0
29414774,14793030,away,2,1,0,0,0,0,0,1,0,0,0,0,0
29414774,14793040,away,4,0,2,0,0,0,4,0,0,0,0,0,0
29414774,14793037,away,4,0,1,0,0,0,1,0,2,0,0,0,0
29414774,14793034,away,3,1,2,0,0,0,2,0,0,0,0,0,0
29414774,14793033,away,4,0,0,0,0,0,0,0,1,0,0,0,0
29414774,14793031,away,2,2,1,1,0,0,0,1,0,0,0,0,0
29414774,14793009,home,3,0,1,0,0,0,0,0,0,0,0,0,0
29414774,14792996,home,3,0,1,0,0,0,3,0,1,0,0,0,0
29414774,14793001,home,2,3,0,0,1,0,1,1,0,0,0,0,0
29414774,14793002,home,2,0,0,0,0,0,0,1,1,0,0,0,0
29414774,14792998,home,2,0,0,0,0,0,0,0,1,0,0,0,0
29414774,14793004,home,3,1,2,0,0,0,1,0,0,0,0,0,0
29414774,14793007,home,3,0,0,0,0,0,0,0,1,0,0,0,0
29414774,14793003,home,3,0,1,0,0,0,0,0,0,0,0,0,0
29414774,14793000,home,2,0,1,0,0,0,0,0,0,1,0,0,0
29414774,14793010,home,2,1,1,0,0,0,0,1,0,0,0,0,0
29414774,14813624,home,0,0,0,0,0,0,0,0,0,0,0,0,0
29414774,14793008,home,3,0,0,0,0,0,0,0,1,0,0,0,0
29414773,14793061,away,1,1,0,0,0,0,0,2,0,0,0,0,0
29414773,14793059,away,3,2,1,0,0,0,0,0,0,0,0,0,0
29414773,14793063,away,3,0,1,0,0,0,0,0,0,0,0,0,0
29414773,14793066,away,3,0,0,0,0,0,0,0,1,0,0,0,0
29414773,14793067,away,3,0,1,0,0,0,1,0,0,0,0,0,0
29414773,14793065,away,3,0,1,0,0,0,1,0,1,0,0,0,0
29414773,14793054,away,4,1,2,0,0,0,2,0,0,0,0,0,0
29414773,14793053,away,2,0,1,0,0,0,3,0,0,1,0,1,0
29414773,14793058,away,4,0,1,0,0,0,1,0,0,0,0,0,0
29414773,14793056,away,4,3,4,0,0,0,1,0,0,0,0,0,0
29414773,14793057,away,3,1,2,0,0,0,0,0,0,0,0,0,0
29414773,14793060,away,3,4,0,1,0,0,4,1,0,0,0,0,0
29414773,14793064,away,2,2,1,0,0,0,0,0,1,0,0,0,0
29414773,14793062,away,1,1,0,0,0,0,0,1,0,0,0,0,0
29414773,14793011,home,5,3,4,0,0,0,0,0,0,0,0,0,0
29414773,14793015,home,4,2,2,1,0,0,0,0,0,0,0,0,0
29414773,14793017,home,3,1,0,0,0,0,0,1,0,0,0,0,0
29414773,14793018,home,4,2,2,1,0,0,0,0,0,0,0,0,0
29414773,14793022,home,4,2,2,0,0,0,0,0,1,0,0,0,0
29414773,14793019,home,5,1,3,0,0,0,2,0,0,0,0,0,0
29414773,14793013,home,3,1,0,0,0,0,1,1,0,0,0,0,0
29414773,14793025,home,4,2,2,1,0,0,0,0,0,0,0,0,0
29414773,14793021,home,4,1,1,0,0,0,2,0,0,0,0,0,0
29414773,14793020,home,3,1,1,0,0,0,1,0,0,0,0,0,0
29414773,14793024,home,4,1,2,0,0,0,0,0,0,0,0,0,0
29414775,14793011,away,4,1,2,1,0,0,2,0,0,0,0,0,0
29414775,14793015,away,4,0,0,0,0,0,0,0,3,0,0,0,0
29414775,14793023,away,4,0,0,0,0,0,0,0,2,0,0,0,0
29414775,14793017,away,4,1,1,0,0,0,0,0,0,0,0,0,0
29414775,14793012,away,3,4,1,1,1,0,2,0,0,1,0,0,0
29414775,14793018,away,4,0,1,0,0,0,1,0,0,0,0,0,0
29414775,14793022,away,3,2,0,1,1,0,0,1,0,0,0,0,0
29414775,14793019,away,4,3,3,1,0,0,1,0,0,0,0,0,0
29414775,14793013,away,2,1,2,0,0,0,4,1,0,0,0,1,0
29414775,14793016,away,4,0,0,0,0,0,0,0,0,0,0,0,0
29414775,14793021,away,3,2,1,0,0,0,0,0,0,0,0,0,0
29414775,14793020,away,4,1,3,0,0,0,3,0,0,0,0,0,0
29414775,14793024,away,3,0,2,0,0,0,1,0,0,1,0,0,0
29414775,14793039,home,2,1,0,0,0,0,0,2,2,0,0,0,0
29414775,14793032,home,5,0,2,0,0,0,2,0,0,0,0,0,0
29414775,14793026,home,5,1,3,0,0,0,4,0,0,0,0,0,0
29414775,14793029,home,3,2,0,0,0,0,0,1,0,0,0,0,0
29414775,14793030,home,4,0,0,0,0,0,0,1,0,0,0,0,0
29414775,14793040,home,5,1,2,0,0,0,0,0,0,0,0,0,0
29414775,14793036,home,5,0,1,1,0,0,0,0,1,0,0,0,0
29414775,14793034,home,3,2,2,0,0,0,0,1,0,0,0,0,0
29414775,14793033,home,4,2,1,1,0,0,1,0,0,0,0,0,0
29414775,14793031,home,4,3,2,0,0,0,1,1,0,0,0,0,0
29414816,14793009,away,2,1,1,0,0,0,0,0,1,1,0,0,0
29414816,14793006,away,2,1,2,0,0,0,0,1,0,0,0,0,0
29414816,14793001,away,4,0,0,2,1,0,0,0,0,0,0,0,0
29414816,14793002,away,3,0,1,0,0,0,1,0,0,0,0,0,0
29414816,14792999,away,2,0,0,0,0,0,1,0,0,0,0,1,0
29414816,14793004,away,4,1,1,0,0,0,0,0,1,0,0,0,0
29414816,14793007,away,4,0,1,0,0,0,0,0,0,0,0,0,0
29414816,14793003,away,3,0,1,0,0,0,0,0,0,0,0,0,0
29414816,14793000,away,4,0,1,0,0,0,1,0,1,0,0,0,0
29414816,14793010,away,4,1,1,0,0,0,0,0,0,0,0,0,0
29414816,14793008,away,3,1,1,0,0,0,0,0,0,0,0,0,0
29414816,14793061,home,5,1,0,0,0,0,0,0,1,0,0,0,0
29414816,14793066,home,4,0,2,0,0,0,0,0,0,0,0,0,0
29414816,14793067,home,5,0,3,0,0,0,1,0,0,0,0,0,0
29414816,14793065,home,4,0,0,0,0,0,0,0,0,0,0,0,0
29414816,14793054,home,5,2,2,1,0,0,1,0,0,0,0,0,0
29414816,14793053,home,4,3,1,1,0,0,0,1,0,0,0,0,0
29414816,14793058,home,3,0,1,0,0,0,2,0,0,0,0,2,0
29414816,14793057,home,5,1,2,0,0,0,1,0,0,0,0,0,0
29414816,14793060,home,5,3,4,0,1,0,3,0,0,0,0,0,0
29414816,14793064,home,4,2,2,0,0,0,0,0,0,0,0,0,0
29414778,14793061,away,2,1,0,0,0,0,1,2,0,0,0,0,0
29414778,14793059,away,4,0,2,0,0,0,0,0,2,0,0,0,0
29414778,14793063,away,3,1,0,0,0,0,0,1,1,0,0,0,0
29414778,14793066,away,4,0,2,0,0,0,2,0,0,0,0,0,0
29414778,14793065,away,4,1,0,1,0,0,0,0,1,0,0,0,0
29414778,14793054,away,5,1,3,1,0,0,5,0,0,0,0,0,0
29414778,14793058,away,5,3,3,2,0,0,5,0,0,0,0,0,0
29414778,14793056,away,6,3,4,1,0,0,5,0,0,0,0,0,0
29414778,14793057,away,5,4,5,0,0,0,1,0,0,0,0,0,0
29414778,14793060,away,4,5,4,0,0,0,0,0,0,1,0,0,0
29414778,14793064,away,3,1,2,0,0,0,1,1,0,0,0,0,0
29414778,14793062,away,3,0,0,0,0,0,0,1,1,0,0,0,0
29414778,14793032,home,4,0,0,0,0,0,2,0,0,0,0,1,0
29414778,14793040,home,5,1,1,0,0,0,0,0,0,0,0,0,0
29414778,14793036,home,4,2,2,0,0,0,2,0,1,0,0,1,0
29414778,14793034,home,3,1,2,0,0,0,1,2,0,0,0,0,0
29414778,14793031,home,0,0,0,0,0,0,0,0,0,0,0,0,0
29414777,14793011,away,4,1,2,0,0,0,0,1,1,0,0,0,0
29414777,14793015,away,4,4,2,0,0,0,1,1,0,0,0,0,0
29414777,14793017,away,4,0,0,0,0,0,0,0,2,0,0,0,0
29414777,14793012,away,4,2,3,0,0,0,0,0,0,0,0,0,0
29414777,14793018,away,3,1,1,0,0,0,0,1,2,0,0,0,0
29414777,14793022,away,4,2,1,0,1,0,2,0,1,0,0,0,0
29414777,14793019,away,5,1,2,1,0,0,1,0,1,0,0,0,0
29414777,14793013,away,3,0,3,0,0,0,3,0,0,0,0,1,0
29414777,14793016,away,2,1,0,0,0,0,0,1,0,1,0,0,0
29414777,14793025,away,3,2,2,1,0,0,3,1,0,0,0,0,0
29414777,14793021,away,4,1,1,0,0,0,0,0,2,0,0,0,0
29414777,14793020,away,3,1,1,1,0,0,1,0,0,1,0,0,0
29414777,14793024,away,3,3,2,0,0,0,2,2,0,0,0,0,0
29414777,14792996,home,3,1,1,0,0,0,0,1,0,0,0,0,0
29414777,14793006,home,4,1,2,1,0,0,2,0,1,0,0,0,0
29414777,14793001,home,5,2,4,1,0,0,5,0,0,0,0,0,0
29414777,14793002,home,0,0,0,0,0,0,0,0,0,0,0,0,0
29414777,14792999,home,4,0,1,0,0,0,0,0,0,0,0,0,0
29414777,14792998,home,4,0,1,0,0,0,1,0,1,0,0,0,0
29414777,14793004,home,5,4,5,0,0,0,0,0,0,0,0,0,0
29414777,14793007,home,4,0,1,1,0,0,1,0,2,0,0,0,0
29414777,14793003,home,4,1,1,0,0,0,0,1,1,0,0,0,0
29414777,14793000,home,4,1,2,0,0,0,0,0,0,0,0,0,0
29414777,14793010,home,5,3,2,1,0,0,0,0,0,0,0,0,0
29414777,14793008,home,4,0,0,0,0,0,1,0,1,0,0,0,0
29414786,14793059,away,3,0,0,0,0,0,0,0,0,0,0,0,0
29414786,14793063,away,4,0,2,0,0,0,3,0,1,0,0,0,0
29414786,14793066,away,4,1,2,1,0,0,0,0,0,0,0,0,0
29414786,14793067,away,4,1,0,0,0,0,1,0,0,0,0,0,0
29414786,14793054,away,4,1,2,0,0,0,1,0,0,0,0,0,0
29414786,14793058,away,2,1,1,0,0,0,0,0,0,0,0,0,0
29414786,14793056,away,4,2,3,0,0,0,0,0,0,0,0,0,0
29414786,14793057,away,3,2,1,0,0,0,0,1,0,0,0,0,0
29414786,14793064,away,3,0,1,0,0,0,0,0,0,0,0,0,0
29414786,14793062,away,2,0,1,0,0,0,0,1,0,0,0,0,0
29414786,14793011,home,4,1,2,0,0,0,1,0,0,0,0,0,0
29414786,14793015,home,4,1,1,2,0,0,2,0,1,0,0,0,0
29414786,14793023,home,2,1,0,0,0,0,0,1,1,0,0,0,0
29414786,14793017,home,3,0,0,0,0,0,1,0,1,0,0,0,0
29414786,14793012,home,4,2,0,3,0,0,1,0,0,0,0,0,0
29414786,14793018,home,3,2,2,0,0,0,1,0,0,0,0,0,0
29414786,14793022,home,2,2,1,0,0,0,0,0,0,0,0,0,0
29414786,14793019,home,3,2,2,0,0,0,0,0,0,1,0,0,0
29414786,14793016,home,4,2,2,0,0,0,0,0,0,0,0,0,0
29414786,14793025,home,4,2,2,0,0,1,2,0,0,0,0,0,0
29414786,14793021,home,4,1,2,0,0,0,1,0,0,0,0,0,0
29414786,14793020,home,4,2,3,0,0,0,1,0,0,0,0,0,0
29414786,14793024,home,2,0,1,0,0,0,2,1,0,0,0,0,0
29414785,14792996,away,5,1,2,0,0,0,0,0,1,0,0,0,0
29414785,14793001,away,5,0,1,2,0,0,2,0,0,0,0,0,0
29414785,14793002,away,5,1,1,0,0,0,1,0,1,0,0,0,0
29414785,14792999,away,4,4,3,0,0,0,0,1,0,0,0,0,0
29414785,14792998,away,4,2,3,0,0,0,1,1,0,0,0,0,0
29414785,14793007,away,5,1,2,1,0,0,0,0,0,0,0,0,0
29414785,14793000,away,5,1,1,0,0,0,0,0,0,0,0,0,0
29414785,14793010,away,6,3,2,1,0,0,2,0,0,0,0,0,0
29414785,14793032,home,3,0,0,0,0,0,1,1,2,0,0,0,0
29414785,14793029,home,4,1,0,0,0,0,1,0,0,0,0,0,0
29414785,14862416,home,4,1,0,0,0,0,0,0,0,0,0,0,0
29414785,14793030,home,3,2,1,0,0,0,0,1,0,0,0,0,0
29414785,14793040,home,3,0,1,0,0,0,1,1,1,0,0,0,0
29414785,14793036,home,4,1,1,1,0,0,1,0,0,0,0,0,0
29414785,14793034,home,4,1,0,2,0,0,0,1,0,0,0,0,0
29414785,14793033,home,3,0,3,0,0,0,0,1,0,0,0,0,0
29414785,14793031,home,5,1,4,0,0,0,2,0,0,0,0,0,0
29414787,14793009,away,4,0,1,0,0,0,0,0,2,0,0,0,0
29414787,14793002,away,3,2,2,0,0,0,1,1,0,0,0,0,0
29414787,14792999,away,3,1,2,0,0,0,0,1,0,0,0,0,0
29414787,14793004,away,4,0,2,0,0,0,0,0,0,0,0,0,0
29414787,14793007,away,4,2,2,0,0,0,0,0,0,0,0,0,0
29414787,14793003,away,3,1,0,0,0,0,0,1,0,0,0,0,0
29414787,14793000,away,4,0,0,0,0,0,0,1,1,0,0,0,0
29414787,14793010,away,3,1,1,0,0,0,0,2,1,0,0,0,0
29414787,14793008,away,4,1,2,0,0,0,0,1,1,0,0,0,0
29414787,14793061,home,4,1,3,1,0,0,1,1,0,0,0,0,0
29414787,14793063,home,4,0,1,0,0,0,0,1,1,0,0,0,0
29414787,14793067,home,4,0,3,0,0,0,0,1,0,0,0,0,0
29414787,14793065,home,5,2,3,0,0,0,0,0,1,0,0,0,0
29414787,14793054,home,5,2,4,1,0,0,5,0,0,0,0,0,0
29414787,14793053,home,5,5,1,2,0,0,5,0,0,0,0,0,0
29414787,14793060,home,4,3,2,1,0,0,0,2,0,0,0,0,0
29414787,14793064,home,5,3,2,0,0,0,1,1,0,0,0,0,0
29414787,14793062,home,4,4,2,0,0,0,1,1,0,0,0,0,0
29414788,14793039,away,5,0,0,0,0,0,0,0,3,0,0,0,0
29414788,14793032,away,5,1,0,0,0,0,0,0,2,0,0,0,0
29414788,14793026,away,4,1,2,1,0,0,1,1,1,0,0,0,0
29414788,14793029,away,3,2,1,0,0,0,0,2,0,0,0,0,0
29414788,14862416,away,5,1,2,0,0,0,0,0,1,0,0,0,0
29414788,14793036,away,5,1,2,1,0,0,1,0,1,0,0,0,0
29414788,14793034,away,4,0,1,0,0,0,0,1,1,0,0,0,0
29414788,14793038,away,5,0,5,0,0,0,4,0,0,0,0,0,0
29414788,14793015,home,4,1,0,1,0,0,0,0,0,0,0,0,0
29414788,14793023,home,3,0,1,0,0,0,0,0,0,0,0,0,0
29414788,14793017,home,3,0,0,0,0,0,0,0,0,1,0,0,0
29414788,14793012,home,4,1,2,1,0,0,0,0,0,0,0,0,0
29414788,14793018,home,4,0,0,0,0,0,0,0,2,0,0,0,0
29414788,14793019,home,4,1,3,0,0,0,0,0,0,0,0,0,0
29414788,14793013,home,3,1,0,0,0,0,0,1,1,0,0,0,0
29414788,14793016,home,4,1,4,0,0,0,2,0,0,0,0,0,0
29414788,14793020,home,3,0,1,0,0,0,2,0,0,0,0,0,0
29414788,14793024,home,3,1,1,0,0,0,0,1,0,0,0,0,0
29414789,14793032,away,8,1,4,0,0,0,2,0,0,0,0,0,0
29414789,14862416,away,7,0,0,1,0,0,1,0,1,0,0,0,0
29414789,14832645,away,6,3,3,0,0,0,2,2,0,0,0,0,0
29414789,14793030,away,6,2,3,0,0,0,1,0,2,0,0,0,0
29414789,14793040,away,7,1,4,0,0,0,2,0,0,0,0,0,0
29414789,14793033,away,7,1,3,0,0,0,1,0,1,0,0,0,0
29414789,14793031,away,8,3,3,3,0,0,1,0,0,0,0,0,0
29414789,14793063,home,4,1,2,0,0,0,2,0,1,0,0,1,0
29414789,14793066,home,4,3,2,0,0,0,3,1,1,0,0,0,0
29414789,14793067,home,3,2,1,0,0,0,0,2,0,0,0,0,0
29414789,14793065,home,5,0,1,0,0,0,2,0,0,0,0,0,0
29414789,14793054,home,5,1,2,2,0,0,1,0,0,0,0,0,0
29414789,14793058,home,5,0,1,1,0,0,1,0,0,0,0,0,0
29414789,14793057,home,5,0,2,0,0,0,2,0,0,0,0,0,0
29414789,14793064,home,3,3,1,0,0,0,0,2,0,0,0,0,0
29414789,14793062,home,5,0,0,0,0,0,0,0,1,0,0,0,0
29414790,14793009,away,3,1,2,0,0,0,0,1,0,0,0,0,0
29414790,14793002,away,4,0,1,0,0,0,0,0,0,0,0,0,0
29414790,14792998,away,2,0,1,0,0,0,0,0,0,0,0,0,0
29414790,14793004,away,3,0,0,0,0,0,0,1,0,0,0,0,0
29414790,14793007,away,4,2,1,1,0,0,1,0,0,0,0,0,0
29414790,14793003,away,3,1,2,0,0,0,0,1,0,0,0,0,0
29414790,14793000,away,4,1,1,0,0,0,0,0,0,0,0,0,0
29414790,14793010,away,3,1,2,0,0,0,0,0,0,0,0,0,0
29414790,14793015,home,4,1,0,1,0,0,1,0,0,0,0,0,0
29414790,14793023,home,3,3,2,0,0,0,2,1,0,0,0,0,0
29414790,14793012,home,4,3,3,0,0,0,1,0,1,0,0,0,0
29414790,14793018,home,4,1,2,1,0,0,2,0,1,0,0,0,0
29414790,14793019,home,5,2,3,1,0,0,2,0,0,0,0,0,0
29414790,14793013,home,3,2,1,0,0,0,0,0,0,1,0,0,0
29414790,14793016,home,4,2,2,0,0,0,1,0,0,0,0,0,0
29414790,14793025,home,3,3,2,0,1,0,2,0,0,0,0,0,0
29414790,14793020,home,2,2,2,0,0,0,2,0,0,0,0,0,0
29414790,14793024,home,4,0,1,0,0,0,1,0,0,0,0,0,0
29414791,14793009,away,3,0,0,0,0,0,0,0,0,0,0,0,0
29414791,14792996,away,4,1,3,0,0,0,0,0,0,0,0,0,0
29414791,14793006,away,4,0,1,0,0,0,0,0,1,0,0,0,0
29414791,14793001,away,4,2,2,1,0,0,0,0,0,0,0,0,0
29414791,14793002,away,3,0,0,0,0,0,0,0,0,0,0,0,0
29414791,14792999,away,3,0,2,0,0,0,1,1,0,0,0,0,0
29414791,14792998,away,2,0,1,0,0,0,0,1,0,0,0,0,0
29414791,14793004,away,3,3,2,0,0,0,0,1,0,0,0,0,0
29414791,14793003,away,4,1,1,0,0,0,1,0,0,0,0,0,0
29414791,14793000,away,3,0,0,0,0,0,0,1,0,0,0,0,0
29414791,14793008,away,4,0,0,0,0,0,0,0,3,0,0,0,0
29414791,14793032,home,4,0,2,0,0,0,2,0,0,0,0,0,0
29414791,14793026,home,3,1,2,1,0,0,0,0,0,0,0,0,0
29414791,14793029,home,3,1,0,0,0,0,0,0,0,0,0,0,0
29414791,14862416,home,4,0,0,0,0,0,0,0,0,0,0,0,0
29414791,14832645,home,4,3,3,0,0,0,1,0,0,0,0,0,0
29414791,14793030,home,3,1,1,0,0,0,1,0,0,0,0,0,0
29414791,14793040,home,4,0,1,0,0,0,1,0,0,0,0,0,0
29414791,14793036,home,4,1,2,0,0,0,2,0,2,0,0,0,0
29414791,14793034,home,4,2,1,0,0,0,1,0,0,0,0,0,0
29414791,14793033,home,3,0,1,0,0,0,1,0,0,0,0,0,0
29414791,14793031,home,4,2,2,1,0,0,0,0,1,0,0,0,0
29414792,14793011,away,4,1,2,0,0,0,2,0,0,0,0,0,0
29414792,14793015,away,4,0,1,0,0,0,0,0,1,0,0,0,0
29414792,14793023,away,4,0,0,0,0,0,0,0,1,0,0,0,0
29414792,14793012,away,3,3,2,0,0,0,1,1,0,0,0,0,0
29414792,14793018,away,4,0,1,0,0,0,1,0,2,0,0,0,0
29414792,14793019,away,4,3,3,0,0,0,0,0,0,0,0,0,0
29414792,14793013,away,3,1,3,0,0,0,1,0,0,0,0,0,0
29414792,14793016,away,3,0,0,0,0,0,0,1,0,0,0,0,0
29414792,14793025,away,4,0,0,2,0,0,0,0,0,0,0,0,0
29414792,14793024,away,4,0,0,0,0,0,0,0,2,0,0,0,0
29414792,14793063,home,5,0,1,0,0,0,1,0,2,0,0,0,0
29414792,14793067,home,5,0,1,1,0,0,3,0,1,0,0,0,0
29414792,14793054,home,5,1,2,0,0,0,0,0,0,0,0,0,0
29414792,14793053,home,3,3,0,0,0,1,2,1,0,1,0,0,0
29414792,14793058,home,4,2,2,0,0,0,2,1,0,0,0,0,0
29414792,14793056,home,6,2,3,0,0,0,1,0,0,0,0,0,0
29414792,14793057,home,5,1,2,0,0,0,0,0,0,0,0,0,0
29414792,14793060,home,4,3,3,0,0,0,2,0,0,1,0,0,0
29414792,14793064,home,5,3,3,0,0,0,0,0,1,0,0,0,0
29414795,14793039,away,3,0,0,0,0,0,1,1,1,0,0,0,0
29414795,14793029,away,5,1,4,0,0,0,4,0,1,0,0,0,0
29414795,14793028,away,6,0,1,0,0,0,0,0,0,0,0,0,0
29414795,14862416,away,5,4,4,0,0,0,1,1,0,0,0,0,0
29414795,14793030,away,4,1,2,0,0,0,0,1,2,0,0,0,0
29414795,14793040,away,6,0,2,0,0,0,0,0,0,0,0,0,0
29414795,14793036,away,5,3,1,0,0,0,0,1,1,0,0,0,0
29414795,14793035,away,2,0,1,0,0,0,0,0,1,0,0,0,0
29414795,14793033,away,5,0,2,0,0,0,1,0,0,0,0,0,0
29414795,14793059,home,2,0,0,0,0,0,0,0,0,0,0,0,0
29414795,14793063,home,3,1,1,0,0,0,0,1,0,0,0,0,0
29414795,14793066,home,5,2,3,0,0,0,1,0,0,0,0,0,0
29414795,14793067,home,4,1,2,0,0,0,1,0,0,0,0,0,0
29414795,14793065,home,4,0,1,0,0,0,0,0,1,0,0,0,0
29414795,14793054,home,5,2,4,0,0,0,3,0,0,0,0,0,0
29414795,14793058,home,5,0,1,0,0,0,1,0,1,0,0,0,0
29414795,14793056,home,4,3,1,0,0,0,0,1,3,0,0,0,0
29414795,14793057,home,4,0,1,0,0,0,1,0,0,0,0,0,0
29414795,14793060,home,3,3,2,0,0,0,2,2,0,0,0,0,0
29414795,14793064,home,3,2,0,0,0,0,2,1,0,0,0,0,0
29414795,14793062,home,4,0,1,0,0,0,1,0,0,0,0,0,0
29414796,14793009,away,3,2,0,0,0,0,0,1,2,0,0,0,0
29414796,14792996,away,5,1,2,0,0,0,0,0,0,0,0,0,0
29414796,14793006,away,5,0,1,0,0,0,1,0,1,0,0,0,0
29414796,14793001,away,4,4,2,2,0,0,2,1,0,0,0,0,0
29414796,14793002,away,4,0,0,0,0,0,0,0,1,0,0,0,0
29414796,14792999,away,3,0,2,0,0,0,2,1,0,1,0,0,0
29414796,14793004,away,5,3,3,0,0,0,0,0,0,0,0,0,0
29414796,14793003,away,4,0,2,0,0,0,0,0,1,1,0,0,0
29414796,14793000,away,5,1,1,0,0,0,0,0,1,0,0,0,0
29414796,14793010,away,5,1,3,0,0,0,2,0,0,0,0,0,0
29414796,14793008,away,5,0,0,0,0,0,0,0,1,0,0,0,0
29414796,14793015,home,4,1,0,0,0,0,0,0,1,0,0,0,0
29414796,14793023,home,4,1,0,0,0,0,0,0,1,0,0,0,0
29414796,14793012,home,5,0,1,0,0,0,1,0,0,0,0,0,0
29414796,14793022,home,4,1,2,0,0,0,0,0,0,0,0,0,0
29414796,14793019,home,5,3,0,2,0,0,2,0,0,0,0,0,0
29414796,14793013,home,5,1,1,0,0,0,0,0,0,0,0,0,0
29414796,14793016,home,4,1,2,0,0,0,1,0,0,0,0,0,0
29414796,14793021,home,4,0,0,0,0,0,2,1,0,0,0,0,0
29414796,14793024,home,4,0,0,0,0,0,1,0,1,0,0,0,0
29973479,14881313,away,3,0,1,0,0,0,0,1,1,1,0,0,0
29973479,14881316,away,3,2,2,0,0,0,0,2,0,0,0,0,0
29973479,14881318,away,5,2,1,0,0,0,0,1,2,0,0,0,0
29973479,14881319,away,5,2,4,1,0,0,1,1,0,0,0,0,0
29973479,14881328,away,3,2,0,0,0,0,0,1,1,1,0,0,0
29973479,14881329,away,5,0,0,0,0,0,0,1,1,0,0,0,0
29973479,14881330,away,4,2,0,1,0,0,1,2,2,0,0,0,0
29973479,14881334,away,3,2,1,0,0,0,0,2,0,0,0,0,0
29973479,14881359,away,3,1,1,1,0,0,4,2,0,0,0,1,0
29973479,14881378,home,3,1,0,0,0,0,1,1,0,0,0,0,0
29973479,14881379,home,5,0,0,0,0,0,1,0,2,0,0,0,0
29973479,14881380,home,4,0,3,0,0,0,2,0,0,0,0,0,0
29973479,14881381,home,3,2,2,0,0,0,1,0,0,2,0,0,0
29973479,14881382,home,4,1,1,0,0,0,0,0,0,0,0,0,0
29973479,14881384,home,5,3,4,1,0,0,2,0,0,0,0,0,0
29973479,14881385,home,5,3,2,1,0,0,4,0,0,0,0,0,0
29973479,14881386,home,5,1,2,0,0,0,0,0,1,0,0,0,0
29973479,14881388,home,5,3,3,1,0,0,0,0,0,0,0,0,0
29973479,14881389,home,5,0,1,0,0,0,0,0,1,0,0,0,0
29973479,14881390,home,4,0,0,0,0,0,0,0,0,0,0,0,0
29973478,14881286,away,1,0,0,0,0,0,0,0,0,0,0,0,0
29973478,14881289,away,4,0,2,0,0,0,0,0,0,0,0,0,0
29973478,14881292,away,4,1,3,0,0,0,0,0,0,0,0,0,0
29973478,14881294,away,3,0,0,0,0,0,0,0,1,0,0,0,0
29973478,14881296,away,2,0,0,0,0,0,0,1,0,0,0,0,0
29973478,14881297,away,2,0,1,0,0,0,0,1,0,0,0,0,0
29973478,14881298,away,3,3,2,0,0,0,0,1,0,0,0,0,0
29973478,14881300,away,4,1,2,0,0,0,0,0,1,0,0,0,0
29973478,14881302,away,4,0,1,0,0,0,2,0,0,0,0,0,0
29973478,14881304,away,4,0,0,0,0,0,0,0,1,0,0,0,0
29973478,14881361,home,2,2,1,0,0,0,1,1,0,0,0,0,0
29973478,14881362,home,3,0,1,0,0,0,0,0,0,0,0,0,0
29973478,14881364,home,3,1,1,0,0,0,0,0,0,0,0,0,0
29973478,14881366,home,3,1,2,0,0,0,1,0,0,0,0,0,0
29973478,14881367,home,2,1,0,0,0,0,0,0,1,1,0,0,0
29973478,14881368,home,3,1,1,1,0,0,1,0,0,0,0,0,0
29973478,14881369,home,3,2,1,1,0,0,0,0,0,0,0,0,0
29973478,14881371,home,2,0,1,0,0,0,0,1,0,0,0,0,0
29973478,14881372,home,3,1,2,0,0,0,0,0,0,0,0,0,0
29973478,14881373,home,3,0,2,0,0,0,3,0,1,0,0,0,0
29973478,14881374,home,3,0,1,0,0,0,0,0,0,0,0,0,0
29973478,14881375,home,2,0,0,0,0,0,0,0,0,0,0,0,0
29999484,14881378,away,5,0,1,0,0,0,0,0,0,0,0,0,0
29999484,14881379,away,5,0,2,0,0,0,1,0,1,0,0,0,0
29999484,14881381,away,5,0,3,0,0,0,2,0,0,0,0,0,0
29999484,14881384,away,3,2,2,1,0,0,4,1,0,0,0,1,0
29999484,14881385,away,6,2,3,0,0,0,0,0,0,0,0,0,0
29999484,14881386,away,6,2,2,1,0,0,0,0,1,0,0,0,0
29999484,14881388,away,6,3,3,0,0,0,0,0,0,0,0,0,0
29999484,14881389,away,5,0,3,0,0,0,2,0,2,0,0,0,0
29999484,14881390,away,4,1,1,0,0,0,0,0,2,1,0,0,0
29999484,14881361,home,6,3,3,0,1,0,1,0,0,0,0,0,0
29999484,14881362,home,6,1,4,1,0,0,0,0,0,0,0,0,0
29999484,14881364,home,5,1,1,0,0,0,0,0,1,0,0,0,0
29999484,14881366,home,5,5,3,2,0,0,3,1,0,0,0,0,0
29999484,14881367,home,4,1,3,0,0,0,0,0,0,1,0,0,0
29999484,14881368,home,3,0,0,0,0,0,1,2,0,0,0,0,0
29999484,14881369,home,6,2,2,1,0,0,1,0,1,0,0,0,0
29999484,14881371,home,4,4,3,0,0,0,3,2,0,0,0,0,0
29999484,14881373,home,5,3,2,0,0,0,2,1,0,0,0,0,0
29999484,14881374,home,6,2,4,0,0,0,4,0,0,0,0,0,0
29999484,14881375,home,5,0,3,0,0,0,0,0,1,0,0,0,0
30181040,15090900,away,3,1,1,0,0,0,0,0,0,0,0,0,0
30181040,15090901,away,4,2,2,2,0,0,3,0,0,0,0,0,0
30181040,15090903,away,4,0,1,0,0,0,0,0,0,0,0,0,0
30181040,15090902,away,3,1,0,1,0,0,0,0,1,0,0,0,0
30181040,15090904,away,4,3,2,1,0,0,2,0,1,0,0,0,0
30181040,15090905,away,3,0,0,1,0,0,0,0,1,0,0,0,0
30181040,15090906,away,4,0,3,0,0,0,2,0,0,0,0,0,0
30181040,15090907,away,3,0,1,0,0,0,0,0,0,0,0,0,0
30181040,15090917,away,3,4,1,2,0,0,0,0,0,1,0,0,0
30181040,15090908,away,3,0,2,0,0,0,1,0,0,0,0,0,0
30181040,15090911,away,4,1,3,0,0,0,0,0,1,0,0,0,0
30181040,15090913,away,4,1,1,0,0,0,2,0,1,0,0,0,0
30181040,15090915,away,2,0,1,0,0,0,0,1,0,0,0,0,0
30181040,15090916,away,3,1,1,0,0,0,0,0,1,0,0,0,0
30181040,15090918,home,5,1,1,0,0,0,0,0,0,0,0,0,0
30181040,15090919,home,4,0,1,0,0,0,0,1,2,0,0,0,0
30181040,15090921,home,3,2,1,0,0,0,0,0,1,0,0,0,0
30181040,15090939,home,1,4,1,0,0,0,0,2,0,2,0,0,0
30181040,15090925,home,3,2,2,0,0,0,1,1,0,1,0,0,0
30181040,15090926,home,5,1,4,0,0,0,7,0,1,0,0,0,0
30181040,15090933,home,5,1,1,0,0,0,0,0,2,0,0,0,0
30181040,15090934,home,5,0,2,0,0,0,0,0,1,0,0,0,0
30181040,15090935,home,4,1,0,0,0,0,0,1,0,0,0,0,0
30181040,15090937,home,4,1,3,0,0,0,0,0,0,1,0,0,0
30181040,15090938,home,5,1,2,2,0,0,0,0,0,0,0,0,0
30181077,15090964,away,4,2,2,1,0,0,1,0,0,0,0,0,0
30181077,15090965,away,3,0,1,0,0,0,1,0,0,0,0,0,0
30181077,15090966,away,3,0,0,0,0,0,0,0,2,0,0,0,0
30181077,15090967,away,1,2,0,0,0,0,0,2,0,0,0,0,0
30181077,15090968,away,2,0,0,0,0,0,1,1,0,0,0,0,0
30181077,15090969,away,2,0,0,0,0,0,0,1,0,0,0,0,0
30181077,15090970,away,3,1,1,0,0,0,1,0,0,0,0,0,0
30181077,15090972,away,3,1,0,0,0,0,1,0,0,0,0,0,0
30181077,15090973,away,4,1,1,1,0,0,1,0,0,0,0,0,0
30181077,15090974,away,3,0,2,0,0,0,0,0,0,0,0,0,0
30181077,15090981,away,1,0,1,0,0,0,1,2,0,0,0,0,0
30181077,15090978,away,4,2,1,0,0,0,0,0,0,0,0,0,0
30181077,15090982,away,3,1,1,1,0,0,1,0,0,0,0,0,0
30181077,15090980,away,3,2,1,2,0,0,2,1,0,0,0,0,0
30181077,15090944,home,4,2,2,0,0,0,0,0,0,0,0,0,0
30181077,15090946,home,1,1,0,0,0,0,0,0,1,2,0,0,0
30181077,15090947,home,4,0,1,0,0,0,1,0,0,0,0,0,0
30181077,15090948,home,3,0,0,0,0,0,1,1,1,0,0,0,0
30181077,15090949,home,1,0,1,0,0,0,0,2,0,0,0,0,0
30181077,15090952,home,3,0,1,0,0,0,0,0,1,0,0,0,0
30181077,15090951,home,3,0,2,0,0,0,1,1,0,0,0,0,0
30181077,15090953,home,3,0,1,0,0,0,0,0,0,0,0,0,0
30181077,15090954,home,3,1,1,0,0,0,0,0,0,0,0,0,0
30181077,15090958,home,4,2,2,0,0,1,2,0,0,0,0,0,0
30181077,15090962,home,2,0,0,1,0,0,1,2,1,0,0,0,0
30181077,15090959,home,3,0,0,0,0,0,1,0,1,0,0,0,0
30181077,15090960,home,2,2,0,1,0,0,0,2,0,0,0,0,0
30181059,15090944,away,5,3,3,0,0,0,1,0,1,0,0,0,0
30181059,15090946,away,2,0,0,0,0,0,0,0,1,0,0,0,0
30181059,15090947,away,4,0,2,0,0,0,2,0,0,0,0,0,0
30181059,15090949,away,2,1,2,0,0,0,2,2,0,0,0,0,0
30181059,15090950,away,4,1,4,0,0,0,2,1,0,0,0,0,0
30181059,15090951,away,5,0,1,0,0,0,0,0,0,0,0,0,0
30181059,15090953,away,4,0,0,0,0,0,0,0,2,0,0,0,0
30181059,15090954,away,5,2,2,1,0,0,2,0,0,0,0,0,0
30181059,15090958,away,5,1,3,0,0,0,0,0,0,0,0,0,0
30181059,15090961,away,3,0,0,0,0,0,0,1,1,0,0,0,0
30181059,15090959,away,4,0,0,0,0,0,0,0,0,0,0,0,0
30181059,15090960,away,5,3,3,0,0,0,0,0,0,0,0,0,0
30181059,15090900,home,3,0,1,0,0,0,0,0,1,0,0,0,0
30181059,15090901,home,4,2,2,1,0,0,3,0,0,0,0,0,0
30181059,15090902,home,3,0,1,1,0,0,1,0,0,0,0,0,0
30181059,15090904,home,4,2,1,0,0,0,1,0,0,0,0,0,0
30181059,15090905,home,3,0,0,0,0,0,0,0,1,0,0,0,0
30181059,15090906,home,4,0,1,2,0,0,2,0,0,0,0,0,0
30181059,15090907,home,3,0,1,0,0,0,1,0,0,0,0,0,0
30181059,15090917,home,4,4,1,0,0,0,0,0,0,0,0,0,0
30181059,15090908,home,3,2,2,0,0,0,0,0,0,0,0,0,0
30181059,15090910,home,3,0,2,0,0,0,1,0,0,0,0,0,0
30181059,15090911,home,2,0,0,0,0,0,0,0,1,1,0,0,0
30181059,15090913,home,3,0,0,0,0,0,0,0,2,0,0,0,0
30181059,15090915,home,2,2,1,0,0,0,0,1,1,0,0,0,0
30181059,15090916,home,3,0,1,0,0,0,0,0,0,0,0,0,0
30181041,15090919,away,4,0,2,0,0,0,0,0,1,1,0,0,0
30181041,15090920,away,5,1,3,0,0,0,0,0,0,0,0,0,0
30181041,15090921,away,3,2,2,0,0,0,0,1,0,0,0,0,0
30181041,15090923,away,5,2,0,2,0,0,2,0,0,0,0,0,0
30181041,15090939,away,3,0,1,0,0,0,3,0,0,1,0,0,0
30181041,15090925,away,4,3,3,0,0,0,2,1,0,0,0,0,0
30181041,15090926,away,5,3,0,2,0,0,5,0,1,0,0,0,0
30181041,15090934,away,3,0,0,0,0,0,1,0,0,0,0,0,0
30181041,15090935,away,5,1,3,0,0,0,1,0,0,0,0,0,0
30181041,15090936,away,3,2,2,0,0,0,0,1,1,0,0,0,0
30181041,15090938,away,4,1,0,0,0,0,0,0,1,0,0,0,0
30181041,15090964,home,1,1,1,0,0,0,0,2,0,0,0,0,0
30181041,15090965,home,3,0,1,0,0,0,1,0,2,0,0,0,0
30181041,15090967,home,3,0,2,0,0,0,1,0,1,0,0,0,0
30181041,15090968,home,2,0,0,0,0,0,0,0,1,0,0,0,0
30181041,15090969,home,3,0,1,0,0,0,0,0,0,0,0,0,0
30181041,15090970,home,3,1,1,0,0,0,0,0,0,0,0,0,0
30181041,15090972,home,0,0,0,0,0,0,0,0,0,0,0,0,0
30181041,15090973,home,3,0,2,0,0,0,0,0,0,0,0,0,0
30181041,15090974,home,3,0,0,0,0,0,0,0,0,0,0,0,0
30181041,15090981,home,2,0,0,0,0,0,0,1,1,0,0,0,0
30181041,15090978,home,3,0,0,1,0,0,0,0,0,0,0,0,0
30181041,15090982,home,3,0,1,0,0,0,0,0,0,0,0,0,0
30181041,15090979,home,2,0,1,0,0,0,0,0,1,0,0,0,0
30181041,15090980,home,3,0,1,0,0,0,0,0,0,0,0,0,0
30181060,15090900,away,2,1,0,0,0,0,0,1,0,0,0,0,0
30181060,15090901,away,4,1,1,1,0,0,3,0,0,0,0,0,0
30181060,15090903,away,3,0,0,0,0,0,0,0,0,0,0,0,0
30181060,15090902,away,3,1,3,0,0,0,0,0,0,0,0,0,0
30181060,15090904,away,4,1,1,0,0,0,0,0,2,0,0,0,0
30181060,15090905,away,2,2,1,0,0,0,1,0,0,1,0,0,0
30181060,15090906,away,2,0,1,0,0,0,2,2,0,0,0,0,0
30181060,15090907,away,2,0,0,0,0,0,0,0,0,0,0,0,0
30181060,15090917,away,3,1,1,0,0,0,1,0,0,1,0,0,0
30181060,15090910,away,3,0,0,1,0,0,0,1,0,0,0,0,0
30181060,15090911,away,2,1,0,0,0,0,0,1,0,0,0,0,0
30181060,15090913,away,3,1,2,0,0,0,1,0,0,1,0,0,0
30181060,15090915,away,2,1,0,0,0,0,1,1,0,0,0,0,0
30181060,15090916,away,0,0,0,0,0,0,0,0,0,0,0,0,0
30181060,15090964,home,4,1,1,1,0,0,2,0,0,0,0,0,0
30181060,15090965,home,3,3,3,0,0,0,2,0,0,1,0,0,0
30181060,15090967,home,4,0,4,0,0,0,4,0,0,0,0,0,0
30181060,15090968,home,2,1,0,0,0,0,0,1,0,0,0,0,0
30181060,15090969,home,2,1,1,0,0,0,0,2,0,0,0,0,0
30181060,15090970,home,4,0,1,0,0,0,2,0,0,0,0,0,0
30181060,15090971,home,4,2,1,1,0,0,2,0,0,0,0,0,0
30181060,15090972,home,2,2,1,0,0,1,3,1,0,0,0,0,0
30181060,15090973,home,3,1,1,0,0,0,0,1,0,0,0,0,0
30181060,15090974,home,4,0,1,0,0,0,0,0,0,0,0,0,0
30181060,15090981,home,0,0,0,0,0,0,0,0,1,0,0,0,0
30181060,15090978,home,4,1,2,0,0,0,1,0,1,0,0,0,0
30181060,15090982,home,4,1,0,1,0,0,0,0,0,0,0,0,0
30181060,15090980,home,4,2,2,0,0,0,1,0,0,0,0,0,0
30181042,15090919,away,4,0,0,0,0,0,0,0,0,0,0,0,0
30181042,15090923,away,4,0,0,0,0,0,1,0,0,0,0,0,0
30181042,15090939,away,4,0,0,0,0,0,0,0,0,0,0,0,0
30181042,15090925,away,2,0,0,0,0,0,0,1,0,0,0,0,0
30181042,15090926,away,3,1,1,0,0,0,0,1,0,0,0,0,0
30181042,15090933,away,4,0,0,0,0,0,0,0,2,0,0,0,0
30181042,15090935,away,3,0,0,0,0,0,0,1,0,0,0,0,0
30181042,15090936,away,2,0,1,0,0,0,0,1,0,0,0,0,0
30181042,15090937,away,4,0,1,0,0,0,0,0,0,0,0,0,0
30181042,15090938,away,3,1,0,0,0,0,0,0,1,0,0,0,0
30181042,15090944,home,4,0,1,1,0,0,1,0,0,0,0,0,0
30181042,15090946,home,3,0,0,0,0,0,0,1,0,0,0,0,0
30181042,15090948,home,4,2,2,1,0,0,2,0,0,0,0,0,0
30181042,15090949,home,4,0,0,0,0,0,0,0,2,0,0,0,0
30181042,15090950,home,3,1,1,1,0,0,1,1,0,0,0,0,0
30181042,15090952,home,3,0,1,0,0,0,1,0,1,0,0,0,0
30181042,15090951,home,4,1,2,0,0,0,0,0,1,0,0,0,0
30181042,15090953,home,3,1,1,0,0,0,0,1,0,0,0,0,0
30181042,15090958,home,4,2,2,0,0,0,0,0,0,0,0,0,0
30181042,15090959,home,3,0,0,0,0,0,0,0,1,0,0,0,0
30181042,15090960,home,4,1,1,0,0,0,0,0,0,0,0,0,0
30181043,15090918,away,3,0,0,0,0,0,0,1,1,0,0,0,0
30181043,15090919,away,4,2,0,0,0,0,1,1,1,0,0,0,0
30181043,15090920,away,3,0,0,0,0,0,1,0,0,0,0,0,0
30181043,15090921,away,4,1,3,0,0,0,0,1,0,0,0,0,0
30181043,15090939,away,4,0,1,0,0,0,0,0,0,1,0,0,0
30181043,15090924,away,4,1,2,0,0,0,1,0,0,0,0,0,0
30181043,15090926,away,5,0,3,1,0,0,3,0,0,0,0,0,0
30181043,15090930,away,3,0,1,0,0,0,1,0,0,0,0,0,0
30181043,15090933,away,4,3,3,0,0,0,1,0,0,1,0,0,0
30181043,15090935,away,5,2,2,0,0,0,0,0,0,0,0,0,0
30181043,15090937,away,4,0,0,0,0,0,0,1,0,0,0,0,0
30181043,15090938,away,3,1,2,0,0,0,0,0,0,1,0,0,0
30181043,15090900,home,4,1,0,1,0,0,0,0,1,0,0,0,0
30181043,15090901,home,4,1,4,0,0,0,4,0,0,0,0,0,0
30181043,15090903,home,3,1,2,0,0,0,1,0,0,0,0,0,0
30181043,15090902,home,4,2,2,1,0,0,0,0,0,0,0,0,0
30181043,15090904,home,4,2,1,1,0,0,0,0,0,0,0,0,0
30181043,15090905,home,3,1,1,0,0,0,0,0,0,0,0,0,0
30181043,15090906,home,4,1,3,0,0,0,1,0,0,0,0,0,0
30181043,15090907,home,2,1,1,0,0,0,0,1,0,0,0,0,0
30181043,15090917,home,3,2,0,0,0,0,0,0,0,0,0,0,0
30181043,15090908,home,4,0,0,0,0,0,0,0,1,0,0,0,0
30181043,15090909,home,3,1,1,0,0,0,0,0,0,0,0,0,0
30181043,15090911,home,3,1,3,0,0,0,0,0,0,0,0,0,0
30181043,15090913,home,3,0,0,0,0,0,0,0,0,0,0,0,0
30181043,15090915,home,3,0,1,0,0,0,1,0,0,0,0,0,0
30181071,15090944,away,3,0,1,0,0,0,0,0,0,0,0,0,0
30181071,15090945,away,0,0,0,0,0,0,0,0,0,0,0,0,0
30181071,15090946,away,2,0,0,0,0,0,0,0,1,0,0,0,0
30181071,15090947,away,3,0,1,0,0,0,0,0,0,0,0,0,0
30181071,15090948,away,3,0,0,0,0,0,0,0,0,0,0,0,0
30181071,15090949,away,3,0,0,0,0,0,0,0,1,0,0,0,0
30181071,15090950,away,3,1,1,0,0,0,0,0,0,0,0,0,0
30181071,15090952,away,2,0,0,0,0,0,0,1,1,0,0,0,0
30181071,15090953,away,3,0,2,0,0,0,0,0,0,0,0,0,0
30181071,15090958,away,3,1,1,0,0,0,0,0,0,0,0,0,0
30181071,15090961,away,3,0,0,1,0,0,0,0,1,0,0,0,0
30181071,15090959,away,2,0,0,0,0,0,0,0,1,0,0,0,0
30181071,15090960,away,2,0,0,0,0,0,0,1,0,0,0,0,0
30181071,15090964,home,3,1,1,0,0,0,0,0,0,0,0,0,0
30181071,15090965,home,3,0,1,0,0,0,0,0,0,0,0,0,0
30181071,15090966,home,0,0,0,0,0,0,0,0,0,0,0,0,0
30181071,15090967,home,3,0,0,0,0,0,0,0,1,0,0,0,0
30181071,15090968,home,0,0,0,0,0,0,0,2,0,1,0,0,0
30181071,15090969,home,1,1,0,0,0,0,0,2,0,0,0,0,0
30181071,15090970,home,3,0,1,0,0,0,0,0,0,0,0,0,0
30181071,15090971,home,3,0,0,0,0,0,0,1,0,0,0,0,0
30181071,15090972,home,2,1,1,0,0,0,0,1,0,0,0,0,0
30181071,15090973,home,3,0,2,0,0,0,0,0,0,0,0,0,0
30181071,15090974,home,3,0,0,0,0,0,0,0,0,0,0,0,0
30181071,15090978,home,2,0,0,0,0,0,0,1,0,0,0,0,0
30181071,15090982,home,3,1,1,0,0,0,0,0,2,0,0,0,0
30181071,15090980,home,3,1,1,0,0,0,0,0,0,0,0,0,0
30181044,15090964,away,4,0,1,0,0,0,0,0,0,0,0,0,0
30181044,15090965,away,4,2,4,0,0,0,1,0,0,0,0,0,0
30181044,15090967,away,3,0,0,0,0,0,0,0,1,0,0,0,0
30181044,15090968,away,3,0,1,0,0,0,0,0,0,0,0,0,0
30181044,15090969,away,4,0,1,1,0,0,1,0,0,0,0,0,0
30181044,15090970,away,4,0,1,0,0,0,1,0,1,0,0,0,0
30181044,15090971,away,3,1,2,0,0,0,1,0,1,0,0,0,0
30181044,15090973,away,3,0,1,1,0,0,0,0,0,0,0,0,0
30181044,15090974,away,3,1,0,0,0,0,0,0,0,0,0,0,0
30181044,15090981,away,3,1,0,0,0,0,0,1,1,0,0,0,0
30181044,15090978,away,3,0,2,0,0,0,0,0,0,0,0,0,0
30181044,15090979,away,3,0,0,0,0,0,0,0,0,0,0,0,0
30181044,15090980,away,3,1,1,0,0,0,0,1,0,0,0,0,0
30181044,15090918,home,3,0,0,0,0,0,0,0,0,0,0,0,0
30181044,15090919,home,2,0,0,0,0,0,0,1,0,0,0,0,0
30181044,15090921,home,3,1,0,0,0,0,0,1,2,0,0,0,0
30181044,15090939,home,4,0,0,0,0,0,2,0,0,0,0,0,0
30181044,15090924,home,3,2,2,0,0,0,2,1,0,0,0,0,0
30181044,15090925,home,4,2,1,1,0,0,2,0,0,0,0,0,0
30181044,15090926,home,3,2,2,0,0,0,0,1,0,0,0,0,0
30181044,15090933,home,4,2,1,0,0,0,0,0,0,0,0,0,0
30181044,15090935,home,4,0,2,0,0,0,2,0,0,0,0,0,0
30181044,15090936,home,2,2,1,0,0,0,0,2,0,0,0,0,0
30181061,15090900,away,3,2,3,0,0,0,1,0,0,0,0,0,0
30181061,15090901,away,3,1,0,0,0,0,0,1,1,0,0,0,0
30181061,15090903,away,3,0,2,0,0,0,3,0,0,0,0,0,0
30181061,15090902,away,4,0,1,0,0,0,0,0,0,0,0,0,0
30181061,15090905,away,2,0,1,0,0,0,0,1,0,0,0,0,0
30181061,15090906,away,2,2,1,0,0,0,1,1,0,0,0,0,0
30181061,15090907,away,3,0,1,0,0,0,0,0,0,0,0,0,0
30181061,15090917,away,4,1,3,0,0,0,0,0,0,0,0,0,0
30181061,15090908,away,3,0,0,0,0,0,0,0,1,0,0,0,0
30181061,15090909,away,3,1,1,0,0,0,1,0,0,0,0,0,0
30181061,15090911,away,3,3,3,0,0,0,3,0,0,0,0,0,0
30181061,15090913,away,3,0,0,0,0,0,0,0,0,0,0,0,0
30181061,15090915,away,3,0,2,0,0,0,1,0,0,0,0,0,0
30181061,15090916,away,3,0,0,0,0,0,0,0,1,0,0,0,0
30181061,15090946,home,4,0,2,0,0,0,1,0,0,0,0,0,0
30181061,15090947,home,4,1,2,0,0,0,1,0,0,0,0,0,0
30181061,15090948,home,4,2,3,0,0,0,4,0,0,0,0,0,0
30181061,15090949,home,4,2,2,0,0,0,1,0,0,0,0,0,0
30181061,15090950,home,3,2,2,0,0,0,1,0,0,0,0,1,0
30181061,15090952,home,3,0,1,0,0,0,0,0,1,1,0,0,0
30181061,15090951,home,4,1,2,0,0,0,1,0,0,0,0,0,0
30181061,15090953,home,4,0,0,0,0,0,0,0,2,0,0,0,0
30181061,15090954,home,2,1,1,0,0,0,0,0,0,0,0,0,0
30181061,15090958,home,4,3,4,0,0,0,0,0,0,0,0,0,0
30181061,15090961,home,4,0,2,0,0,0,0,0,1,0,0,0,0
30181061,15090959,home,4,1,2,0,0,0,0,0,0,0,0,0,0
30181061,15090960,home,4,2,1,1,0,0,2,0,1,0,0,0,0
30181045,15090944,away,5,2,1,0,0,0,3,0,0,0,0,0,0
30181045,15090946,away,4,2,1,0,0,0,0,0,0,0,0,0,0
30181045,15090948,away,5,0,2,0,0,0,0,0,0,0,0,0,0
30181045,15090949,away,4,0,1,0,0,0,1,1,0,0,0,0,0
30181045,15090950,away,5,4,2,1,0,0,1,0,0,0,0,0,0
30181045,15090952,away,4,1,2,0,0,0,0,1,1,0,0,0,0
30181045,15090951,away,4,2,2,0,0,0,1,0,2,0,0,0,0
30181045,15090958,away,4,2,3,0,0,0,0,1,0,0,0,0,0
30181045,15090961,away,5,0,2,0,0,0,1,0,2,0,0,0,0
30181045,15090962,away,1,1,1,0,0,0,0,1,0,0,0,0,0
30181045,15090960,away,5,3,2,1,0,0,1,0,0,0,0,0,0
30181045,15090918,home,2,1,2,0,0,0,0,0,0,0,0,0,0
30181045,15090919,home,2,0,0,1,0,0,2,0,0,0,0,0,0
30181045,15090920,home,2,0,0,0,0,0,0,0,0,0,0,0,0
30181045,15090921,home,1,0,0,0,0,0,0,1,0,0,0,0,0
30181045,15090923,home,3,2,2,0,0,0,0,0,0,0,0,0,0
30181045,15090939,home,3,1,1,0,0,0,1,0,0,0,0,0,0
30181045,15090924,home,2,1,0,1,0,0,1,1,0,0,0,0,0
30181045,15090925,home,3,0,2,0,0,0,0,0,0,0,0,0,0
30181045,15090926,home,2,1,0,0,0,0,0,1,2,0,0,0,0
30181045,15090930,home,2,1,2,0,0,0,1,0,0,0,0,0,0
30181045,15090933,home,3,0,1,0,0,0,0,0,0,0,0,0,0
30181045,15090934,home,2,0,0,0,0,0,1,1,1,0,0,0,0
30181045,15090935,home,2,2,1,0,0,0,1,1,0,0,0,0,0
30181045,15090936,home,3,1,2,0,0,0,3,0,1,0,0,0,0
30181045,15090937,home,3,1,1,0,0,0,0,0,1,0,0,0,0
30181062,15090965,away,2,2,0,0,0,0,0,1,0,0,0,0,0
30181062,15090966,away,4,0,0,0,0,0,0,0,1,0,0,0,0
30181062,15090967,away,0,0,0,0,0,0,0,0,0,0,0,0,0
30181062,15090969,away,3,0,1,0,0,0,1,1,0,0,0,0,0
30181062,15090970,away,3,1,1,0,0,0,0,1,0,0,0,0,0
30181062,15090971,away,3,2,1,0,0,0,0,1,0,0,0,0,0
30181062,15090973,away,4,1,3,0,0,0,0,0,1,0,0,0,0
30181062,15090981,away,3,1,0,0,0,0,0,1,0,0,0,0,0
30181062,15090978,away,4,1,0,0,0,0,0,0,0,0,0,0,0
30181062,15090982,away,4,0,2,0,0,0,0,0,0,0,0,0,0
30181062,15090979,away,4,0,1,0,0,0,0,0,1,0,0,0,0
30181062,15090980,away,4,3,2,1,1,0,4,0,0,0,0,0,0
30181062,15090900,home,3,2,1,1,0,0,0,0,0,0,0,0,0
30181062,15090901,home,3,3,2,1,0,0,0,0,0,0,0,0,0
30181062,15090903,home,2,0,1,0,0,0,0,0,0,0,0,0,0
30181062,15090902,home,3,0,3,0,0,0,2,0,0,0,0,0,0
30181062,15090904,home,2,1,1,0,0,0,0,1,0,0,0,0,0
30181062,15090905,home,2,1,1,0,0,0,0,0,1,0,0,0,0
30181062,15090906,home,2,1,1,0,0,0,1,1,0,0,0,0,0
30181062,15090917,home,3,0,0,0,0,0,0,0,1,0,0,0,0
30181062,15090908,home,3,0,1,0,0,0,0,0,1,0,0,0,0
30181062,15090911,home,3,1,2,0,0,0,2,0,1,0,0,0,0
30181062,15090913,home,2,0,0,0,0,0,0,0,0,0,0,0,0
30181062,15090915,home,2,0,0,0,0,0,1,1,0,0,0,0,0
30181062,15090916,home,2,0,0,0,0,0,0,0,0,0,0,0,0
30181072,15090964,away,4,0,0,0,0,0,0,0,0,0,0,0,0
30181072,15090965,away,3,2,1,0,1,0,0,1,0,0,0,0,0
30181072,15090967,away,0,0,0,0,0,0,0,0,0,0,0,0,0
30181072,15090969,away,4,1,1,0,0,0,0,0,0,0,0,0,0
30181072,15090970,away,3,1,2,0,0,0,0,0,0,0,0,0,0
30181072,15090971,away,4,0,0,0,0,0,0,0,1,0,0,0,0
30181072,15090972,away,3,2,2,0,0,0,0,1,1,0,0,0,0
30181072,15090973,away,4,1,3,0,0,0,0,0,0,0,0,0,0
30181072,15090974,away,4,0,3,0,0,0,0,0,0,0,0,0,0
30181072,15090981,away,2,0,1,0,0,0,0,0,0,1,0,0,0
30181072,15090978,away,4,0,0,0,0,0,0,0,2,0,0,0,0
30181072,15090982,away,4,1,2,0,0,0,0,0,1,0,0,0,0
30181072,15090979,away,3,0,1,0,0,0,0,0,1,0,0,0,0
30181072,15090944,home,3,1,2,0,0,0,0,0,0,0,0,0,0
30181072,15090945,home,2,1,0,0,0,0,0,1,0,0,0,0,0
30181072,15090946,home,2,1,0,0,0,0,0,1,1,0,0,0,0
30181072,15090947,home,4,1,2,0,0,0,0,0,0,0,0,0,0
30181072,15090948,home,2,0,0,0,0,0,0,0,0,0,0,0,0
30181072,15090949,home,3,0,2,0,0,0,0,1,0,0,0,0,0
30181072,15090950,home,3,2,1,0,0,0,0,1,0,0,0,0,0
30181072,15090952,home,3,1,1,0,0,0,0,1,0,0,0,0,0
30181072,15090951,home,4,0,2,0,0,0,0,0,0,0,0,0,0
30181072,15090958,home,2,3,1,1,0,0,0,2,0,0,0,0,0
30181072,15090961,home,3,0,0,1,0,0,0,1,0,0,0,0,0
30181072,15090962,home,1,2,0,0,0,0,0,1,0,0,0,0,0
30181072,15090960,home,4,1,3,0,0,0,0,0,0,0,0,0,0
30181046,15090900,away,4,1,2,0,0,0,1,0,0,0,0,0,0
30181046,15090901,away,3,3,0,0,2,0,1,0,0,1,0,0,0
30181046,15090903,away,3,0,1,0,0,0,1,0,0,0,0,0,0
30181046,15090902,away,4,2,2,1,0,0,1,0,0,0,0,0,0
30181046,15090904,away,3,0,2,0,0,0,1,0,0,0,0,0,0
30181046,15090906,away,3,2,1,0,0,0,2,0,0,1,0,1,0
30181046,15090907,away,4,1,2,0,0,0,3,0,0,0,0,0,0
30181046,15090917,away,4,0,0,0,0,0,0,0,1,0,0,0,0
30181046,15090908,away,4,1,1,0,0,0,0,0,0,0,0,0,0
30181046,15090909,away,3,0,2,0,0,0,0,0,0,0,0,0,0
30181046,15090911,away,3,1,1,0,0,0,1,1,0,0,0,0,0
30181046,15090915,away,1,0,0,0,0,0,0,1,0,0,0,0,0
30181046,15090916,away,3,0,1,0,0,0,0,0,1,0,0,0,0
30181046,15090918,home,2,1,0,0,0,0,0,1,1,0,0,0,0
30181046,15090921,home,2,1,0,1,0,0,3,1,0,0,0,0,0
30181046,15090923,home,3,2,3,0,0,0,1,0,0,1,0,0,0
30181046,15090939,home,4,2,3,0,0,0,2,0,0,0,0,0,0
30181046,15090924,home,4,1,1,0,0,0,0,0,1,0,0,0,0
30181046,15090926,home,3,0,0,0,0,0,0,1,0,0,0,0,0
30181046,15090930,home,4,1,1,0,0,0,0,0,0,0,0,0,0
30181046,15090933,home,4,0,1,1,1,0,4,0,0,0,0,0,0
30181046,15090934,home,3,1,2,0,0,0,1,0,0,0,0,0,0
30181046,15090935,home,4,1,2,0,0,0,1,0,0,0,0,0,0
30181046,15090936,home,3,2,2,0,0,0,2,0,0,0,0,0,0
30181046,15090937,home,4,2,2,0,0,0,0,0,0,0,0,0,0
30181046,15090938,home,3,0,0,0,0,0,0,0,2,0,0,0,0
30181047,15090918,away,3,1,0,0,0,0,0,1,0,0,0,0,0
30181047,15090919,away,4,0,1,0,0,0,0,0,1,0,0,0,0
30181047,15090939,away,4,0,1,0,0,0,0,0,0,0,0,0,0
30181047,15090924,away,4,1,2,0,0,0,1,0,0,0,0,0,0
30181047,15090925,away,4,0,2,0,0,0,0,0,0,0,0,0,0
30181047,15090926,away,4,0,1,0,0,0,1,0,0,0,0,0,0
30181047,15090933,away,4,3,3,0,0,0,0,0,0,0,0,0,0
30181047,15090934,away,4,0,0,0,0,0,0,0,0,0,0,0,0
30181047,15090935,away,4,0,2,0,0,0,0,0,0,0,0,0,0
30181047,15090936,away,4,0,2,1,0,0,1,0,0,0,0,0,0
30181047,15090938,away,4,0,0,0,0,0,0,0,1,0,0,0,0
30181047,15090964,home,4,2,1,1,0,0,1,0,0,0,0,0,0
30181047,15090965,home,4,2,0,2,0,0,1,0,0,0,0,0,0
30181047,15090968,home,3,0,1,0,0,0,1,0,0,0,0,0,0
30181047,15090969,home,3,0,2,0,0,0,3,0,0,0,0,0,0
30181047,15090970,home,2,0,0,0,0,0,1,0,1,0,0,1,0
30181047,15090971,home,3,1,0,0,0,0,0,1,0,0,0,0,0
30181047,15090972,home,3,1,2,0,0,0,0,0,0,0,0,0,0
30181047,15090973,home,3,2,2,0,0,0,2,0,0,0,0,0,0
30181047,15090974,home,3,0,1,0,0,0,0,0,1,0,0,0,0
30181047,15090981,home,2,1,1,0,0,0,1,0,0,0,0,0,0
30181047,15090978,home,2,0,0,0,0,0,0,1,0,0,0,0,0
30181047,15090982,home,3,1,2,0,1,0,1,0,0,0,0,0,0
30181047,15090979,home,2,0,0,0,0,0,0,1,1,0,0,0,0
30181047,15090980,home,3,3,1,2,0,0,2,0,0,0,0,0,0
30181063,15090944,away,5,1,1,0,0,0,1,0,1,0,0,0,0
30181063,15090945,away,4,1,1,0,0,0,0,0,0,0,0,0,0
30181063,15090946,away,5,0,2,0,0,0,1,0,0,0,0,0,0
30181063,15090947,away,5,0,2,1,0,0,1,0,0,0,0,0,0
30181063,15090949,away,4,0,3,0,0,0,2,1,0,0,0,0,0
30181063,15090951,away,5,2,4,1,0,0,1,0,0,0,0,0,0
30181063,15090953,away,4,1,0,0,0,0,0,0,0,1,0,0,0
30181063,15090958,away,4,2,4,0,0,0,1,2,0,0,0,0,0
30181063,15090960,away,6,0,2,0,0,0,0,0,1,0,0,0,0
30181063,15090900,home,3,1,1,0,0,0,0,0,0,0,0,0,0
30181063,15090901,home,3,2,3,0,0,0,2,0,0,0,0,0,0
30181063,15090903,home,3,2,2,0,0,0,0,0,0,0,0,0,0
30181063,15090902,home,3,2,3,0,0,0,3,0,0,0,0,0,0
30181063,15090904,home,3,2,2,0,0,0,1,0,0,0,0,0,0
30181063,15090905,home,3,0,0,0,0,0,0,0,2,0,0,0,0
30181063,15090906,home,3,2,1,0,0,0,1,0,0,0,0,0,0
30181063,15090907,home,1,2,0,0,0,0,1,1,0,0,0,0,0
30181063,15090917,home,3,1,2,0,1,0,1,0,0,0,0,0,0
30181063,15090908,home,3,0,1,0,0,0,1,0,1,0,0,0,0
30181063,15090909,home,3,1,1,0,0,0,0,0,0,0,0,0,0
30181063,15090911,home,3,0,1,0,0,0,1,0,0,0,0,0,0
30181063,15090913,home,2,2,2,0,0,0,0,1,0,0,0,0,0
30181063,15090915,home,2,1,0,0,0,0,0,1,0,0,0,0,0
30181063,15090916,home,1,1,0,0,0,0,0,1,1,0,0,0,0
30181049,15090918,away,3,0,0,0,0,0,0,1,0,0,0,0,0
30181049,15090919,away,4,1,2,0,0,0,1,0,1,1,0,0,0
30181049,15090939,away,4,2,3,0,0,0,1,0,0,1,0,0,0
30181049,15090924,away,4,1,2,0,0,0,1,0,0,0,0,0,0
30181049,15090925,away,4,3,0,1,0,0,0,1,0,0,0,0,0
30181049,15090926,away,4,3,3,1,0,0,2,0,0,0,0,1,0
30181049,15090933,away,5,0,1,0,0,0,2,0,0,0,0,0,0
30181049,15090934,away,5,1,2,0,0,0,1,0,1,0,0,0,0
30181049,15090935,away,5,1,2,0,0,0,2,0,1,0,0,0,0
30181049,15090936,away,2,2,2,0,0,0,3,3,0,0,0,0,0
30181049,15090937,away,5,2,3,0,0,0,2,0,0,0,0,0,0
30181049,15090900,home,3,1,2,0,0,0,1,1,0,0,0,0,0
30181049,15090901,home,3,3,2,0,0,0,0,1,0,0,0,0,0
30181049,15090903,home,4,2,1,1,0,0,0,0,0,0,0,0,0
30181049,15090902,home,3,1,0,1,0,0,2,0,0,0,0,1,0
30181049,15090904,home,4,1,0,0,0,0,0,0,0,0,0,0,0
30181049,15090905,home,2,1,0,0,0,0,0,2,1,0,0,0,0
30181049,15090906,home,4,1,4,0,0,0,4,0,0,0,0,0,0
30181049,15090907,home,3,1,1,0,0,0,0,0,0,0,0,0,0
30181049,15090917,home,3,1,2,0,0,0,1,0,0,0,0,0,0
30181049,15090911,home,3,0,1,0,0,0,1,1,1,0,0,0,0
30181049,15090913,home,3,0,2,0,0,0,2,0,0,0,0,0,0
30181049,15090915,home,4,1,2,0,0,0,1,0,1,0,0,0,0
30181049,15090916,home,3,0,1,0,0,0,0,0,0,0,0,0,0
30181073,15090944,away,3,0,2,0,0,0,0,0,0,0,0,0,0
30181073,15090945,away,2,0,2,0,0,0,0,0,0,1,0,0,0
30181073,15090946,away,3,0,0,1,0,0,0,0,1,0,0,0,0
30181073,15090947,away,2,0,0,0,0,0,0,1,0,0,0,0,0
30181073,15090948,away,3,0,1,0,0,0,0,1,0,0,0,0,0
30181073,15090950,away,4,0,1,0,0,0,0,0,0,0,0,0,0
30181073,15090952,away,3,0,0,0,0,0,0,0,0,0,0,0,0
30181073,15090951,away,4,1,3,0,0,0,2,0,0,0,0,0,0
30181073,15090958,away,4,0,1,0,0,0,0,0,0,0,0,0,0
30181073,15090961,away,3,0,2,0,0,0,0,0,1,0,0,0,0
30181073,15090962,away,2,0,1,0,0,0,1,0,1,0,0,0,0
30181073,15090959,away,3,0,0,0,0,0,0,0,1,0,0,0,0
30181073,15090960,away,3,2,1,0,0,0,0,1,1,0,0,0,0
30181073,15090964,home,3,1,1,1,0,0,0,0,0,0,0,0,0
30181073,15090965,home,3,1,2,0,0,0,0,0,0,0,0,0,0
30181073,15090968,home,2,0,0,0,0,0,0,0,0,0,0,0,0
30181073,15090969,home,3,0,0,0,0,0,0,0,0,0,0,0,0
30181073,15090970,home,2,1,2,0,0,0,1,0,0,1,0,0,0
30181073,15090971,home,3,0,0,0,0,0,0,0,1,0,0,0,0
30181073,15090972,home,3,1,2,0,0,0,0,0,0,0,0,0,0
30181073,15090973,home,3,0,2,0,0,0,0,0,0,0,0,0,0
30181073,15090974,home,2,0,0,0,0,0,0,1,0,0,0,0,0
30181073,15090981,home,2,0,0,0,0,0,0,1,1,0,0,0,0
30181073,15090978,home,3,0,0,0,0,0,0,0,0,0,0,0,0
30181073,15090982,home,2,0,1,0,0,0,0,1,0,0,0,0,0
30181073,15090980,home,2,0,0,0,0,0,1,0,0,0,0,1,0
30181051,15090944,away,3,1,0,0,0,0,0,0,0,0,0,0,0
30181051,15090945,away,3,1,0,0,0,0,0,1,1,0,0,0,0
30181051,15090946,away,3,1,0,0,0,0,0,1,1,0,0,0,0
30181051,15090948,away,5,2,3,0,0,0,1,0,0,0,0,0,0
30181051,15090949,away,4,0,3,0,0,0,1,0,0,0,0,0,0
30181051,15090950,away,4,1,1,0,0,0,1,1,0,0,0,0,0
30181051,15157653,away,2,0,1,0,0,0,0,2,0,0,0,0,0
30181051,15090951,away,5,0,2,0,0,0,3,0,0,0,0,0,0
30181051,15090958,away,4,4,1,1,0,0,0,1,0,0,0,0,0
30181051,15090961,away,3,0,2,1,0,0,1,1,0,0,0,0,0
30181051,15090962,away,0,0,0,0,0,0,0,0,0,0,0,0,0
30181051,15090959,away,4,1,1,0,0,0,0,0,0,0,0,0,0
30181051,15090960,away,2,3,0,1,0,0,2,3,0,0,0,0,0
30181051,15090918,home,4,0,0,0,0,0,0,0,2,0,0,0,0
30181051,15090920,home,0,0,0,0,0,0,0,0,0,0,0,0,0
30181051,15090939,home,5,1,3,0,0,0,1,0,0,0,0,0,0
30181051,15090924,home,4,0,0,0,0,0,0,0,0,0,0,0,0
30181051,15090925,home,4,2,1,0,0,0,0,1,0,0,0,0,0
30181051,15090933,home,5,1,2,0,0,0,2,0,0,0,0,0,0
30181051,15090934,home,4,0,0,0,0,0,0,0,0,0,0,0,0
30181051,15090935,home,4,0,2,0,0,0,0,1,0,0,0,0,0
30181051,15090936,home,4,1,2,0,0,0,1,0,0,0,0,0,0
30181051,15090938,home,4,0,0,0,0,0,0,0,1,0,0,0,0
30181066,15090964,away,3,1,2,0,0,0,1,1,0,0,0,0,0
30181066,15090965,away,2,3,1,1,0,0,3,1,0,1,0,0,0
30181066,15090966,away,3,1,0,0,0,0,0,1,0,0,0,0,0
30181066,15090967,away,3,1,1,0,0,0,2,1,0,0,0,0,0
30181066,15090968,away,3,1,0,0,0,0,0,1,1,0,0,0,0
30181066,15090969,away,3,0,2,0,0,0,2,1,0,0,0,0,0
30181066,15090970,away,3,1,0,1,0,0,0,0,1,0,0,0,0
30181066,15090972,away,1,1,1,0,0,0,2,0,0,0,0,0,0
30181066,15090974,away,4,0,2,0,0,0,2,0,2,0,0,0,0
30181066,15090978,away,5,1,1,0,0,0,0,0,1,0,0,0,0
30181066,15090979,away,4,0,1,0,0,0,0,0,2,0,0,0,0
30181066,15090980,away,3,4,2,1,0,0,0,1,0,0,0,0,0
30181066,15090900,home,3,2,2,0,0,0,0,1,1,0,0,0,0
30181066,15090901,home,4,2,1,2,0,0,1,0,0,0,0,0,0
30181066,15090903,home,2,1,0,0,0,0,0,1,0,0,0,0,0
30181066,15090902,home,4,1,3,0,0,0,0,0,0,0,0,0,0
30181066,15090905,home,4,1,1,0,0,0,2,0,0,0,0,0,0
30181066,15090906,home,4,3,2,1,0,0,2,0,0,0,0,0,0
30181066,15090907,home,3,1,2,0,0,0,2,1,0,0,0,0,0
30181066,15090917,home,2,1,1,0,0,0,1,0,0,0,0,0,0
30181066,15090908,home,4,2,2,0,0,0,1,0,0,0,0,0,0
30181066,15090913,home,4,1,3,0,0,0,1,0,0,0,0,0,0
30181066,15090916,home,2,0,0,0,0,0,0,1,0,0,0,0,0
30181074,15090946,away,4,1,1,0,0,0,0,0,0,0,0,0,0
30181074,15090947,away,4,2,1,0,0,0,0,0,0,0,0,0,0
30181074,15090948,away,4,1,1,0,0,0,0,0,0,0,0,0,0
30181074,15090949,away,4,1,2,0,0,0,0,0,1,0,0,0,0
30181074,15090950,away,3,2,2,0,0,0,2,0,0,1,0,0,0
30181074,15157653,away,4,1,2,0,0,0,0,0,0,0,0,0,0
30181074,15090958,away,4,0,0,0,0,0,0,0,2,0,0,0,0
30181074,15090959,away,4,1,1,0,0,0,0,0,2,0,0,0,0
30181074,15090960,away,4,2,1,0,0,0,1,0,0,0,0,0,0
30181074,15090964,home,4,2,2,0,0,0,0,0,0,0,0,0,0
30181074,15090965,home,3,2,3,0,0,0,2,0,0,1,0,0,0
30181074,15090966,home,2,1,0,0,0,0,0,1,2,0,0,0,0
30181074,15090967,home,4,0,0,0,0,0,0,0,2,0,0,0,0
30181074,15090968,home,3,0,0,0,0,0,0,0,0,0,0,0,0
30181074,15090969,home,4,0,2,0,0,0,2,0,0,0,0,0,0
30181074,15090970,home,4,0,1,0,0,0,1,0,1,0,0,0,0
30181074,15090971,home,4,3,4,0,0,0,0,0,0,0,0,0,0
30181074,15090973,home,0,0,0,0,0,0,0,0,0,0,0,0,0
30181074,15090974,home,0,0,0,0,0,0,0,0,0,0,0,0,0
30181074,15090978,home,2,0,0,1,0,0,0,1,0,0,0,0,0
30181074,15090982,home,4,0,1,0,0,0,1,0,1,0,0,0,0
30181074,15090979,home,1,0,0,0,0,0,0,2,1,0,0,0,0
30181074,15090980,home,3,1,3,0,0,0,2,1,0,0,0,0,0
30181052,15090901,away,4,2,1,1,0,1,3,1,0,0,0,0,0
30181052,15090903,away,4,0,1,0,0,0,0,0,0,0,0,0,0
30181052,15090902,away,5,0,0,0,0,0,0,0,0,0,0,0,0
30181052,15090905,away,4,0,0,0,0,0,0,0,0,0,0,0,0
30181052,15090907,away,4,0,1,0,0,0,0,0,0,0,0,0,0
30181052,15090917,away,5,1,2,0,0,0,0,0,0,0,0,0,0
30181052,15090908,away,4,1,3,0,0,0,0,0,0,0,0,0,0
30181052,15090911,away,5,0,1,1,0,0,0,0,1,0,0,0,0
30181052,15090913,away,3,0,1,0,0,0,0,0,0,1,0,0,0
30181052,15090915,away,5,0,1,0,0,0,0,0,1,0,0,0,0
30181052,15090916,away,1,1,1,0,0,0,0,1,0,0,0,0,0
30181052,15090918,home,3,1,1,0,0,0,1,1,0,0,0,0,0
30181052,15090920,home,2,2,0,0,0,0,1,1,0,1,0,0,0
30181052,15090921,home,3,1,1,0,0,0,3,1,0,0,0,0,0
30181052,15090939,home,2,1,1,0,0,0,1,0,0,2,0,0,0
30181052,15090924,home,4,2,3,0,0,0,0,0,0,0,0,0,0
30181052,15090925,home,3,4,2,1,0,0,1,2,0,0,0,0,0
30181052,15090933,home,5,1,2,0,0,0,0,0,1,0,0,0,0
30181052,15090934,home,4,0,4,0,0,0,2,0,0,0,0,0,0
30181052,15090935,home,4,0,1,0,0,0,0,0,0,0,0,0,0
30181052,15090936,home,5,2,2,0,0,0,0,0,1,0,0,0,0
30181052,15090937,home,3,2,1,0,0,0,1,2,0,0,0,0,0
30181052,15090938,home,4,0,1,0,0,0,1,0,0,0,0,0,0
30181067,15090900,away,3,1,1,0,0,0,0,0,0,0,0,0,0
30181067,15090901,away,4,3,2,1,0,0,2,0,0,0,0,0,0
30181067,15090903,away,4,0,0,0,0,0,0,0,0,0,0,0,0
30181067,15090902,away,4,1,3,0,0,0,0,0,0,0,0,0,0
30181067,15090904,away,3,1,1,0,0,0,1,1,1,0,0,0,0
30181067,15090905,away,2,1,1,0,0,0,1,0,1,1,0,0,0
30181067,15090906,away,3,0,2,0,1,0,1,1,0,0,0,0,0
30181067,15090907,away,1,1,0,0,0,0,0,1,0,0,0,0,0
30181067,15090917,away,4,1,2,0,0,0,1,0,0,0,0,0,0
30181067,15090908,away,2,0,0,0,0,0,2,0,0,1,0,0,0
30181067,15090909,away,2,1,0,1,0,0,1,1,0,0,0,0,0
30181067,15090911,away,4,2,3,0,0,0,0,0,0,0,0,0,0
30181067,15090913,away,2,1,1,0,0,0,1,1,0,0,0,0,0
30181067,15090915,away,3,0,0,0,0,0,0,0,0,0,0,0,0
30181067,15090916,away,3,0,2,0,0,0,1,0,1,0,0,0,0
30181067,15090944,home,5,1,2,1,0,0,0,0,0,0,0,0,0
30181067,15090946,home,4,0,1,0,0,0,1,0,0,0,0,0,0
30181067,15090947,home,4,1,1,0,0,0,1,0,1,0,0,0,0
30181067,15090948,home,0,0,0,0,0,0,0,0,0,0,0,0,0
30181067,15090949,home,4,1,1,0,0,0,0,0,0,0,0,0,0
30181067,15157653,home,4,1,2,0,0,0,1,0,0,0,0,0,0
30181067,15090952,home,4,2,3,0,0,0,1,0,0,0,0,0,0
30181067,15090951,home,3,1,2,0,0,0,1,1,0,0,0,0,0
30181067,15090958,home,4,0,1,1,0,0,2,1,0,0,0,0,0
30181067,15090962,home,4,1,0,1,0,0,1,0,1,0,0,0,0
30181067,15090959,home,4,0,0,0,0,0,0,0,1,0,0,0,0
30181053,15090918,away,4,0,0,0,0,0,0,0,1,0,0,0,0
30181053,15090921,away,4,1,0,1,0,0,1,1,0,0,0,0,0
30181053,15090923,away,4,2,2,0,0,0,1,0,0,1,0,0,0
30181053,15090939,away,5,0,0,1,0,0,0,0,2,0,0,0,0
30181053,15090924,away,4,1,1,0,0,0,0,0,1,0,0,0,0
30181053,15090925,away,3,2,1,0,0,0,0,1,0,1,0,0,0
30181053,15090926,away,5,2,3,2,0,0,2,0,0,0,0,0,0
30181053,15090930,away,4,2,2,0,0,0,1,1,0,0,0,0,0
30181053,15090933,away,5,2,2,0,0,0,1,0,1,0,0,0,0
30181053,15090935,away,4,2,2,0,0,0,2,1,0,0,0,0,0
30181053,15090938,away,5,0,1,0,0,0,2,0,1,0,0,0,0
30181053,15090964,home,3,3,1,2,0,0,2,2,0,0,0,0,0
30181053,15090965,home,3,1,1,0,0,0,2,1,0,0,0,0,0
30181053,15090966,home,2,2,0,0,0,0,0,1,0,1,0,0,0
30181053,15090968,home,4,1,1,0,0,0,2,0,0,0,0,0,0
30181053,15090969,home,4,1,1,1,0,0,0,0,0,0,0,0,0
30181053,15090970,home,4,2,1,0,0,0,1,0,1,0,0,0,0
30181053,15090971,home,1,1,0,0,0,0,0,3,0,0,0,0,0
30181053,15090973,home,3,0,0,0,0,0,0,1,2,0,0,0,0
30181053,15090981,home,3,2,2,0,0,0,0,1,0,0,0,0,0
30181053,15090978,home,4,2,3,0,0,0,0,0,0,0,0,0,0
30181053,15090979,home,4,0,0,0,0,0,0,0,1,0,0,0,0
30181053,15090980,home,4,0,1,1,0,0,0,0,0,0,0,0,0
30181054,15090918,away,3,0,0,0,0,0,0,0,0,0,0,0,0
30181054,15090921,away,1,1,0,0,0,0,0,2,1,0,0,0,0
30181054,15090923,away,3,1,1,0,0,0,0,1,1,0,0,0,0
30181054,15090939,away,3,0,1,0,0,0,1,0,0,0,0,0,0
30181054,15090924,away,3,0,1,0,0,0,0,1,1,0,0,0,0
30181054,15090925,away,3,1,0,0,0,0,0,0,1,0,0,0,0
30181054,15090926,away,4,2,3,0,0,0,1,0,0,0,0,0,0
30181054,15090930,away,4,0,0,0,0,0,0,0,0,0,0,0,0
30181054,15090933,away,4,2,1,1,0,0,0,0,0,0,0,0,0
30181054,15090934,away,4,2,2,0,0,0,2,0,1,0,0,0,0
30181054,15090935,away,4,0,0,0,0,0,0,0,0,0,0,0,0
30181054,15090936,away,2,1,0,1,0,0,0,0,1,0,0,0,0
30181054,15090938,away,2,0,0,0,0,0,0,1,0,0,0,0,0
30181054,15090944,home,4,1,2,0,0,0,0,0,2,0,0,0,0
30181054,15090946,home,3,1,1,0,0,0,0,1,1,0,0,0,0
30181054,15090948,home,5,0,1,0,0,0,1,0,0,0,0,0,0
30181054,15090949,home,4,0,2,0,0,0,1,0,0,0,0,0,0
30181054,15090950,home,5,2,3,1,0,0,3,0,0,0,0,0,0
30181054,15090952,home,2,0,1,0,0,0,0,0,0,0,0,0,0
30181054,15090951,home,5,0,0,0,0,0,1,0,0,0,0,0,0
30181054,15090958,home,3,3,2,0,0,0,0,1,0,1,0,0,0
30181054,15090962,home,3,1,1,0,0,0,2,1,0,0,0,0,0
30181054,15090960,home,5,3,2,1,0,0,0,0,0,0,0,0,0
30181068,15090964,away,4,2,3,1,0,0,2,1,0,0,0,0,0
30181068,15090965,away,4,1,0,0,0,0,0,1,1,0,0,0,0
30181068,15090968,away,3,2,2,0,0,0,1,1,0,0,0,0,0
30181068,15090969,away,2,0,1,0,0,0,0,2,0,0,0,0,0
30181068,15090970,away,4,3,3,0,0,0,2,0,0,0,0,0,0
30181068,15090971,away,5,2,3,0,0,0,1,0,0,0,0,0,0
30181068,15090973,away,4,1,3,0,0,0,3,0,0,0,0,0,0
30181068,15090981,away,3,1,2,0,0,0,2,1,0,0,0,0,0
30181068,15090978,away,3,2,1,0,0,0,1,1,0,0,0,0,0
30181068,15090979,away,4,1,2,0,0,0,0,0,1,0,0,0,0
30181068,15090980,away,5,2,2,1,0,0,1,0,0,0,0,0,0
30181068,15090900,home,3,0,0,0,0,0,0,0,1,0,0,0,0
30181068,15090901,home,2,0,1,1,0,0,1,0,0,1,0,0,0
30181068,15090903,home,1,0,0,0,0,0,0,1,0,0,0,0,0
30181068,15090902,home,2,0,1,0,0,0,0,0,0,0,0,0,0
30181068,15090904,home,3,2,2,0,0,0,0,0,0,0,0,0,0
30181068,15090905,home,1,0,0,0,0,0,0,0,0,1,0,0,0
30181068,15090906,home,3,1,2,1,0,0,3,0,0,0,0,0,0
30181068,15090907,home,1,0,0,0,0,0,0,0,0,0,0,0,0
30181068,15090917,home,2,1,0,0,0,0,0,0,0,1,0,0,0
30181068,15090908,home,2,0,2,0,0,0,0,0,0,0,0,0,0
30181068,15090909,home,2,0,0,0,0,0,0,0,0,0,0,0,0
30181068,15090913,home,3,0,0,0,0,0,0,0,0,0,0,0,0
30181068,15090915,home,2,0,0,0,0,0,0,0,0,0,0,0,0
30181068,15090916,home,2,1,0,0,0,0,0,0,0,0,0,0,0
30181075,15090944,away,4,1,2,0,0,0,0,0,0,0,0,0,0
30181075,15090945,away,3,0,0,0,0,0,0,0,1,0,0,0,0
30181075,15090946,away,1,2,0,0,0,0,0,2,1,0,0,0,0
30181075,15090947,away,3,1,2,0,0,0,0,0,0,0,0,0,0
30181075,15090948,away,4,1,1,0,0,0,1,0,1,0,0,0,0
30181075,15090949,away,3,0,0,0,0,0,0,0,1,0,0,0,0
30181075,15157653,away,4,0,2,0,0,0,2,0,0,0,0,0,0
30181075,15090951,away,4,1,2,0,0,0,0,0,1,0,0,0,0
30181075,15090953,away,0,0,0,0,0,0,0,0,0,0,0,0,0
30181075,15090958,away,3,1,1,1,0,0,0,1,0,0,0,0,0
30181075,15090962,away,4,0,2,0,0,0,1,0,0,0,0,0,0
30181075,15090959,away,3,0,0,0,0,0,2,0,0,0,0,0,0
30181075,15090960,away,4,1,3,0,0,0,2,0,0,0,0,0,0
30181075,15090964,home,4,2,2,0,0,0,0,0,0,0,0,0,0
30181075,15090965,home,3,2,2,0,0,0,1,0,1,1,0,0,0
30181075,15090966,home,3,1,0,0,0,0,0,0,0,0,0,0,0
30181075,15090968,home,3,1,1,0,0,0,0,0,0,0,0,0,0
30181075,15090969,home,3,1,1,1,0,0,0,0,0,0,0,0,0
30181075,15090970,home,3,2,3,0,0,0,0,0,0,0,0,0,0
30181075,15090971,home,3,2,1,0,0,0,0,1,0,0,0,0,0
30181075,15090973,home,4,0,1,0,0,0,1,0,1,0,0,0,0
30181075,15090974,home,3,0,0,1,0,0,4,0,0,0,0,0,0
30181075,15090981,home,1,1,0,0,0,0,0,1,0,1,0,0,0
30181075,15090978,home,3,0,1,0,0,0,0,0,2,0,0,0,0
30181075,15090982,home,4,1,0,0,0,0,0,0,1,0,0,0,0
30181075,15090980,home,4,0,1,3,0,0,2,0,0,0,0,0,0
30181055,15090918,away,3,0,0,0,0,0,1,1,1,0,0,0,0
30181055,15090921,away,4,0,1,0,0,0,2,0,0,0,0,0,0
30181055,15090939,away,3,1,0,1,0,0,0,1,0,0,0,0,0
30181055,15090924,away,5,3,2,0,0,0,3,0,0,0,0,0,0
30181055,15090925,away,5,3,3,0,0,0,1,0,0,0,0,0,0
30181055,15090926,away,4,5,2,1,0,0,2,1,0,0,0,0,0
30181055,15090930,away,5,1,1,0,0,0,2,0,0,0,0,0,0
30181055,15090933,away,5,2,3,0,0,0,1,0,1,0,0,0,0
30181055,15090934,away,4,1,2,1,0,0,4,0,0,0,0,0,0
30181055,15090935,away,5,0,3,0,0,0,0,0,0,0,0,0,0
30181055,15090937,away,3,3,0,0,0,0,2,2,0,0,0,0,0
30181055,15090938,away,3,1,0,0,0,0,0,1,1,0,0,0,0
30181055,15090900,home,4,2,3,0,0,0,0,0,0,0,0,0,0
30181055,15090901,home,3,0,0,0,1,0,2,0,1,1,0,0,0
30181055,15090903,home,4,1,2,1,0,0,0,0,0,0,0,0,0
30181055,15090902,home,3,0,0,0,0,0,1,0,0,0,0,0,0
30181055,15090906,home,4,0,3,0,0,0,2,0,0,0,0,0,0
30181055,15090917,home,2,1,0,0,0,0,1,1,1,0,0,0,0
30181055,15090908,home,4,2,1,0,0,0,1,0,1,0,0,0,0
30181055,15090909,home,4,2,1,1,0,0,1,0,0,0,0,0,0
30181055,15090911,home,4,0,1,0,0,0,0,0,0,0,0,0,0
30181055,15090913,home,3,0,2,0,0,0,0,0,0,0,0,0,0
30181055,15090915,home,4,0,2,0,0,0,2,0,0,0,0,0,0
30181055,15090916,home,2,0,0,0,0,0,0,1,1,0,0,0,0
30181069,15090900,away,4,3,2,0,0,0,0,0,0,0,0,0,0
30181069,15090901,away,1,3,0,1,0,0,0,3,0,0,0,0,0
30181069,15090903,away,4,0,0,0,0,0,1,0,0,0,0,0,0
30181069,15090902,away,4,2,1,1,0,0,0,0,0,0,0,0,0
30181069,15090904,away,5,0,2,0,0,0,0,0,0,0,0,0,0
30181069,15090905,away,4,0,0,0,0,0,0,0,0,0,0,0,0
30181069,15090906,away,3,2,2,1,0,0,1,1,0,0,0,0,0
30181069,15090907,away,0,0,0,0,0,0,0,0,0,0,0,0,0
30181069,15090917,away,4,1,2,0,0,0,0,0,0,0,0,0,0
30181069,15090908,away,4,1,2,0,0,0,0,0,0,0,0,0,0
30181069,15090911,away,4,0,2,0,0,0,0,0,0,0,0,0,0
30181069,15090913,away,4,1,4,0,0,0,2,0,0,0,0,0,0
30181069,15090915,away,4,0,3,0,0,0,0,0,0,0,0,0,0
30181069,15090944,home,4,1,2,0,0,0,0,0,0,0,0,0,0
30181069,15090945,home,4,0,1,0,0,0,0,0,1,0,0,0,0
30181069,15090947,home,3,0,2,0,0,0,0,0,0,1,0,0,0
30181069,15090948,home,4,0,1,2,0,0,3,0,0,0,0,0,0
30181069,15090949,home,3,0,0,0,0,0,0,2,1,0,0,0,0
30181069,15090950,home,3,3,2,0,0,0,0,1,1,0,0,0,0
30181069,15157653,home,4,0,2,0,0,0,1,0,0,0,0,0,0
30181069,15090951,home,3,2,3,0,0,0,4,0,0,0,0,0,0
30181069,15090953,home,2,1,0,0,0,0,0,1,1,0,0,0,0
30181069,15090958,home,3,3,2,0,0,0,0,1,0,0,0,0,0
30181069,15090962,home,3,0,1,0,0,0,2,0,0,0,0,0,0
30181069,15090959,home,3,2,2,0,0,0,0,0,0,0,0,0,0
30181069,15090960,home,4,2,2,0,0,0,3,0,1,0,0,0,0
30181056,15090964,away,3,2,2,0,1,0,3,1,0,0,0,0,0
30181056,15090965,away,4,1,2,0,0,0,1,0,0,0,0,0,0
30181056,15090967,away,4,0,0,0,0,0,0,0,1,0,0,0,0
30181056,15090968,away,1,1,0,0,0,0,0,1,0,0,0,0,0
30181056,15090969,away,4,0,1,0,0,0,1,0,0,0,0,0,0
30181056,15090970,away,4,0,2,0,0,0,2,0,0,0,0,0,0
30181056,15090971,away,4,1,0,0,0,0,1,0,0,0,0,0,0
30181056,15090973,away,4,0,2,0,0,0,1,0,0,0,0,0,0
30181056,15090974,away,3,1,2,0,0,0,1,0,1,0,0,0,0
30181056,15090981,away,2,1,0,0,0,0,0,1,1,0,0,0,0
30181056,15090978,away,2,1,0,0,0,0,0,1,0,0,0,0,0
30181056,15090982,away,3,2,1,0,0,0,0,0,0,0,0,0,0
30181056,15090979,away,2,1,0,0,0,0,1,1,0,0,0,0,0
30181056,15090980,away,4,1,1,0,0,0,0,0,0,0,0,0,0
30181056,15090918,home,2,1,0,0,0,0,0,0,1,0,0,0,0
30181056,15090920,home,5,1,1,0,0,0,3,0,1,0,0,0,0
30181056,15090921,home,2,1,0,0,0,0,0,2,1,0,0,0,0
30181056,15090939,home,4,1,1,0,0,0,1,0,0,0,0,0,0
30181056,15090925,home,4,3,2,0,0,0,2,1,0,0,0,0,0
30181056,15090926,home,5,2,3,0,0,0,3,0,0,0,0,0,0
30181056,15090930,home,4,1,1,0,0,0,1,0,0,0,0,0,0
30181056,15090933,home,5,4,4,0,0,0,0,0,0,0,0,0,0
30181056,15090934,home,4,0,1,0,0,0,1,1,0,0,0,0,0
30181056,15090935,home,4,0,0,0,0,0,1,0,1,0,0,0,0
30181056,15090938,home,4,0,0,0,0,0,1,0,1,0,0,0,0
30181057,15090945,away,2,0,0,0,0,0,0,0,1,0,0,0,0
30181057,15090946,away,2,0,1,0,0,0,1,3,1,0,0,0,0
30181057,15090947,away,5,0,2,1,0,0,1,0,0,0,0,0,0
30181057,15090948,away,4,0,0,0,0,0,1,1,0,0,0,0,0
30181057,15090949,away,3,4,1,0,0,0,0,2,0,0,0,0,0
30181057,15090950,away,4,2,2,2,0,0,1,2,0,0,0,0,0
30181057,15157653,away,5,2,1,0,0,0,0,0,0,0,0,0,0
30181057,15090951,away,6,2,2,0,0,0,1,0,0,0,0,0,0
30181057,15090958,away,6,4,3,0,0,0,1,0,1,0,0,0,0
30181057,15090960,away,6,2,2,1,1,0,3,0,0,0,0,0,0
30181057,15090920,home,2,1,1,0,0,0,0,0,0,0,0,0,0
30181057,15090921,home,4,0,0,1,0,0,1,0,2,0,0,0,0
30181057,15090923,home,5,0,1,0,0,0,0,0,0,0,0,0,0
30181057,15090939,home,3,2,3,0,0,0,1,2,0,0,0,0,0
30181057,15090925,home,5,1,2,1,0,0,1,0,0,0,0,0,0
30181057,15090926,home,5,0,0,0,0,0,0,0,0,0,0,0,0
30181057,15090933,home,4,1,1,1,0,0,0,1,2,0,0,0,0
30181057,15090934,home,5,1,0,0,0,0,0,0,0,0,0,0,0
30181057,15090935,home,3,1,2,1,0,0,1,1,0,0,0,0,0
30181057,15090937,home,0,0,0,0,0,0,0,0,0,0,0,0,0
30181057,15090938,home,4,0,1,1,0,0,2,0,1,0,0,0,0
30555677,15090900,away,3,0,2,0,0,0,2,0,0,0,0,0,0
30555677,15090901,away,0,0,0,0,0,0,0,0,0,0,0,0,0
30555677,15090903,away,3,0,1,0,0,0,0,0,0,0,0,0,0
30555677,15090902,away,3,1,2,0,0,0,0,0,0,0,0,0,0
30555677,15090904,away,2,0,0,0,0,0,0,1,0,0,0,0,0
30555677,15090905,away,2,0,1,0,0,0,0,0,0,0,0,0,0
30555677,15090906,away,3,0,1,0,0,0,0,0,0,0,0,0,0
30555677,15090907,away,2,0,1,0,0,0,1,0,0,0,0,0,0
30555677,15090917,away,3,1,2,0,0,0,0,0,0,0,0,0,0
30555677,15090908,away,3,0,0,1,0,0,0,0,0,0,0,0,0
30555677,15090909,away,3,1,1,0,0,0,0,0,0,0,0,0,0
30555677,15090911,away,3,0,1,0,0,0,0,0,0,0,0,0,0
30555677,15090913,away,3,0,1,0,0,0,0,0,0,0,0,0,0
30555677,15090915,away,3,0,0,0,0,0,0,0,1,0,0,0,0
30555677,15090916,away,3,0,0,0,0,0,0,0,1,0,0,0,0
30555677,15090964,home,4,2,3,0,0,0,1,0,0,0,0,0,0
30555677,15090965,home,3,1,2,0,0,0,0,1,0,0,0,0,0
30555677,15090967,home,4,1,2,0,0,0,0,0,1,0,0,0,0
30555677,15090968,home,4,0,0,0,0,0,0,0,0,0,0,0,0
30555677,15090969,home,4,1,1,0,0,0,2,0,0,0,0,0,0
30555677,15090971,home,4,2,3,0,0,0,1,0,0,0,0,0,0
30555677,15090973,home,4,1,2,0,0,0,1,0,0,0,0,0,0
30555677,15090974,home,3,0,0,0,0,0,1,1,0,0,0,0,0
30555677,15090981,home,3,0,1,0,0,0,0,0,1,1,0,0,0
30555677,15090978,home,4,0,0,0,0,0,0,0,0,0,0,0,0
30555677,15090980,home,4,0,2,1,0,0,1,0,0,0,0,0,0
30181079,15190954,away,3,1,0,0,0,0,0,2,1,0,0,0,0
30181079,15190956,away,5,1,2,0,0,0,2,0,0,0,0,0,0
30181079,15190957,away,4,2,0,1,0,0,2,0,2,1,0,0,0
30181079,15190958,away,4,2,2,1,0,0,1,1,0,0,0,0,0
30181079,15190959,away,4,2,2,0,0,0,3,0,0,1,0,0,0
30181079,15190961,away,5,3,2,1,0,0,3,0,0,0,0,0,0
30181079,15190962,away,4,2,4,0,0,0,1,0,0,0,0,0,0
30181079,15190965,away,4,1,2,0,0,0,2,1,1,0,0,0,0
30181079,15190966,away,4,1,0,0,0,0,0,1,0,0,0,0,0
30181079,15190968,away,5,1,3,0,0,0,0,0,0,0,0,0,0
30181079,15190969,away,5,1,1,0,0,0,1,0,0,0,0,0,0
30181079,15190989,home,3,2,2,0,0,0,1,1,0,0,0,0,0
30181079,15190991,home,3,1,0,0,0,0,0,1,2,0,0,0,0
30181079,15190992,home,3,2,0,0,1,0,1,1,0,0,0,0,0
30181079,15190993,home,3,1,1,1,0,0,1,1,0,0,0,0,0
30181079,15190994,home,3,2,1,0,0,0,0,1,2,0,0,0,0
30181079,15190995,home,5,0,1,0,0,0,0,0,0,0,0,0,0
30181079,15190996,home,4,0,1,0,0,0,0,0,0,0,0,0,0
30181079,15190998,home,5,1,1,0,0,0,0,0,0,0,0,0,0
30181079,15191001,home,4,0,1,0,0,0,1,0,0,0,0,1,0
30181079,15191003,home,3,0,1,0,0,0,0,1,1,0,0,0,0
30181079,15191004,home,3,0,0,0,0,0,0,0,1,1,0,0,0
30181079,15191005,home,3,2,1,1,0,0,0,2,0,0,0,0,0
30181080,15190971,away,2,3,1,1,0,0,1,1,0,1,0,0,0
30181080,15190972,away,3,2,2,0,0,0,0,1,0,0,0,0,0
30181080,15190973,away,4,1,4,0,0,0,1,0,0,0,0,0,0
30181080,15190974,away,4,1,0,1,0,0,4,0,0,0,0,0,0
30181080,15190975,away,3,1,0,0,0,0,1,1,0,0,0,0,0
30181080,15190976,away,4,1,1,0,0,0,0,0,0,0,0,0,0
30181080,15190977,away,4,0,0,2,0,0,1,0,0,0,0,0,0
30181080,15190978,away,4,1,1,0,0,0,0,0,1,0,0,0,0
30181080,15190979,away,3,2,0,2,0,0,1,1,0,0,0,0,0
30181080,15190980,away,3,1,3,0,0,0,1,1,0,0,0,0,0
30181080,15190983,away,4,1,4,0,0,0,4,0,0,0,0,0,0
30181080,15190984,away,4,2,2,0,0,0,1,0,0,0,0,0,0
30181080,15190985,away,4,0,1,0,0,0,2,0,1,0,0,0,0
30181080,15191006,home,5,1,2,0,0,0,0,0,0,0,0,0,0
30181080,15191007,home,4,1,1,1,0,0,0,1,1,0,0,0,0
30181080,15191009,home,4,0,1,0,0,0,1,1,0,0,0,0,0
30181080,15191010,home,3,0,0,0,0,0,1,1,0,0,0,0,0
30181080,15191011,home,3,2,1,1,0,0,3,1,0,1,0,0,0
30181080,15191013,home,5,4,2,0,0,0,1,0,0,0,0,0,0
30181080,15191015,home,5,1,1,0,0,0,0,0,2,0,0,0,0
30181080,15191016,home,4,0,1,0,0,0,2,1,2,0,0,0,0
30181080,15191017,home,5,0,2,0,0,0,1,0,1,0,0,0,0
30181080,15191018,home,3,1,0,0,0,0,0,1,0,0,0,0,0
30181080,15191020,home,4,0,1,1,0,0,0,0,1,0,0,0,0
30181081,15190971,away,3,1,0,0,0,0,0,1,0,0,0,0,0
30181081,15190972,away,3,3,3,0,0,0,0,1,0,0,0,0,0
30181081,15190973,away,3,0,3,0,0,0,0,0,0,0,0,0,0
30181081,15190974,away,4,1,0,0,0,0,0,0,0,0,0,0,0
30181081,15190975,away,4,0,0,0,0,0,0,0,1,0,0,0,0
30181081,15190976,away,4,0,2,0,0,0,0,0,0,0,0,0,0
30181081,15190977,away,4,1,2,1,0,0,0,0,0,0,0,0,0
30181081,15190979,away,3,0,0,0,0,0,0,0,1,0,0,0,0
30181081,15190980,away,4,2,2,0,0,0,0,0,1,0,0,0,0
30181081,15190983,away,4,0,1,0,0,0,0,0,0,0,0,0,0
30181081,15190984,away,4,1,2,0,0,0,0,0,0,0,0,0,0
30181081,15190985,away,4,0,2,0,0,0,0,0,0,0,0,0,0
30181081,15190954,home,3,0,0,0,0,0,0,0,1,0,0,0,0
30181081,15190956,home,4,2,3,0,0,0,0,0,0,0,0,0,0
30181081,15190957,home,2,1,0,0,0,0,0,1,0,0,0,0,0
30181081,15190959,home,3,2,1,0,0,0,1,0,0,0,0,0,0
30181081,15190961,home,4,1,2,0,0,0,0,0,0,0,0,0,0
30181081,15190962,home,3,0,1,0,0,0,1,0,0,0,0,1,0
30181081,15190964,home,4,2,1,0,0,0,1,0,0,0,0,0,0
30181081,15190965,home,3,1,2,0,0,0,0,0,0,0,0,0,0
30181081,15190966,home,3,0,0,0,0,0,0,0,0,0,0,0,0
30181081,15190968,home,3,1,2,0,0,0,1,1,0,0,0,0,0
30181081,15190969,home,3,1,1,0,0,0,0,0,0,0,0,0,0
30842381,15349353,away,2,0,0,0,0,0,1,0,0,0,0,1,0
30842381,15349354,away,2,1,1,0,0,0,0,0,0,0,0,0,0
30842381,15349355,away,3,0,1,0,0,0,0,0,0,0,0,0,0
30842381,15349356,away,3,0,0,0,0,0,0,0,0,0,0,0,0
30842381,15349351,away,2,1,1,0,0,0,0,0,0,0,0,0,0
30842381,15349357,away,3,0,1,0,0,0,0,0,1,0,0,0,0
30842381,15349358,away,2,0,0,0,0,0,0,0,0,0,0,0,0
30842381,15349359,away,1,0,0,0,0,0,0,1,0,0,0,0,0
30842381,15349360,away,3,0,1,0,0,0,0,0,0,0,0,0,0
30842381,15349361,away,1,0,0,0,0,0,0,0,0,1,0,0,0
30842381,15349362,away,1,0,1,0,0,0,0,1,0,0,0,0,0
30842381,15349419,away,3,0,1,0,0,0,0,0,0,0,0,0,0
30842381,15349420,away,2,0,0,0,0,0,0,0,0,0,0,0,0
30842381,15349421,away,3,0,0,0,0,0,0,0,0,0,0,0,0
30842381,15349392,home,4,1,1,1,0,0,0,0,0,0,0,0,0
30842381,15349394,home,2,1,0,1,0,0,1,1,0,0,0,0,0
30842381,15349395,home,0,0,0,0,0,0,0,0,0,0,0,0,0
30842381,15349396,home,4,0,2,1,0,0,1,0,0,0,0,0,0
30842381,15349397,home,3,1,2,0,0,0,2,0,0,0,0,0,0
30842381,15349398,home,4,0,0,0,0,0,0,0,0,0,0,0,0
30842381,15349400,home,3,1,1,0,0,0,0,0,0,0,0,0,0
30842381,15349399,home,3,1,1,0,0,0,1,0,0,0,0,0,0
30842381,15349402,home,2,1,1,0,0,0,0,1,0,0,0,0,0
30842381,15349403,home,0,0,0,0,0,0,0,0,0,0,0,0,0
30842381,15349404,home,3,0,2,0,0,0,0,0,1,0,0,0,0
30842381,15349405,home,3,1,2,0,0,0,0,0,1,0,0,0,0
30842381,15349391,home,4,1,2,1,0,0,1,0,1,0,0,0,0
30842381,15349406,home,4,0,1,0,0,0,0,0,0,0,0,0,0
30842346,15349315,away,2,1,1,0,0,0,0,1,0,0,0,0,0
30842346,15349316,away,3,0,0,0,0,0,0,0,1,0,0,0,0
30842346,15349321,away,3,0,1,0,0,0,0,0,2,0,0,0,0
30842346,15349323,away,3,0,1,0,0,0,1,0,0,0,0,0,0
30842346,15349326,away,3,1,2,0,0,0,0,0,0,0,0,0,0
30842346,15349322,away,3,0,0,0,0,0,2,0,0,0,0,0,0
30842346,15349324,away,3,0,1,0,0,0,0,0,0,0,0,0,0
30842346,15349325,away,2,1,1,0,0,0,0,1,0,0,0,0,0
30842346,15349314,away,2,0,0,0,0,0,0,1,0,0,0,0,0
30842346,15349329,away,1,1,1,0,0,0,0,2,0,0,0,0,0
30842346,15349331,away,4,0,0,1,0,0,0,0,1,0,0,0,0
30842346,15349332,away,3,1,1,0,0,0,0,0,0,0,0,0,0
30842346,15349335,home,4,0,1,0,0,0,1,0,0,0,0,0,0
30842346,15349337,home,1,1,0,0,0,0,1,2,0,1,0,0,0
30842346,15349338,home,4,0,2,0,0,0,1,0,0,0,0,0,0
30842346,15349339,home,3,2,1,0,0,0,0,1,1,0,0,0,0
30842346,15349341,home,4,1,0,1,0,0,2,0,1,0,0,0,0
30842346,15349342,home,3,2,2,0,0,0,0,1,0,0,0,0,0
30842346,15349343,home,3,2,0,1,0,0,2,1,0,0,0,0,0
30842346,15349344,home,3,1,1,0,0,0,0,0,1,1,0,0,0
30842346,15349345,home,4,1,2,0,0,0,0,0,0,0,0,0,0
30842346,15349346,home,3,2,2,0,0,0,0,1,0,0,0,0,0
30842346,15349347,home,3,0,1,0,0,0,1,1,0,0,0,0,0
30842346,15349348,home,3,1,2,0,0,0,0,1,0,0,0,0,0
30842346,15349334,home,2,1,1,1,0,0,1,2,0,0,0,0,0
30842346,15349349,home,3,0,2,0,0,0,0,0,0,0,0,0,0
30842348,15349335,away,4,2,2,1,0,0,0,0,0,0,0,0,0
30842348,15349337,away,3,0,2,0,0,0,0,0,0,0,0,0,0
30842348,15349338,away,3,0,1,0,0,0,0,0,0,0,0,0,0
30842348,15349339,away,3,0,1,0,0,0,0,0,1,0,0,0,0
30842348,15349336,away,3,0,2,0,0,0,3,0,0,0,0,0,0
30842348,15349341,away,1,0,0,0,0,0,0,1,1,1,0,0,0
30842348,15349342,away,3,0,0,0,0,0,0,0,1,0,0,0,0
30842348,15349345,away,3,1,1,0,0,0,0,0,1,0,0,0,0
30842348,15349346,away,2,0,0,0,0,0,0,1,1,0,0,0,0
30842348,15349347,away,3,0,0,0,0,0,0,0,0,0,0,0,0
30842348,15349348,away,3,1,1,0,0,0,0,0,1,0,0,0,0
30842348,15349334,away,3,0,0,0,0,0,0,0,0,0,0,0,0
30842348,15349349,away,3,0,1,0,0,0,1,0,1,0,0,0,0
30842348,15349392,home,2,2,1,0,0,0,0,1,0,0,0,0,0
30842348,15349393,home,3,0,1,0,0,0,0,0,0,0,0,0,0
30842348,15349394,home,3,1,1,1,0,0,0,0,0,0,0,0,0
30842348,15349395,home,2,0,0,0,0,0,0,0,0,0,0,0,0
30842348,15349396,home,3,1,2,0,0,0,1,0,1,0,0,0,0
30842348,15349397,home,3,1,1,0,0,0,0,0,1,0,0,0,0
30842348,15349400,home,3,0,0,0,0,0,0,0,0,0,0,0,0
30842348,15349402,home,0,0,0,0,0,0,0,0,0,0,0,0,0
30842348,15349404,home,2,0,0,0,0,0,0,1,1,0,0,0,0
30842348,15349391,home,3,0,0,0,0,0,0,0,0,0,0,0,0
30842348,15349406,home,3,1,1,1,0,0,0,0,0,0,0,0,0
30842365,15349315,away,3,1,0,0,0,0,1,0,0,0,0,0,0
30842365,15349316,away,2,0,0,0,0,0,0,0,1,0,0,0,0
30842365,15349321,away,2,0,0,0,0,0,0,1,1,0,0,0,0
30842365,15349323,away,3,0,1,0,0,0,0,0,0,0,0,0,0
30842365,15349326,away,2,1,1,1,0,0,1,0,0,0,0,0,0
30842365,15349322,away,3,1,0,2,0,0,0,0,0,0,0,0,0
30842365,15349325,away,2,0,0,0,0,0,0,1,0,0,0,0,0
30842365,15349328,away,3,0,2,0,0,0,0,0,0,0,0,0,0
30842365,15349327,away,2,0,0,0,0,0,0,0,0,0,0,0,0
30842365,15349314,away,2,0,0,0,0,0,1,1,0,0,0,0,0
30842365,15349329,away,3,1,1,0,0,0,0,0,0,0,0,0,0
30842365,15349330,away,3,1,1,0,0,0,0,0,0,0,0,0,0
30842365,15349331,away,3,0,1,0,0,0,0,0,1,0,0,0,0
30842365,15349332,away,2,0,1,0,0,0,0,0,0,0,0,0,0
30842365,15349353,home,3,0,2,0,0,0,1,1,0,0,0,0,0
30842365,15349354,home,4,1,2,0,0,0,0,0,1,0,0,0,0
30842365,15349356,home,2,0,0,0,0,0,0,1,0,0,0,0,0
30842365,15349351,home,4,2,2,0,0,0,2,0,0,0,0,0,0
30842365,15349357,home,3,1,1,0,0,0,1,0,0,0,0,0,0
30842365,15349358,home,3,0,0,0,0,0,0,0,0,0,0,0,0
30842365,15349359,home,4,2,1,1,0,0,0,0,0,0,0,0,0
30842365,15349360,home,3,0,0,0,0,0,0,1,2,0,0,0,0
30842365,15349361,home,3,0,3,0,0,0,2,0,0,0,0,0,0
30842365,15349362,home,2,0,0,0,0,0,0,1,0,0,0,0,0
30842365,15349419,home,3,2,1,0,0,0,0,1,0,0,0,0,0
30842365,15349420,home,4,1,2,0,0,0,2,0,0,0,0,0,0
30842365,15349421,home,4,2,3,1,0,0,0,0,0,0,0,0,0
30842349,15349335,away,3,3,1,1,0,0,0,1,0,0,0,0,0
30842349,15349337,away,2,0,0,0,0,0,0,1,1,0,0,0,0
30842349,15349338,away,4,0,0,0,0,0,0,0,1,0,0,0,0
30842349,15349339,away,3,2,2,0,0,0,0,0,1,0,0,0,0
30842349,15349340,away,3,0,1,0,0,0,0,0,0,0,0,0,0
30842349,15349341,away,2,3,2,0,0,0,0,1,0,1,0,0,0
30842349,15349342,away,2,1,1,0,0,0,0,0,0,1,0,0,0
30842349,15349343,away,3,0,2,1,0,0,3,1,0,0,0,0,0
30842349,15349344,away,3,2,0,2,0,0,2,1,1,0,0,0,0
30842349,15349345,away,3,0,0,0,0,0,0,0,2,0,0,0,0
30842349,15349346,away,3,0,0,0,0,0,0,0,1,0,0,0,0
30842349,15349347,away,2,1,1,0,0,0,0,1,0,0,0,0,0
30842349,15349348,away,3,0,1,0,0,0,1,0,2,0,0,0,0
30842349,15349334,away,4,1,3,0,0,0,5,0,0,0,0,0,0
30842349,15349349,away,2,0,0,0,0,0,0,0,1,1,0,0,0
30842349,15349315,home,3,0,0,0,0,0,0,0,1,1,0,0,0
30842349,15349316,home,3,0,0,0,0,0,0,1,0,0,0,0,0
30842349,15349321,home,3,0,2,0,0,0,0,0,0,0,0,0,0
30842349,15349323,home,3,0,1,0,0,0,1,1,0,0,0,0,0
30842349,15349326,home,3,2,2,0,0,0,2,1,0,0,0,0,0
30842349,15349322,home,3,1,2,0,0,0,0,0,0,0,0,0,0
30842349,15349324,home,4,0,2,1,0,0,3,0,0,0,0,0,0
30842349,15349325,home,3,0,0,0,0,0,0,0,1,0,0,0,0
30842349,15349328,home,2,1,1,0,0,0,0,0,0,0,0,0,0
30842349,15349327,home,2,0,1,0,0,0,0,0,0,0,0,0,0
30842349,15349314,home,3,1,2,0,0,0,0,0,0,0,0,0,0
30842349,15349329,home,3,2,1,0,0,0,0,1,0,0,0,0,0
30842349,15349330,home,4,0,1,0,0,0,0,0,0,0,0,0,0
30842349,15349331,home,4,2,1,1,0,0,0,0,0,0,0,0,0
30842349,15349332,home,4,1,2,0,0,0,2,0,2,0,0,0,0
30842376,15349392,away,4,1,1,0,0,0,0,0,0,0,0,0,0
30842376,15349395,away,4,0,0,0,0,0,0,0,0,0,0,0,0
30842376,15349397,away,4,0,1,0,0,0,0,0,0,0,0,0,0
30842376,15349398,away,4,0,2,0,0,0,0,0,0,0,0,0,0
30842376,15349400,away,4,1,2,0,0,0,0,0,0,0,0,0,0
30842376,15349402,away,3,0,1,0,0,0,1,0,0,0,0,0,0
30842376,15349403,away,4,1,1,0,1,0,0,0,1,0,0,0,0
30842376,15349404,away,4,0,2,1,0,0,2,0,1,0,0,0,0
30842376,15349391,away,3,1,1,0,0,0,0,0,1,0,0,0,0
30842376,15349406,away,4,2,2,0,0,0,1,0,0,0,0,0,0
30842376,15349353,home,4,2,1,1,0,0,1,0,0,0,0,0,0
30842376,15349354,home,3,1,1,0,0,0,0,1,1,0,0,0,0
30842376,15349351,home,2,1,2,0,0,0,0,1,0,0,0,0,0
30842376,15349357,home,3,0,0,0,0,0,0,0,0,0,0,0,0
30842376,15349358,home,3,0,0,0,0,0,0,0,0,0,0,0,0
30842376,15349359,home,2,2,0,0,0,0,0,1,0,1,0,0,0
30842376,15349360,home,3,1,1,0,0,0,0,0,1,0,0,0,0
30842376,15349361,home,4,0,2,0,0,0,0,1,1,0,0,0,0
30842376,15349362,home,3,0,1,0,0,0,2,0,1,0,0,0,0
30842376,15349419,home,2,0,1,0,0,0,1,0,0,1,0,0,0
30842376,15349420,home,4,0,2,1,0,0,3,0,0,0,0,0,0
30842376,15349421,home,4,1,2,0,0,0,1,0,1,0,0,0,0
30842350,15349352,away,2,4,1,0,0,0,2,2,0,0,0,0,0
30842350,15349353,away,5,1,2,1,0,0,4,0,0,0,0,0,0
30842350,15349354,away,4,2,1,1,0,0,1,0,0,0,0,0,0
30842350,15349356,away,3,4,3,0,0,0,0,1,0,0,0,0,0
30842350,15349351,away,4,1,2,0,0,0,2,0,0,0,0,0,0
30842350,15349357,away,3,2,3,0,0,0,2,1,0,0,0,0,0
30842350,15349358,away,0,0,0,0,0,0,0,0,0,0,0,0,0
30842350,15349359,away,5,2,3,1,0,0,4,0,0,0,0,0,0
30842350,15349360,away,4,2,2,1,0,0,1,0,1,0,0,0,0
30842350,15349361,away,3,1,1,0,0,0,1,0,0,2,0,0,0
30842350,15349362,away,4,1,1,0,0,0,0,0,0,0,0,0,0
30842350,15349419,away,4,0,2,0,0,0,0,0,0,0,0,0,0
30842350,15349420,away,5,3,2,2,0,0,2,0,0,0,0,0,0
30842350,15349421,away,5,1,3,1,0,0,4,0,1,0,0,0,0
30842350,15349422,away,4,4,4,0,0,0,4,1,0,0,0,0,0
30842350,15349337,home,4,1,3,1,0,0,1,0,0,0,0,0,0
30842350,15349338,home,3,0,0,0,0,0,0,0,0,0,0,0,0
30842350,15349339,home,3,0,1,0,0,0,0,0,2,0,0,0,0
30842350,15349341,home,4,2,3,0,0,0,0,0,0,0,0,0,0
30842350,15349342,home,3,0,2,0,0,0,0,1,0,0,0,0,0
30842350,15349344,home,4,2,2,0,0,0,0,0,1,0,0,0,0
30842350,15349345,home,3,0,0,0,0,0,0,0,2,0,0,0,0
30842350,15349347,home,3,0,0,0,0,0,0,0,0,0,0,0,0
30842350,15349348,home,4,1,1,0,0,0,1,0,0,0,0,0,0
30842350,15349349,home,3,0,0,0,0,0,0,0,1,0,0,0,0
30842366,15349315,away,2,0,0,0,0,0,2,0,0,1,0,0,0
30842366,15349316,away,3,0,0,0,0,0,0,0,2,0,0,0,0
30842366,15349323,away,3,0,1,0,0,0,0,0,0,0,0,0,0
30842366,15349326,away,3,1,1,0,0,0,1,0,0,0,0,0,0
30842366,15349322,away,2,2,1,0,0,0,0,1,0,0,0,0,0
30842366,15349324,away,3,2,3,0,0,0,1,0,0,0,0,0,0
30842366,15349325,away,3,0,1,0,0,0,1,0,0,0,0,0,0
30842366,15349327,away,3,0,2,0,0,0,1,0,0,0,0,0,0
30842366,15349329,away,2,1,2,0,0,0,1,1,0,0,0,0,0
30842366,15349330,away,3,0,1,0,0,0,0,0,1,0,0,0,0
30842366,15349331,away,2,1,0,1,0,0,0,1,0,0,0,0,0
30842366,15349332,away,3,0,2,0,0,0,0,0,0,0,0,0,0
30842366,15349392,home,3,1,1,0,0,0,0,0,0,0,0,0,0
30842366,15349394,home,3,2,0,1,1,0,3,0,0,0,0,0,0
30842366,15349395,home,3,0,1,0,0,0,0,0,0,0,0,0,0
30842366,15349396,home,3,1,2,0,0,0,2,0,0,0,0,0,0
30842366,15349397,home,3,2,1,2,0,0,1,0,0,0,0,0,0
30842366,15349398,home,2,0,1,0,0,0,0,1,0,0,0,0,0
30842366,15349400,home,2,0,1,0,0,0,0,0,0,1,0,0,0
30842366,15349399,home,3,1,2,0,0,0,0,0,0,0,0,0,0
30842366,15349402,home,2,2,0,0,0,0,1,0,0,0,0,0,0
30842366,15349403,home,3,3,3,0,0,0,2,0,0,0,0,0,0
30842366,15349404,home,3,0,2,1,0,0,3,0,0,0,0,0,0
30842366,15349405,home,2,1,1,0,0,0,0,0,0,0,0,0,0
30842366,15349391,home,3,0,1,0,0,0,1,0,1,0,0,0,0
30842351,15349395,away,5,0,0,0,0,0,1,0,0,0,0,0,0
30842351,15349396,away,6,1,4,0,0,0,2,0,0,0,0,0,0
30842351,15349397,away,5,2,2,0,0,0,1,1,0,0,0,0,0
30842351,15349398,away,5,1,1,1,0,0,1,0,0,1,0,0,0
30842351,15349400,away,5,0,3,0,0,0,0,0,1,0,0,0,0
30842351,15349399,away,6,2,2,1,0,0,0,0,1,0,0,0,0
30842351,15349402,away,5,0,2,0,0,0,2,1,1,0,0,0,0
30842351,15349404,away,6,4,3,1,0,0,1,0,2,0,0,0,0
30842351,15349391,away,3,2,1,0,0,0,2,3,2,0,0,0,0
30842351,15349335,home,4,1,2,0,0,0,0,0,0,0,0,0,0
30842351,15349337,home,3,0,1,0,0,0,0,0,0,0,0,0,0
30842351,15349338,home,3,0,0,0,0,0,0,0,0,0,0,0,0
30842351,15349339,home,2,1,0,0,0,0,0,1,1,0,0,0,0
30842351,15349336,home,3,1,1,0,0,0,1,0,2,0,0,0,0
30842351,15349340,home,3,0,1,0,0,0,0,0,0,0,0,0,0
30842351,15349341,home,3,1,0,0,0,0,0,1,0,0,0,0,0
30842351,15349342,home,1,0,1,0,0,0,0,0,0,0,0,0,0
30842351,15349344,home,3,1,3,0,0,0,2,0,0,0,0,0,0
30842351,15349345,home,2,0,0,0,0,0,0,0,2,1,0,0,0
30842351,15349346,home,3,0,1,0,0,0,2,0,0,0,0,0,0
30842351,15349347,home,2,1,2,0,0,0,0,0,0,1,0,0,0
30842351,15349348,home,3,0,0,0,0,0,0,0,0,0,0,0,0
30842351,15349349,home,3,0,1,0,0,0,0,0,0,0,0,0,0
30842367,15349352,away,1,0,0,0,0,0,0,0,0,0,0,0,0
30842367,15349353,away,5,2,3,1,0,0,1,0,0,0,0,0,0
30842367,15349356,away,3,0,0,0,0,0,0,1,2,0,0,0,0
30842367,15349351,away,4,1,2,0,0,0,1,0,0,0,0,0,0
30842367,15349357,away,3,2,3,0,0,0,0,1,0,0,0,0,0
30842367,15349358,away,3,1,0,0,0,0,0,1,0,0,0,0,0
30842367,15349359,away,4,0,3,0,0,0,0,0,0,0,0,0,0
30842367,15349360,away,4,2,3,0,0,0,0,0,0,0,0,0,0
30842367,15349361,away,0,0,0,0,0,0,0,0,0,0,0,0,0
30842367,15349419,away,4,0,0,0,0,0,0,0,0,0,0,0,0
30842367,15349420,away,5,0,2,1,0,0,1,0,1,0,0,0,0
30842367,15349421,away,4,2,2,0,0,0,3,0,0,0,0,0,0
30842367,15349422,away,5,3,2,1,0,0,4,0,1,0,0,0,0
30842367,15349315,home,3,0,0,0,0,0,0,0,1,0,0,0,0
30842367,15349316,home,2,1,1,0,0,0,0,1,0,0,0,0,0
30842367,15349321,home,3,0,1,0,0,0,0,0,0,0,0,0,0
30842367,15349326,home,2,2,1,1,0,0,0,0,0,0,0,0,0
30842367,15349322,home,2,1,1,1,0,0,1,1,0,0,0,0,0
30842367,15349324,home,3,0,2,0,0,0,0,0,0,0,0,0,0
30842367,15349325,home,3,0,0,0,0,0,0,0,0,0,0,0,0
30842367,15349328,home,2,0,0,0,0,0,0,0,1,0,0,0,0
30842367,15349327,home,2,0,0,0,0,0,0,1,0,0,0,0,0
30842367,15349314,home,1,1,0,0,0,0,0,1,0,0,0,0,0
30842367,15349329,home,3,1,0,1,0,0,1,0,1,0,0,0,0
30842367,15349330,home,3,0,1,1,0,0,4,0,1,0,0,0,0
30842367,15349331,home,1,1,0,0,0,0,0,1,0,0,0,0,0
30842377,15349353,away,4,2,1,1,0,0,0,0,0,0,0,0,0
30842377,15349354,away,4,0,1,0,0,0,0,0,1,0,0,0,0
30842377,15349356,away,3,0,1,0,0,0,0,0,1,0,0,0,0
30842377,15349351,away,3,1,2,0,0,0,0,0,0,0,0,0,0
30842377,15349357,away,3,0,1,0,0,0,0,0,1,0,0,0,0
30842377,15349358,away,3,0,1,0,0,0,0,0,0,0,0,0,0
30842377,15349359,away,3,0,2,0,0,0,3,0,0,0,0,0,0
30842377,15349360,away,4,0,2,0,0,0,1,0,1,0,0,0,0
30842377,15349361,away,3,0,0,0,0,0,0,0,1,0,0,0,0
30842377,15349362,away,3,1,1,0,0,0,0,0,1,0,0,0,0
30842377,15349419,away,3,0,1,0,0,0,0,0,1,0,0,0,0
30842377,15349420,away,4,1,2,0,0,0,0,0,0,0,0,0,0
30842377,15349394,home,3,0,0,0,0,0,0,0,1,0,0,0,0
30842377,15349395,home,2,1,0,1,0,0,0,1,0,0,0,0,0
30842377,15349397,home,4,0,2,0,0,0,0,0,0,0,0,0,0
30842377,15349398,home,3,0,1,0,0,0,0,0,1,0,0,0,0
30842377,15349400,home,4,0,1,0,0,0,0,0,1,0,0,0,0
30842377,15349399,home,4,1,1,1,0,0,1,0,0,0,0,0,0
30842377,15390201,home,2,0,1,0,0,0,0,0,0,0,0,0,0
30842377,15349402,home,3,1,1,1,0,0,0,0,0,0,0,0,0
30842377,15349404,home,4,1,2,0,0,0,0,0,0,0,0,0,0
30842377,15349405,home,3,0,0,0,0,0,0,0,1,0,0,0,0
30842377,15349391,home,4,0,2,0,0,0,1,0,0,0,0,0,0
30842377,15349406,home,4,1,1,1,0,0,1,0,0,0,0,0,0
30842352,15349316,away,3,0,1,0,0,0,0,1,0,0,0,0,0
30842352,15349323,away,3,0,1,0,0,0,0,1,1,0,0,0,0
30842352,15349326,away,4,2,2,0,0,0,1,0,0,0,0,0,0
30842352,15349322,away,4,3,3,0,0,0,0,0,1,0,0,0,0
30842352,15349325,away,1,0,0,0,0,0,0,0,0,0,0,0,0
30842352,15349328,away,4,0,2,0,0,0,0,0,1,0,0,0,0
30842352,15349327,away,4,0,1,0,0,0,1,0,0,0,0,0,0
30842352,15349314,away,4,1,1,0,0,0,0,0,0,0,0,0,0
30842352,15349329,away,4,1,4,0,0,0,0,0,0,0,0,0,0
30842352,15349330,away,4,1,1,0,0,0,1,0,2,0,0,0,0
30842352,15349331,away,4,0,3,0,0,0,2,0,0,0,0,0,0
30842352,15349332,away,5,1,2,0,0,0,1,0,1,0,0,0,0
30842352,15349335,home,3,1,1,0,0,0,0,0,0,0,0,0,0
30842352,15349337,home,3,0,1,0,0,0,0,0,1,0,0,0,0
30842352,15349338,home,3,0,1,0,0,0,0,0,0,0,0,0,0
30842352,15349339,home,3,1,2,0,0,0,1,0,0,0,0,0,0
30842352,15349336,home,3,1,1,0,0,0,0,0,0,0,0,0,0
30842352,15349340,home,3,1,2,0,0,0,0,0,0,0,0,0,0
30842352,15349341,home,3,1,1,0,1,0,1,0,1,0,0,0,0
30842352,15349342,home,3,1,0,0,0,0,0,0,1,0,0,0,0
30842352,15349343,home,3,0,3,0,0,0,1,0,0,0,0,0,0
30842352,15349344,home,3,0,0,0,0,0,0,0,1,0,0,0,0
30842352,15349345,home,3,0,1,0,0,0,0,0,0,0,0,0,0
30842352,15349346,home,3,0,1,0,0,0,1,0,0,0,0,0,0
30842352,15349347,home,3,0,3,0,0,0,1,0,0,0,0,0,0
30842352,15349348,home,3,1,1,0,0,0,0,0,1,0,0,0,0
30842353,15349335,away,3,0,1,0,0,0,0,0,0,0,0,0,0
30842353,15349337,away,2,0,0,0,0,0,0,0,0,0,0,0,0
30842353,15349338,away,2,0,0,0,0,0,0,0,0,0,0,0,0
30842353,15349340,away,2,0,0,0,0,0,0,0,0,0,0,0,0
30842353,15349341,away,2,0,0,0,0,0,0,1,0,0,0,0,0
30842353,15349342,away,2,0,1,0,0,0,0,0,0,0,0,0,0
30842353,15349343,away,3,0,1,0,0,0,0,0,1,0,0,0,0
30842353,15349344,away,3,0,1,0,0,0,0,0,0,0,0,0,0
30842353,15349345,away,2,0,0,0,0,0,0,0,0,0,0,0,0
30842353,15349346,away,2,0,0,0,0,0,0,0,1,0,0,0,0
30842353,15349347,away,2,0,1,0,0,0,0,0,0,0,0,0,0
30842353,15349348,away,2,0,1,0,0,0,0,0,0,0,0,0,0
30842353,15349334,away,3,0,0,0,0,0,0,0,3,0,0,0,0
30842353,15349349,away,2,0,0,0,0,0,0,0,0,0,0,0,0
30842353,15349353,home,3,2,0,1,1,0,2,1,0,0,0,0,0
30842353,15349354,home,3,0,1,0,0,0,0,1,1,0,0,0,0
30842353,15349356,home,4,0,0,0,0,0,0,0,0,0,0,0,0
30842353,15349351,home,4,0,2,0,0,0,1,0,0,0,0,0,0
30842353,15349358,home,2,1,1,0,0,0,0,0,0,0,0,0,0
30842353,15349359,home,3,1,3,0,0,0,2,0,0,0,0,0,0
30842353,15349360,home,4,1,2,0,0,0,0,0,0,0,0,0,0
30842353,15349361,home,4,2,1,0,0,0,1,0,0,0,0,0,0
30842353,15349362,home,4,0,1,0,0,0,0,0,0,0,0,0,0
30842353,15349419,home,4,0,3,0,0,0,2,0,0,0,0,0,0
30842353,15349421,home,4,1,2,0,0,0,0,0,0,0,0,0,0
30842353,15349422,home,3,1,3,0,0,0,2,0,0,0,0,0,0
30842368,15349392,away,4,0,1,0,0,0,0,0,1,0,0,0,0
30842368,15349395,away,3,0,1,0,0,0,0,0,0,0,0,0,0
30842368,15349397,away,4,2,2,0,0,0,0,0,0,0,0,0,0
30842368,15349398,away,3,0,1,0,0,0,0,0,0,0,0,0,0
30842368,15349400,away,3,0,1,0,0,0,0,0,0,0,0,0,0
30842368,15349399,away,4,1,1,0,0,0,1,0,1,0,0,0,0
30842368,15349402,away,3,0,1,0,0,0,0,0,0,0,0,0,0
30842368,15349403,away,4,0,1,1,0,0,1,0,0,0,0,0,0
30842368,15349404,away,4,1,3,0,0,0,0,0,0,0,0,0,0
30842368,15349405,away,3,0,0,0,0,0,0,0,0,0,0,0,0
30842368,15349391,away,3,0,2,0,0,0,1,1,0,0,0,0,0
30842368,15349315,home,3,2,3,0,0,0,1,0,0,0,0,0,0
30842368,15349316,home,3,1,2,0,0,0,0,1,0,0,0,0,0
30842368,15349321,home,3,0,0,0,0,0,0,0,0,1,0,0,0
30842368,15349323,home,4,0,0,0,0,0,0,0,1,0,0,0,0
30842368,15349326,home,4,1,2,1,0,0,0,0,0,0,0,0,0
30842368,15349322,home,2,2,2,0,0,0,0,1,0,1,0,0,0
30842368,15349324,home,3,1,2,0,0,0,0,1,0,0,0,0,0
30842368,15349328,home,4,0,1,0,0,0,0,0,0,0,0,0,0
30842368,15349327,home,4,0,2,0,0,0,0,0,0,0,0,0,0
30842368,15349330,home,4,0,2,0,0,0,0,0,1,0,0,0,0
30842368,15349331,home,3,1,0,0,0,0,0,1,1,0,0,0,0
30842368,15349332,home,3,1,1,0,0,0,0,1,0,0,0,0,0
30842354,15349335,away,3,2,1,1,0,0,0,1,0,0,0,0,0
30842354,15349337,away,2,0,1,0,0,0,0,1,0,0,0,0,0
30842354,15349338,away,3,0,1,0,0,0,0,0,0,0,0,0,0
30842354,15349339,away,3,0,0,0,0,0,0,0,1,0,0,0,0
30842354,15349340,away,2,1,2,0,0,0,0,0,1,0,0,0,0
30842354,15349341,away,3,2,3,0,0,0,0,1,0,0,0,0,0
30842354,15349342,away,3,0,0,0,0,0,0,0,1,0,0,0,0
30842354,15349343,away,3,1,2,1,0,0,6,0,0,0,0,0,0
30842354,15349344,away,2,2,0,0,0,0,0,1,0,0,0,0,0
30842354,15349345,away,3,0,1,0,0,0,0,0,1,0,0,0,0
30842354,15349346,away,3,1,2,0,0,0,0,0,0,0,0,0,0
30842354,15349347,away,3,0,1,0,0,0,0,0,0,0,0,0,0
30842354,15349348,away,2,0,1,0,0,0,1,1,0,0,0,0,0
30842354,15349349,away,3,0,1,0,0,0,0,0,1,0,0,0,0
30842354,15349392,home,2,1,2,0,0,0,0,2,0,0,0,0,0
30842354,15349394,home,0,0,0,0,0,0,0,0,0,0,0,0,0
30842354,15349395,home,2,2,2,0,0,0,0,1,0,0,0,0,0
30842354,15349396,home,4,1,1,1,0,0,2,0,1,0,0,0,0
30842354,15349397,home,3,2,1,1,0,0,0,1,0,0,0,0,0
30842354,15349398,home,3,1,2,0,0,0,0,0,0,0,0,0,0
30842354,15349400,home,1,1,0,0,0,0,0,0,0,2,0,0,0
30842354,15349399,home,3,1,0,2,0,0,1,0,0,1,0,0,0
30842354,15349403,home,3,0,0,0,0,0,0,1,1,0,0,0,0
30842354,15349405,home,2,1,0,0,0,0,0,1,1,0,0,0,0
30842354,15349391,home,4,0,1,0,0,0,0,0,0,0,0,0,0
30842354,15349406,home,2,0,0,0,0,0,1,2,1,0,0,0,0
30842369,15349315,away,1,0,0,0,0,0,0,1,0,0,0,0,0
30842369,15349316,away,2,0,1,0,0,0,0,0,0,0,0,0,0
30842369,15349321,away,2,0,1,0,0,0,1,0,0,0,0,0,0
30842369,15349323,away,2,0,0,0,0,0,0,0,0,0,0,0,0
30842369,15349326,away,2,1,0,0,0,0,0,1,0,0,0,0,0
30842369,15349328,away,2,1,1,0,0,0,0,0,0,1,0,0,0
30842369,15349327,away,2,0,0,0,0,0,0,0,0,0,0,0,0
30842369,15349329,away,3,0,1,0,0,0,0,0,0,0,0,0,0
30842369,15349330,away,2,0,1,0,0,0,0,0,0,1,0,0,0
30842369,15349331,away,3,1,1,0,0,0,0,0,0,0,0,0,0
30842369,15349352,home,1,1,0,0,0,0,0,1,1,0,0,0,0
30842369,15349353,home,1,1,0,0,1,0,2,1,0,0,0,0,0
30842369,15349354,home,2,1,1,0,0,0,0,0,0,0,0,0,0
30842369,15349356,home,2,0,0,0,0,0,0,0,1,0,0,0,0
30842369,15349351,home,2,0,1,0,0,0,0,0,0,0,0,0,0
30842369,15349359,home,1,0,0,0,0,0,0,1,0,0,0,0,0
30842369,15349360,home,2,1,0,0,0,0,0,1,1,0,0,0,0
30842369,15349361,home,2,1,1,0,0,0,1,0,0,0,0,0,0
30842369,15349362,home,1,0,1,0,0,0,0,1,0,0,0,0,0
30842369,15349419,home,2,0,0,0,0,0,0,0,1,0,0,0,0
30842369,15349421,home,2,1,2,0,0,0,1,1,0,0,0,0,0
30842369,15349422,home,3,1,1,2,0,0,2,0,0,0,0,0,0
30842355,15349335,away,3,3,1,1,1,0,0,1,0,0,0,0,0
30842355,15349337,away,4,1,2,1,0,0,2,0,1,0,0,0,0
30842355,15349338,away,4,0,0,0,0,0,0,0,1,0,0,0,0
30842355,15349339,away,4,0,1,0,0,0,1,0,1,0,0,0,0
30842355,15349340,away,4,2,1,2,0,0,4,0,0,0,0,0,0
30842355,15349341,away,4,3,3,0,0,0,2,0,0,0,0,0,0
30842355,15349343,away,3,1,2,0,0,0,1,0,0,0,0,0,0
30842355,15349344,away,4,2,2,0,0,0,0,0,1,0,0,0,0
30842355,15349345,away,0,0,0,0,0,0,0,0,0,0,0,0,0
30842355,15349347,away,4,1,3,0,0,0,1,0,0,0,0,0,0
30842355,15349348,away,4,0,1,0,0,0,1,0,0,0,0,0,0
30842355,15349349,away,4,0,1,0,0,0,0,0,0,0,0,0,0
30842355,15349315,home,4,2,3,0,0,0,0,0,1,0,0,0,0
30842355,15349316,home,3,0,1,0,0,0,0,0,1,0,0,0,0
30842355,15349326,home,4,2,3,0,0,0,0,0,0,0,0,0,0
30842355,15349328,home,3,0,1,1,0,0,0,0,0,1,0,0,0
30842355,15349327,home,4,0,2,0,0,0,0,0,1,0,0,0,0
30842355,15349314,home,4,1,1,0,0,0,0,0,0,0,0,0,0
30842355,15349329,home,3,2,0,1,0,0,0,1,0,0,0,0,0
30842355,15349330,home,4,1,2,0,0,0,2,0,1,0,0,0,0
30842355,15349331,home,4,1,2,0,0,0,0,0,0,0,0,0,0
30842355,15349332,home,4,1,1,0,0,0,0,0,1,0,0,0,0
30842378,15349392,away,3,0,2,0,0,0,0,0,0,0,0,0,0
30842378,15349394,away,2,1,1,0,0,0,0,0,0,0,0,0,0
30842378,15349395,away,3,1,1,1,0,0,1,0,0,0,0,0,0
30842378,15349396,away,2,2,0,0,0,0,0,1,0,0,0,0,0
30842378,15349397,away,4,0,0,0,0,0,0,0,0,0,0,0,0
30842378,15349398,away,3,1,1,1,0,0,1,0,0,0,0,0,0
30842378,15349400,away,3,0,0,0,0,0,0,0,0,0,0,0,0
30842378,15349399,away,3,1,2,0,0,0,1,0,0,0,0,0,0
30842378,15390201,away,3,0,2,0,0,0,0,0,0,0,0,0,0
30842378,15349403,away,3,3,3,0,0,0,0,0,0,0,0,0,0
30842378,15349405,away,3,0,2,0,0,0,0,0,1,0,0,0,0
30842378,15349391,away,3,1,3,0,0,0,1,0,0,0,0,0,0
30842378,15349406,away,2,1,1,0,0,0,2,0,0,0,0,0,0
30842378,15349352,home,3,0,0,0,0,0,0,0,0,0,0,0,0
30842378,15349353,home,4,0,3,0,0,0,2,0,0,0,0,0,0
30842378,15349354,home,4,2,2,1,0,0,0,0,0,0,0,0,0
30842378,15349351,home,4,1,1,0,0,0,0,0,0,0,0,0,0
30842378,15349357,home,3,1,3,0,0,0,0,0,0,0,0,0,0
30842378,15349358,home,2,1,1,0,0,0,1,1,0,0,0,0,0
30842378,15349359,home,2,0,0,0,0,0,0,2,1,0,0,0,0
30842378,15349361,home,4,0,1,0,0,0,1,0,1,0,0,0,0
30842378,15349362,home,2,1,2,0,0,0,0,1,0,0,0,0,0
30842378,15349419,home,4,2,2,0,0,0,0,0,0,0,0,0,0
30842378,15349421,home,4,1,2,0,0,0,1,0,0,0,0,0,0
30842378,15349422,home,4,1,1,0,1,0,2,0,0,0,0,0,0
30842356,15349352,away,2,1,1,0,0,0,2,2,0,0,0,0,0
30842356,15349353,away,3,2,1,0,0,1,3,1,0,0,0,0,0
30842356,15349354,away,4,0,0,0,0,0,0,0,0,0,0,0,0
30842356,15349356,away,2,0,1,0,0,0,2,2,1,0,0,0,0
30842356,15349351,away,2,2,2,0,0,0,0,2,0,0,0,0,0
30842356,15349357,away,3,3,2,0,0,0,0,1,0,0,0,0,0
30842356,15349358,away,4,0,2,0,0,0,2,0,0,0,0,0,0
30842356,15407747,away,5,0,4,0,0,0,0,0,0,0,0,0,0
30842356,15349359,away,3,1,2,0,0,0,0,0,0,0,0,0,0
30842356,15349360,away,4,2,2,1,0,0,2,0,0,0,0,0,0
30842356,15349362,away,3,3,3,0,0,0,2,1,0,0,0,0,0
30842356,15349419,away,3,2,1,0,0,0,1,1,0,0,0,0,0
30842356,15349420,away,4,2,3,0,0,0,1,0,0,0,0,0,0
30842356,15349422,away,4,2,2,1,0,0,1,0,0,0,0,0,0
30842356,15349335,home,3,1,0,1,0,0,0,0,0,0,0,0,0
30842356,15349337,home,3,0,0,0,0,0,0,0,1,0,0,0,0
30842356,15349338,home,1,0,1,0,0,0,1,1,0,0,0,0,0
30842356,15349336,home,2,1,2,0,0,0,0,1,0,0,0,0,0
30842356,15349340,home,3,1,0,0,0,0,1,0,0,0,0,0,0
30842356,15349341,home,3,0,1,0,0,0,1,0,0,0,0,0,0
30842356,15349342,home,3,1,1,2,0,0,0,0,0,0,0,0,0
30842356,15349344,home,2,2,0,1,0,0,1,1,1,0,0,0,0
30842356,15349345,home,2,0,0,0,0,0,0,0,0,0,0,0,0
30842356,15349346,home,3,0,2,0,0,0,1,0,0,0,0,0,0
30842356,15349347,home,3,1,1,0,0,0,0,0,0,0,0,0,0
30842356,15349348,home,2,0,1,0,0,0,0,0,0,0,0,0,0
30842356,15349349,home,2,0,0,0,0,0,0,0,0,0,0,0,0
30842370,15349315,away,3,2,2,0,0,0,2,0,0,1,0,0,0
30842370,15401676,away,4,1,0,1,0,0,1,0,2,0,0,0,0
30842370,15349321,away,3,2,3,0,0,0,0,0,0,0,0,0,0
30842370,15349326,away,4,0,1,0,0,0,1,0,0,0,0,0,0
30842370,15349322,away,3,1,1,1,0,0,1,0,1,0,0,0,0
30842370,15349328,away,4,0,0,0,0,0,0,0,2,0,0,0,0
30842370,15349327,away,4,0,3,0,0,0,0,0,1,0,0,0,0
30842370,15349314,away,3,2,2,0,0,0,1,1,0,0,0,0,0
30842370,15349329,away,4,0,2,0,0,0,1,0,0,0,0,0,0
30842370,15349331,away,3,1,1,0,0,0,0,1,0,0,0,0,0
30842370,15349332,away,3,1,0,0,0,0,0,1,0,0,0,0,0
30842370,15349392,home,3,1,1,1,0,0,0,0,0,0,0,0,0
30842370,15349393,home,4,0,1,0,0,0,0,0,1,0,0,0,0
30842370,15349396,home,0,0,0,0,0,0,0,0,0,0,0,0,0
30842370,15349400,home,2,1,0,0,0,0,0,2,1,0,0,0,0
30842370,15349399,home,5,1,2,0,0,0,1,0,0,0,0,0,0
30842370,15349402,home,4,0,3,0,0,0,2,0,0,0,0,0,0
30842370,15349403,home,5,2,4,0,0,0,0,0,0,0,0,0,0
30842370,15349405,home,3,0,0,0,0,0,0,1,2,0,0,0,0
30842370,15349391,home,4,1,1,0,0,0,0,0,0,0,0,0,0
30842370,15349406,home,4,1,3,0,0,0,0,0,0,0,0,0,0
30842357,15349392,away,3,2,1,1,0,0,3,0,0,0,0,0,0
30842357,15349393,away,3,0,1,0,0,0,0,0,0,0,0,0,0
30842357,15349395,away,2,1,1,0,0,0,0,1,0,0,0,0,0
30842357,15349396,away,2,1,0,0,0,0,0,1,0,0,0,0,0
30842357,15349397,away,3,1,1,0,0,0,1,0,0,0,0,0,0
30842357,15349398,away,3,0,0,0,0,0,0,0,0,0,0,0,0
30842357,15349400,away,2,1,1,0,0,0,0,0,0,0,0,0,0
30842357,15349399,away,3,1,1,1,0,0,0,0,0,0,0,0,0
30842357,15390201,away,2,1,0,0,0,0,0,1,1,0,0,0,0
30842357,15349402,away,2,0,0,0,0,0,1,0,0,0,0,1,0
30842357,15349403,away,3,1,2,0,0,0,0,0,0,0,0,0,0
30842357,15349404,away,3,0,3,0,0,0,0,0,0,0,0,0,0
30842357,15349391,away,2,1,2,0,0,0,0,1,0,0,0,0,0
30842357,15349338,home,2,0,0,0,0,0,0,0,0,0,0,0,0
30842357,15349340,home,2,1,0,0,0,0,0,1,0,0,0,0,0
30842357,15349341,home,0,0,0,0,0,0,0,0,0,0,0,0,0
30842357,15349342,home,2,1,1,0,0,0,0,1,0,0,0,0,0
30842357,15349344,home,3,0,0,0,0,0,0,0,2,0,0,0,0
30842357,15349345,home,1,0,0,0,0,0,0,1,0,0,0,0,0
30842357,15349346,home,3,1,1,0,0,0,0,0,0,0,0,0,0
30842357,15349347,home,1,0,0,0,0,0,0,2,0,0,0,0,0
30842357,15349348,home,3,0,1,0,0,0,1,0,0,0,0,0,0
30842357,15349349,home,2,0,0,0,0,0,1,0,0,0,0,0,0
30842371,15349356,away,3,0,0,0,0,0,0,0,2,0,0,0,0
30842371,15349351,away,1,3,1,0,0,0,0,2,0,1,0,0,0
30842371,15349357,away,4,0,2,0,0,0,0,0,1,0,0,0,0
30842371,15349358,away,3,1,3,0,0,0,1,0,0,0,0,0,0
30842371,15407747,away,4,1,0,0,0,0,0,0,0,0,0,0,0
30842371,15349359,away,4,0,1,0,0,0,2,0,0,0,0,0,0
30842371,15349360,away,3,0,1,1,0,0,0,0,0,0,0,0,0
30842371,15349361,away,4,1,2,0,0,0,0,0,0,0,0,0,0
30842371,15349362,away,3,3,2,0,0,0,1,1,0,0,0,0,0
30842371,15349419,away,0,0,0,0,0,0,0,0,0,0,0,0,0
30842371,15349420,away,4,1,3,1,0,0,2,0,0,0,0,0,0
30842371,15349421,away,3,1,1,0,0,0,0,1,0,0,0,0,0
30842371,15349422,away,4,2,2,0,0,0,0,0,0,0,0,0,0
30842371,15401676,home,4,1,1,1,0,0,0,0,0,0,0,0,0
30842371,15349321,home,3,1,2,0,0,0,2,0,0,0,0,0,0
30842371,15349323,home,3,1,1,1,0,0,0,0,0,0,0,0,0
30842371,15349326,home,4,2,3,0,0,0,1,0,0,0,0,0,0
30842371,15349328,home,3,1,0,0,0,0,0,1,0,0,0,0,0
30842371,15349327,home,3,0,2,0,0,0,1,0,1,0,0,0,0
30842371,15349314,home,3,1,1,0,0,0,1,0,0,0,0,0,0
30842371,15349330,home,3,0,0,0,0,0,0,0,2,0,0,0,0
30842371,15349331,home,4,0,0,0,0,0,0,0,0,0,0,0,0
30842371,15349332,home,4,0,2,0,0,0,2,0,0,0,0,0,0
30842379,15349393,away,1,0,0,0,0,0,0,0,1,0,0,0,0
30842379,15349395,away,3,1,2,0,0,0,0,0,0,0,0,0,0
30842379,15349396,away,3,2,1,0,0,0,0,1,0,0,0,0,0
30842379,15349397,away,4,1,1,0,1,0,0,0,0,0,0,0,0
30842379,15349398,away,3,1,1,0,0,0,0,0,0,0,0,0,0
30842379,15349400,away,2,1,1,0,0,0,1,1,0,0,0,0,0
30842379,15349399,away,4,1,2,0,0,1,3,0,0,0,0,0,0
30842379,15390201,away,2,0,1,0,0,0,0,0,0,0,0,0,0
30842379,15349402,away,4,0,1,0,0,0,1,0,0,0,0,0,0
30842379,15349403,away,2,3,1,0,0,0,0,2,0,0,0,0,0
30842379,15349404,away,4,0,0,0,0,0,0,0,2,0,0,0,0
30842379,15349405,away,3,1,1,0,0,0,1,0,1,0,0,0,0
30842379,15349391,away,4,2,1,2,0,0,4,0,0,0,0,0,0
30842379,15349406,away,4,0,2,0,1,0,3,0,0,0,0,0,0
30842379,15349354,home,2,0,2,0,0,0,0,1,0,0,0,0,0
30842379,15349356,home,3,0,0,0,0,0,0,0,1,0,0,0,0
30842379,15349351,home,4,1,2,0,0,0,0,0,0,0,0,0,0
30842379,15349357,home,4,1,0,2,0,0,0,0,0,0,0,0,0
30842379,15349358,home,3,0,0,0,0,0,0,0,1,0,0,0,0
30842379,15407747,home,2,0,0,0,0,0,1,1,0,0,0,1,0
30842379,15349359,home,4,3,1,2,0,0,1,0,0,0,0,0,0
30842379,15349361,home,4,0,2,0,0,0,1,0,1,0,0,0,0
30842379,15349362,home,2,0,1,0,0,0,1,1,0,0,0,0,0
30842379,15349419,home,0,0,0,0,0,0,0,0,0,0,0,0,0
30842379,15349420,home,4,1,0,0,1,0,2,0,0,0,0,0,0
30842379,15349421,home,3,0,0,0,0,0,0,1,0,0,0,0,0
30842379,15349422,home,4,1,2,0,0,0,0,0,0,0,0,0,0
30842358,15401676,away,5,1,2,0,0,0,0,0,1,0,0,0,0
30842358,15349316,away,2,0,0,0,0,0,0,3,2,0,0,0,0
30842358,15349321,away,3,1,3,0,0,0,1,1,0,0,0,0,0
30842358,15349323,away,4,0,2,0,0,0,0,1,0,0,0,0,0
30842358,15349326,away,3,2,2,0,0,0,0,2,0,0,0,0,0
30842358,15349328,away,4,2,3,1,0,0,3,1,0,0,0,0,0
30842358,15349327,away,3,1,1,0,0,0,0,1,0,0,0,0,0
30842358,15349314,away,4,1,0,0,0,0,1,1,0,0,0,0,0
30842358,15349329,away,5,2,4,0,0,0,0,0,0,0,0,0,0
30842358,15349331,away,5,2,2,0,0,0,1,0,0,0,0,0,0
30842358,15349332,away,5,3,2,0,0,0,0,0,0,0,0,0,0
30842358,15349335,home,4,1,3,0,0,0,0,0,0,0,0,0,0
30842358,15349337,home,3,2,2,1,0,0,2,0,0,0,0,0,0
30842358,15349338,home,3,0,1,0,0,0,0,0,0,0,0,0,0
30842358,15349339,home,3,0,2,0,0,0,1,0,0,0,0,0,0
30842358,15349340,home,4,0,1,1,0,0,0,0,1,0,0,0,0
30842358,15349342,home,3,1,1,0,0,0,1,0,0,0,0,0,0
30842358,15349344,home,4,2,1,1,0,0,0,0,1,0,0,0,0
30842358,15349345,home,3,0,0,0,0,0,0,0,2,0,0,0,0
30842358,15349346,home,3,0,0,0,0,0,0,0,0,0,0,0,0
30842358,15349347,home,2,0,1,0,0,0,0,1,0,0,0,0,0
30842358,15349348,home,3,0,1,0,0,0,1,0,0,0,0,0,0
30842358,15349349,home,3,0,0,0,0,0,0,0,1,0,0,0,0
30842372,15349315,away,3,1,2,0,0,0,0,0,0,0,0,0,0
30842372,15349316,away,2,1,1,0,0,0,0,0,0,0,0,0,0
30842372,15349321,away,4,0,1,0,0,0,0,0,0,0,0,0,0
30842372,15349323,away,2,1,0,0,0,0,0,1,0,0,0,0,0
30842372,15349326,away,4,0,2,0,0,0,0,0,0,0,0,0,0
30842372,15349328,away,4,0,2,0,0,0,0,0,0,0,0,0,0
30842372,15349327,away,3,0,0,0,0,0,0,0,1,0,0,0,0
30842372,15349314,away,1,1,0,0,0,0,0,2,0,0,0,0,0
30842372,15349329,away,4,1,1,0,0,0,0,0,0,0,0,0,0
30842372,15349330,away,3,1,0,0,0,0,0,1,1,0,0,0,0
30842372,15349331,away,3,1,1,0,0,0,0,0,1,0,0,0,0
30842372,15349332,away,4,0,1,0,0,0,0,0,0,0,0,0,0
30842372,15349392,home,4,1,2,0,0,0,1,0,0,0,0,0,0
30842372,15349395,home,4,0,1,0,0,0,0,0,0,0,0,0,0
30842372,15349397,home,5,0,1,0,0,0,0,0,0,0,0,0,0
30842372,15349398,home,3,1,1,0,0,0,0,1,0,0,0,0,0
30842372,15349399,home,5,3,3,1,0,0,0,0,1,0,0,0,0
30842372,15349402,home,4,1,2,0,0,0,0,1,0,0,0,0,0
30842372,15349403,home,3,0,2,0,0,0,1,1,0,0,0,0,0
30842372,15349404,home,3,1,0,0,0,0,0,1,0,0,0,0,0
30842372,15349405,home,4,0,2,0,0,0,0,0,1,0,0,0,0
30842372,15349391,home,3,0,1,0,0,0,1,0,0,0,0,0,0
30842372,15349406,home,4,2,3,0,0,0,1,0,0,0,0,0,0
30842359,15349335,away,3,2,3,0,0,0,0,0,0,0,0,0,0
30842359,15349337,away,3,0,0,0,0,0,1,0,1,0,0,0,0
30842359,15349338,away,3,0,2,0,0,0,1,0,0,0,0,0,0
30842359,15349339,away,0,0,0,0,0,0,0,0,0,0,0,0,0
30842359,15349336,away,3,0,1,0,0,0,0,0,0,0,0,0,0
30842359,15349340,away,3,0,0,0,0,0,0,0,0,0,0,0,0
30842359,15349341,away,3,0,2,0,0,0,1,0,0,0,0,0,0
30842359,15349342,away,2,0,1,0,0,0,1,1,0,0,0,0,0
30842359,15349343,away,3,0,1,0,0,0,0,0,1,0,0,0,0
30842359,15349344,away,3,3,0,2,0,0,1,0,0,0,0,0,0
30842359,15349345,away,3,0,0,0,0,0,0,0,0,0,0,0,0
30842359,15349346,away,2,0,0,0,0,0,0,0,0,1,0,0,0
30842359,15349347,away,3,0,0,0,0,0,0,0,0,0,0,0,0
30842359,15349348,away,3,1,2,0,0,0,0,0,0,0,0,0,0
30842359,15349349,away,3,0,0,0,0,0,0,0,1,0,0,0,0
30842359,15349353,home,3,2,0,1,0,0,0,1,1,0,0,0,0
30842359,15349354,home,4,0,3,0,0,0,0,0,0,0,0,0,0
30842359,15349356,home,3,0,1,0,0,0,1,0,0,0,0,0,0
30842359,15349357,home,3,0,1,0,0,0,0,0,0,0,0,0,0
30842359,15349358,home,2,0,1,0,0,0,0,0,0,0,0,0,0
30842359,15407747,home,4,1,2,1,0,0,0,0,0,0,0,0,0
30842359,15349359,home,4,0,1,0,0,0,0,0,0,0,0,0,0
30842359,15349360,home,2,0,0,0,0,0,0,1,1,0,0,0,0
30842359,15349361,home,3,0,1,0,0,0,1,0,0,0,0,0,0
30842359,15349362,home,2,1,1,0,0,0,1,1,0,0,0,0,0
30842359,15349419,home,3,1,2,0,0,0,0,0,1,0,0,0,0
30842359,15349420,home,3,0,0,0,0,0,0,1,0,0,0,0,0
30842359,15349421,home,3,0,0,0,0,0,0,0,0,0,0,0,0
30842359,15349422,home,3,2,1,0,0,0,0,0,0,1,0,0,0
30842373,15349353,away,4,2,2,1,0,0,3,0,0,0,0,0,0
30842373,15349354,away,4,0,3,0,0,0,0,0,1,0,0,0,0
30842373,15349356,away,3,0,1,0,0,0,2,0,0,0,0,0,0
30842373,15349351,away,2,1,1,0,0,0,1,1,0,1,0,0,0
30842373,15349357,away,4,1,1,0,0,0,0,0,1,0,0,0,0
30842373,15349358,away,3,0,0,0,0,0,0,1,0,0,0,0,0
30842373,15407747,away,4,4,4,0,0,0,0,0,0,0,0,0,0
30842373,15349359,away,4,0,1,0,0,0,1,0,0,0,0,0,0
30842373,15349360,away,2,1,1,1,0,0,1,2,0,0,0,0,0
30842373,15349361,away,3,0,1,0,0,0,0,1,0,0,0,0,0
30842373,15349362,away,4,0,1,0,0,0,0,0,1,0,0,0,0
30842373,15349419,away,4,1,1,0,0,0,0,0,0,0,0,0,0
30842373,15349420,away,3,0,2,0,0,0,3,0,0,0,0,1,0
30842373,15349421,away,4,2,1,0,0,0,0,0,0,0,0,0,0
30842373,15401676,home,3,0,0,0,0,0,0,1,2,0,0,0,0
30842373,15349321,home,3,0,2,0,0,0,1,1,0,0,0,0,0
30842373,15349323,home,5,1,1,0,0,0,0,0,1,0,0,0,0
30842373,15349326,home,5,1,3,0,0,0,1,0,0,0,0,0,0
30842373,15349327,home,5,0,0,0,0,0,0,0,0,0,0,0,0
30842373,15349314,home,4,0,0,0,0,0,0,0,1,0,0,0,0
30842373,15349329,home,3,1,2,1,0,0,2,2,0,0,0,0,0
30842373,15349331,home,4,0,0,0,0,0,0,1,1,0,0,0,0
30842373,15349332,home,4,1,0,0,0,0,0,1,0,0,0,0,0
30842360,15349335,away,4,1,4,0,0,0,0,0,0,0,0,0,0
30842360,15349337,away,3,1,2,0,0,0,0,0,0,0,0,0,0
30842360,15349338,away,3,0,0,0,0,0,0,0,0,0,0,0,0
30842360,15349339,away,2,0,0,0,0,0,0,1,1,0,0,0,0
30842360,15349336,away,3,1,1,0,0,0,0,0,0,0,0,0,0
30842360,15349340,away,3,0,0,0,0,0,0,0,0,0,0,0,0
30842360,15349341,away,4,0,0,0,0,0,0,0,0,0,0,0,0
30842360,15349342,away,3,0,1,0,0,0,0,0,0,0,0,0,0
30842360,15349343,away,3,0,1,0,0,0,0,0,1,0,0,0,0
30842360,15349344,away,3,1,0,1,0,0,0,0,0,0,0,0,0
30842360,15349347,away,3,0,1,0,0,0,0,0,0,0,0,0,0
30842360,15349348,away,3,0,0,0,0,0,0,0,0,0,0,0,0
30842360,15349334,away,3,0,2,0,0,0,1,0,0,0,0,0,0
30842360,15349395,home,3,0,1,0,0,0,3,1,1,0,0,0,0
30842360,15349396,home,4,2,0,2,1,0,4,1,0,0,0,0,0
30842360,15349397,home,3,3,1,0,0,0,1,2,1,0,0,0,0
30842360,15349398,home,3,0,0,0,0,0,0,2,1,0,0,0,0
30842360,15349400,home,4,1,2,0,0,0,0,0,1,0,0,0,0
30842360,15349399,home,0,0,0,0,0,0,0,0,0,0,0,0,0
30842360,15349402,home,4,0,1,0,0,0,0,1,1,0,0,0,0
30842360,15349403,home,3,3,1,1,1,0,0,2,0,0,0,0,0
30842360,15349404,home,4,1,0,0,0,0,0,1,2,0,0,0,0
30842360,15349406,home,4,2,1,1,0,0,1,1,0,0,0,0,0
30842361,15349335,away,3,2,1,1,0,0,0,0,0,0,0,0,0
30842361,15349337,away,2,0,1,0,0,0,0,0,0,0,0,0,0
30842361,15349338,away,3,0,1,0,0,0,0,0,0,0,0,0,0
30842361,15349339,away,3,0,2,0,0,0,0,0,0,0,0,0,0
30842361,15349340,away,3,1,2,0,0,0,1,0,0,0,0,0,0
30842361,15349341,away,3,2,2,0,0,0,2,0,0,0,0,0,0
30842361,15349342,away,3,1,2,0,0,0,0,0,0,0,0,0,0
30842361,15349345,away,3,0,0,0,0,0,0,0,0,0,0,0,0
30842361,15349346,away,3,0,1,0,0,0,1,0,1,0,0,0,0
30842361,15349347,away,2,0,0,0,0,0,0,0,1,0,0,0,0
30842361,15349348,away,3,0,0,1,0,0,3,0,1,0,0,0,0
30842361,15349334,away,3,2,2,0,0,0,0,0,0,0,0,0,0
30842361,15349349,away,3,0,0,0,0,0,0,0,0,0,0,0,0
30842361,15349315,home,2,2,2,0,0,0,2,1,0,0,0,0,0
30842361,15401676,home,3,0,1,0,0,0,2,0,0,0,0,1,0
30842361,15349323,home,3,3,1,0,0,0,1,1,0,1,0,0,0
30842361,15349326,home,5,3,3,1,0,0,2,0,1,0,0,0,0
30842361,15349322,home,4,2,2,0,0,0,2,0,0,1,0,0,0
30842361,15349328,home,3,2,2,0,0,0,1,2,0,0,0,0,0
30842361,15349327,home,5,3,2,1,0,0,3,0,1,0,0,0,0
30842361,15349329,home,5,1,3,0,0,0,0,0,0,0,0,0,0
30842361,15349331,home,4,1,2,0,0,0,2,0,0,0,0,0,0
30842361,15349332,home,4,2,2,0,0,0,0,0,0,0,0,0,0
30842380,15349394,away,5,1,1,1,0,0,0,0,1,0,0,0,0
30842380,15349396,away,3,0,3,0,0,0,0,1,0,0,0,0,0
30842380,15349397,away,4,2,2,1,0,0,2,0,0,0,0,0,0
30842380,15349398,away,4,2,4,0,0,0,0,0,0,0,0,0,0
30842380,15349400,away,4,1,1,1,0,0,0,0,0,0,0,0,0
30842380,15349399,away,5,1,3,0,0,0,1,0,1,0,0,0,0
30842380,15349402,away,4,0,0,0,0,0,0,0,0,0,0,0,0
30842380,15349404,away,4,0,0,0,0,0,0,0,2,0,0,0,0
30842380,15349405,away,4,0,0,0,0,0,0,0,0,0,0,0,0
30842380,15349391,away,2,0,0,0,0,0,0,0,1,0,0,0,0
30842380,15349406,away,4,0,2,1,0,0,0,0,0,0,0,0,0
30842380,15349353,home,3,2,3,0,0,0,2,0,0,0,0,0,0
30842380,15349354,home,3,1,1,1,0,0,0,0,0,0,0,0,0
30842380,15349356,home,2,0,0,0,0,0,0,0,0,0,0,0,0
30842380,15349351,home,3,0,0,1,0,0,2,0,0,0,0,0,0
30842380,15349357,home,3,0,1,0,0,0,0,0,0,0,0,0,0
30842380,15407747,home,3,2,2,0,0,0,0,0,0,0,0,0,0
30842380,15349359,home,2,1,0,0,0,0,1,1,0,0,0,0,0
30842380,15349360,home,2,0,0,0,1,0,1,0,0,0,0,0,0
30842380,15349361,home,3,0,3,0,0,0,2,0,0,0,0,0,0
30842380,15349362,home,3,0,0,0,0,0,0,0,0,0,0,0,0
30842380,15349419,home,3,1,1,0,0,0,0,0,0,0,0,0,0
30842380,15349420,home,3,0,1,0,0,0,1,0,0,0,0,0,0
30842380,15349421,home,3,3,2,1,0,0,0,0,0,0,0,0,0
30842380,15349422,home,3,2,2,0,0,0,0,0,0,0,0,0,0
30842362,15349353,away,5,4,4,0,0,0,2,0,0,0,0,0,0
30842362,15349354,away,5,2,2,0,0,0,1,0,1,0,0,0,0
30842362,15349356,away,3,0,1,0,0,0,1,1,0,0,0,0,0
30842362,15349351,away,5,3,2,1,0,0,3,0,0,0,0,0,0
30842362,15349357,away,4,0,0,0,0,0,2,0,0,0,0,0,0
30842362,15349359,away,2,1,1,0,0,0,0,1,0,0,0,0,0
30842362,15349360,away,4,0,1,0,0,0,0,0,0,0,0,0,0
30842362,15349361,away,4,0,4,0,0,0,2,1,0,0,0,0,0
30842362,15349362,away,3,0,1,0,0,0,0,1,0,0,0,0,0
30842362,15349419,away,5,1,4,0,0,0,1,0,0,0,0,0,0
30842362,15349420,away,5,3,4,1,0,0,0,0,0,0,0,0,0
30842362,15349422,away,5,4,4,1,0,0,0,0,0,0,0,0,0
30842362,15349335,home,3,1,1,1,0,0,0,0,0,0,0,0,0
30842362,15349337,home,3,0,1,0,0,0,0,0,0,0,0,0,0
30842362,15349338,home,2,0,2,0,0,0,1,0,0,0,0,0,0
30842362,15349339,home,3,0,0,0,0,0,0,0,2,0,0,0,0
30842362,15349340,home,3,1,1,0,0,0,0,0,1,0,0,0,0
30842362,15349341,home,1,1,0,1,0,0,0,0,0,0,0,0,0
30842362,15349342,home,3,1,1,0,0,0,1,0,0,0,0,0,0
30842362,15349343,home,3,0,0,0,0,0,0,0,0,0,0,0,0
30842362,15349345,home,1,0,0,0,0,0,0,1,0,0,0,0,0
30842362,15349346,home,3,0,1,0,0,0,1,0,0,0,0,0,0
30842362,15349347,home,2,1,0,0,0,0,0,1,0,0,0,0,0
30842362,15349348,home,3,1,1,0,0,0,1,0,0,0,0,0,0
30842362,15349334,home,2,0,0,0,0,0,1,0,1,0,0,0,0
30842362,15349349,home,2,0,0,0,0,0,0,0,0,0,0,0,0
30842374,15349315,away,3,2,2,0,0,0,0,1,0,0,0,0,0
30842374,15401676,away,4,2,2,1,0,0,2,0,0,0,0,0,0
30842374,15349316,away,2,0,0,0,0,0,0,2,0,0,0,0,0
30842374,15349321,away,4,1,2,0,0,0,3,0,0,0,0,0,0
30842374,15349323,away,0,0,0,0,0,0,0,0,0,0,0,0,0
30842374,15349326,away,4,2,3,0,0,0,0,0,1,0,0,0,0
30842374,15349322,away,4,2,1,0,0,0,0,1,0,0,0,0,0
30842374,15349327,away,4,0,1,0,0,0,0,0,1,0,0,0,0
30842374,15349329,away,4,1,2,0,0,0,0,0,0,0,0,0,0
30842374,15349331,away,5,2,3,0,0,0,0,0,1,0,0,0,0
30842374,15349332,away,3,0,3,0,0,0,2,1,0,0,0,0,0
30842374,15349392,home,5,3,1,2,0,0,1,0,0,0,0,0,0
30842374,15349396,home,3,4,2,0,0,0,0,2,0,0,0,0,0
30842374,15349397,home,4,2,1,1,0,0,0,1,0,0,0,0,0
30842374,15349398,home,5,1,1,0,0,0,0,0,0,0,0,0,0
30842374,15349400,home,3,0,0,0,0,0,0,2,2,0,0,0,0
30842374,15349399,home,4,1,1,1,0,0,0,1,0,0,0,0,0
30842374,15349402,home,5,0,4,0,0,0,1,0,0,0,0,0,0
30842374,15349404,home,4,2,1,2,0,0,0,1,0,0,0,0,0
30842374,15349405,home,3,0,0,0,0,0,0,1,0,0,0,0,0
31102579,15349352,away,1,1,0,0,0,0,0,1,1,0,0,0,0
31102579,15349353,away,3,1,1,0,0,0,1,0,0,0,0,0,0
31102579,15349354,away,3,1,2,0,0,0,0,0,0,0,0,0,0
31102579,15349356,away,2,0,0,0,0,0,0,0,0,0,0,0,0
31102579,15349351,away,3,0,2,0,0,0,0,0,0,0,0,0,0
31102579,15349357,away,3,0,0,0,0,0,0,0,1,0,0,0,0
31102579,15349358,away,3,0,0,0,0,0,0,0,0,0,0,0,0
31102579,15407747,away,2,0,2,0,0,0,1,1,0,0,0,0,0
31102579,15349359,away,2,0,1,0,0,0,1,1,0,0,0,0,0
31102579,15349360,away,3,0,1,0,0,0,0,0,1,0,0,0,0
31102579,15349361,away,3,0,0,0,0,0,0,0,0,0,0,0,0
31102579,15349362,away,3,0,1,0,0,0,0,0,2,0,0,0,0
31102579,15349419,away,3,0,2,0,0,0,0,0,0,0,0,0,0
31102579,15349420,away,3,1,3,0,0,0,2,0,0,0,0,0,0
31102579,15349422,away,3,1,2,0,0,0,0,0,0,0,0,0,0
31102579,15349315,home,3,0,1,0,0,0,1,0,0,0,0,0,0
31102579,15401676,home,3,0,1,0,0,0,0,0,0,0,0,0,0
31102579,15349316,home,1,0,0,0,0,0,0,2,0,0,0,0,0
31102579,15349321,home,4,0,0,0,0,0,0,0,1,0,0,0,0
31102579,15349323,home,3,0,0,0,0,0,0,0,1,0,0,0,0
31102579,15349326,home,3,1,1,0,0,0,1,0,0,0,0,0,0
31102579,15349322,home,4,1,1,1,0,0,0,0,0,0,0,0,0
31102579,15349328,home,2,1,2,0,0,0,1,1,0,0,0,0,0
31102579,15349327,home,1,0,1,0,0,0,0,1,0,0,0,0,0
31102579,15349314,home,3,0,0,0,0,0,0,0,1,0,0,0,0
31102579,15349329,home,4,1,2,0,0,0,1,0,1,0,0,0,0
31102579,15349331,home,2,0,0,0,0,0,0,1,0,0,0,0,0
31102579,15349332,home,3,0,1,0,0,0,0,0,0,0,0,0,0
30842363,15349392,away,5,2,2,0,0,0,0,0,1,0,0,0,0
30842363,15349393,away,1,1,0,0,0,0,0,2,0,0,0,0,0
30842363,15349394,away,4,4,1,3,0,0,1,0,0,0,0,0,0
30842363,15349397,away,4,3,3,0,0,0,1,1,1,0,0,0,0
30842363,15349400,away,4,0,1,1,0,0,2,1,0,0,0,0,0
30842363,15349399,away,6,3,3,0,0,0,0,0,1,0,0,0,0
30842363,15349402,away,5,1,2,0,0,0,1,0,0,0,0,0,0
30842363,15349403,away,4,3,0,2,2,0,0,1,0,0,0,0,0
30842363,15349404,away,5,1,4,1,0,0,1,0,0,0,0,0,0
30842363,15349405,away,4,1,1,0,0,0,0,0,2,0,0,0,0
30842363,15349335,home,2,1,1,1,0,0,2,2,0,0,0,0,0
30842363,15349337,home,4,1,2,0,0,0,1,0,0,0,0,0,0
30842363,15349338,home,2,1,0,0,0,0,0,1,0,0,0,0,0
30842363,15349339,home,4,0,1,0,0,0,0,0,1,0,0,0,0
30842363,15349340,home,4,2,3,0,0,0,1,0,0,0,0,0,0
30842363,15349341,home,4,1,2,0,0,0,0,0,0,0,0,0,0
30842363,15349342,home,4,0,2,0,0,0,0,0,1,0,0,0,0
30842363,15349345,home,2,1,0,0,0,0,0,1,1,0,0,0,0
30842363,15349346,home,4,0,2,0,0,0,0,0,0,0,0,0,0
30842363,15349347,home,2,1,0,0,0,0,1,1,0,0,0,0,0
30842363,15349348,home,2,2,2,0,0,0,0,1,0,0,0,0,0
30842363,15349349,home,3,1,1,0,0,0,1,0,0,0,0,0,0
30842383,15442978,away,2,0,0,0,0,0,0,2,0,0,0,0,0
30842383,15442979,away,2,0,1,0,0,0,0,0,1,0,0,0,0
30842383,15442980,away,3,1,1,0,0,0,0,0,0,0,0,0,0
30842383,15442981,away,3,0,0,0,0,0,0,0,0,0,0,0,0
30842383,15442982,away,1,0,0,0,0,0,0,0,0,1,0,0,0
30842383,15442983,away,4,0,1,0,0,0,0,0,0,0,0,0,0
30842383,15442984,away,4,1,1,3,0,0,0,0,0,0,0,0,0
30842383,15442987,away,3,0,1,0,0,0,0,1,0,0,0,0,0
30842383,15442988,away,2,0,1,0,0,0,0,1,0,0,0,0,0
30842383,15442989,away,3,1,1,0,0,0,0,0,0,0,0,0,0
30842383,15442990,away,4,1,2,0,0,0,0,0,0,0,0,0,0
30842383,15442992,away,4,3,3,0,0,0,0,0,0,0,0,0,0
30842383,15442994,away,3,1,1,0,0,0,0,0,1,0,0,0,0
30842383,15443035,home,4,2,0,1,0,0,1,0,1,0,0,0,0
30842383,15443037,home,3,1,2,0,0,0,1,1,0,0,0,0,0
30842383,15443038,home,3,2,2,0,0,0,0,1,0,0,0,0,0
30842383,15443039,home,2,2,1,0,0,0,0,2,0,0,0,0,0
30842383,15443041,home,5,2,2,1,0,0,0,0,0,0,0,0,0
30842383,15443043,home,4,2,2,0,0,0,0,0,1,0,0,0,0
30842383,15443044,home,5,1,0,1,0,0,0,0,2,0,0,0,0
30842383,15443047,home,3,3,2,0,0,0,1,1,0,0,0,0,0
30842383,15443048,home,3,1,2,0,0,0,1,1,0,0,0,0,0
30842383,15443050,home,3,0,0,1,0,0,2,1,0,0,0,0,0
30842383,15443064,home,3,2,2,0,0,0,2,1,0,0,0,1,0
30842382,15442943,away,3,0,0,1,0,0,0,0,0,0,0,0,0
30842382,15442944,away,3,0,0,0,0,0,0,0,1,0,0,0,0
30842382,15442946,away,2,0,1,0,0,0,2,0,1,0,0,1,0
30842382,15442948,away,3,1,0,0,0,0,0,0,3,0,0,0,0
30842382,15442949,away,3,0,1,0,0,0,0,0,0,0,0,0,0
30842382,15442950,away,3,0,0,0,0,0,0,0,1,0,0,0,0
30842382,15442951,away,2,2,2,0,0,0,0,1,0,0,0,0,0
30842382,15442967,away,3,0,2,1,0,0,2,0,0,0,0,0,0
30842382,15442970,away,3,1,1,0,0,0,0,0,0,0,0,0,0
30842382,15442971,away,3,0,2,0,0,0,0,0,0,0,0,0,0
30842382,15442972,away,3,1,2,0,0,0,0,0,0,0,0,0,0
30842382,15442973,away,3,0,1,0,0,0,0,0,0,0,0,0,0
30842382,15442974,away,3,0,0,0,0,0,0,0,0,0,0,0,0
30842382,15442975,away,2,1,0,0,0,0,0,1,1,0,0,0,0
30842382,15443010,home,3,3,2,0,0,0,2,1,0,0,0,0,0
30842382,15443011,home,4,2,3,0,0,0,2,0,0,0,0,0,0
30842382,15443012,home,0,0,0,0,0,0,0,0,0,0,0,0,0
30842382,15443013,home,3,1,1,0,0,0,0,0,1,0,0,0,0
30842382,15443014,home,3,1,2,0,0,0,1,1,0,0,0,0,0
30842382,15443015,home,3,0,3,0,0,0,0,0,0,0,0,0,0
30842382,15443023,home,2,0,0,0,0,0,0,1,0,0,0,0,0
30842382,15443016,home,3,2,2,0,0,0,3,0,0,0,0,1,0
30842382,15443017,home,3,2,2,0,0,0,1,1,0,0,0,0,0
30842382,15443018,home,3,0,1,0,0,0,0,0,1,0,0,0,0
30842382,15443019,home,2,1,1,0,0,0,1,0,0,0,0,1,0
30842382,15443020,home,3,0,0,0,0,0,0,0,1,0,0,0,0
30842382,15443021,home,4,1,3,0,0,0,3,0,0,0,0,0,0
30842382,15443022,home,3,2,2,0,0,0,1,0,0,0,0,0,0
30842382,15443024,home,2,3,0,1,0,0,0,2,1,0,0,0,0
30842382,15443025,home,2,4,2,0,0,0,0,2,0,0,0,0,0
30842384,15443035,away,4,2,0,0,0,0,0,1,1,0,0,0,0
30842384,15443037,away,1,0,0,0,0,0,0,0,0,0,0,0,0
30842384,15443038,away,5,1,1,0,0,0,0,0,0,0,0,0,0
30842384,15443039,away,2,3,1,0,0,0,0,1,0,1,0,0,0
30842384,15443040,away,5,2,3,0,0,0,0,0,0,0,0,0,0
30842384,15443041,away,4,2,3,0,0,0,0,1,0,0,0,0,0
30842384,15443043,away,4,0,3,0,0,0,0,0,0,0,0,0,0
30842384,15443046,away,3,0,0,0,0,0,0,1,0,0,0,0,0
30842384,15443047,away,3,0,2,0,0,0,2,1,1,0,0,0,0
30842384,15443048,away,4,0,1,0,0,0,0,0,1,0,0,0,0
30842384,15443050,away,3,0,1,0,0,0,0,0,0,1,0,0,0
30842384,15443064,away,5,1,2,0,0,0,0,0,0,0,0,0,0
30842384,15443010,home,2,0,1,0,0,0,1,0,0,0,0,1,0
30842384,15443011,home,3,0,0,0,0,0,0,0,1,0,0,0,0
30842384,15443013,home,2,0,0,0,0,0,0,1,1,0,0,0,0
30842384,15443014,home,3,1,2,0,0,0,1,0,0,0,0,0,0
30842384,15443015,home,3,1,2,0,0,0,0,0,0,0,0,0,0
30842384,15443023,home,2,0,0,0,0,0,0,1,1,0,0,0,0
30842384,15443016,home,3,2,3,0,0,0,0,0,0,0,0,0,0
30842384,15443017,home,3,0,0,0,0,0,0,0,0,0,0,0,0
30842384,15443018,home,3,1,1,0,0,0,0,0,1,0,0,0,0
30842384,15443019,home,3,0,2,0,0,0,0,0,0,0,0,0,0
30842384,15443020,home,2,0,1,0,0,0,0,1,0,0,0,0,0
30842384,15443021,home,3,0,1,0,0,0,0,0,0,0,0,0,0
30842384,15443022,home,0,2,0,0,0,0,1,0,0,0,0,1,0
30842384,15443024,home,4,1,1,1,0,0,2,0,0,0,0,0,0
30842384,15443025,home,3,3,3,0,0,0,0,0,0,0,0,0,0
31508038,15566007,away,1,0,0,0,0,0,0,1,1,0,0,0,0
31508038,15566008,away,3,0,1,0,0,0,0,0,1,0,0,0,0
31508038,15566009,away,3,1,0,2,0,0,0,0,0,0,0,0,0
31508038,15566010,away,3,0,1,0,0,0,0,0,1,0,0,0,0
31508038,15566011,away,3,0,0,0,0,0,0,0,1,0,0,0,0
31508038,15566020,away,2,0,0,0,0,0,0,1,1,0,0,0,0
31508038,15566012,away,3,0,0,0,0,0,0,0,0,0,0,0,0
31508038,15566013,away,0,0,0,0,0,0,0,0,0,0,0,0,0
31508038,15566014,away,1,1,1,0,0,0,0,1,0,0,0,0,0
31508038,15566021,away,3,0,0,0,0,0,0,0,1,0,0,0,0
31508038,15566015,away,3,1,2,0,0,0,0,0,0,0,0,0,0
31508038,15566019,away,2,0,1,0,0,0,0,1,0,0,0,0,0
31508038,15566016,away,3,0,2,0,0,0,0,0,1,0,0,0,0
31508038,15566017,away,2,1,1,0,0,0,0,1,0,0,0,0,0
31508038,15566018,away,3,0,0,0,0,0,1,0,1,0,0,0,0
31508038,15565916,home,4,2,3,0,0,0,0,0,0,0,0,0,0
31508038,15565918,home,3,0,2,0,0,0,1,1,0,1,0,0,0
31508038,15565929,home,3,2,2,0,0,0,0,1,0,0,0,0,0
31508038,15565922,home,4,0,3,0,0,0,0,0,0,0,0,0,0
31508038,15565923,home,3,2,1,0,0,0,0,1,0,0,0,0,0
31508038,15565924,home,2,1,1,0,0,0,1,1,0,0,0,1,0
31508038,15565925,home,4,0,1,0,0,0,1,1,0,0,0,0,0
31508038,15565926,home,4,3,3,0,0,0,1,0,0,0,0,0,0
31508038,15565927,home,4,0,2,0,0,0,0,1,0,0,0,0,0
31508038,15565930,home,3,0,1,0,0,0,0,1,0,0,0,0,0
31508038,15565928,home,3,1,0,1,0,0,0,1,1,0,0,0,0
31508037,15566024,away,3,0,3,0,0,0,0,0,0,0,0,0,0
31508037,15566025,away,2,3,1,1,0,0,0,1,0,0,0,0,0
31508037,15566037,away,2,1,0,0,0,0,0,1,0,0,0,0,0
31508037,15566026,away,3,0,0,0,0,0,0,0,0,0,0,0,0
31508037,15572096,away,3,0,0,0,0,0,1,0,0,0,0,0,0
31508037,15566028,away,3,2,1,0,0,0,1,0,0,1,0,0,0
31508037,15566029,away,3,1,2,0,0,0,1,0,0,0,0,0,0
31508037,15566030,away,3,1,2,0,0,0,3,0,0,0,0,0,0
31508037,15566031,away,3,1,1,1,0,0,1,0,1,0,0,0,0
31508037,15566033,away,3,0,1,0,0,0,1,0,0,0,0,0,0
31508037,15566034,away,3,1,0,0,0,0,0,0,0,0,0,0,0
31508037,15566035,away,3,0,2,0,0,0,1,0,0,0,0,0,0
31508037,15566036,away,3,1,1,0,0,0,2,0,1,0,0,0,0
31508037,15565986,home,3,0,2,0,0,0,0,1,0,0,0,0,0
31508037,15565987,home,2,2,2,0,0,0,0,0,0,2,0,0,0
31508037,15565988,home,2,0,0,0,0,0,1,1,0,0,0,0,0
31508037,15565989,home,1,0,1,0,0,0,0,0,0,0,0,0,0
31508037,15566001,home,2,1,2,0,0,0,0,0,0,1,0,0,0
31508037,15565998,home,2,0,1,0,0,0,0,1,0,0,0,0,0
31508037,15565990,home,3,0,2,0,0,0,2,0,0,0,0,0,0
31508037,15565991,home,4,2,2,0,0,0,0,0,0,0,0,0,0
31508037,15565992,home,3,0,1,0,0,0,0,0,0,0,0,0,0
31508037,15565993,home,4,1,1,1,0,0,0,0,0,0,0,0,0
31508037,15565994,home,2,0,0,0,0,0,0,1,1,0,0,0,0
31508037,15565995,home,4,3,3,0,0,0,0,0,0,0,0,0,0
31508037,15566000,home,3,0,0,0,0,0,0,0,1,0,0,0,0
31508037,15565996,home,4,2,1,0,0,0,0,0,0,0,0,0,0
31508037,15565997,home,3,1,3,0,0,0,2,0,0,0,0,0,0
31508049,15565916,away,3,0,1,0,0,0,0,1,1,0,0,0,0
31508049,15565917,away,4,1,1,0,0,0,0,0,2,0,0,0,0
31508049,15565918,away,4,1,2,0,0,0,0,0,0,0,0,0,0
31508049,15565929,away,3,1,1,0,0,0,0,1,1,0,0,0,0
31508049,15565919,away,4,0,0,1,0,0,1,0,1,0,0,0,0
31508049,15565922,away,4,0,2,0,0,0,0,0,2,0,0,0,0
31508049,15565923,away,3,0,1,0,0,0,0,1,0,0,0,0,0
31508049,15565925,away,4,1,1,0,0,0,0,0,0,0,0,0,0
31508049,15565926,away,4,0,1,0,0,0,0,0,0,0,0,0,0
31508049,15565927,away,0,0,0,0,0,0,0,0,0,0,0,0,0
31508049,15565930,away,3,0,1,0,0,0,0,1,0,0,0,0,0
31508049,15565928,away,3,0,0,0,0,0,0,1,1,0,0,0,0
31508049,15565931,home,3,0,2,0,0,0,0,0,0,0,0,0,0
31508049,15565932,home,3,0,1,0,0,0,0,0,0,0,0,0,0
31508049,15565944,home,3,1,2,0,0,0,0,0,0,0,0,0,0
31508049,15565933,home,2,1,1,0,0,0,0,0,0,0,0,0,0
31508049,15565934,home,2,1,1,0,0,0,0,1,0,0,0,0,0
31508049,15565935,home,3,0,2,0,0,0,1,0,1,0,0,0,0
31508049,15565936,home,3,0,0,0,0,0,0,0,1,0,0,0,0
31508049,15569648,home,2,1,1,0,0,0,0,0,1,0,0,0,0
31508049,15565939,home,3,1,2,0,0,0,3,0,0,0,0,0,0
31508049,15565937,home,3,1,1,0,0,0,0,0,0,0,0,0,0
31508049,15565940,home,3,0,1,0,0,0,1,0,0,0,0,0,0
31508049,15565945,home,3,0,1,0,0,0,2,0,0,0,0,0,0
31508049,15565941,home,3,0,1,0,0,0,1,0,0,0,0,0,0
31508049,15565943,home,3,3,3,0,0,0,0,0,0,0,0,0,0
31508048,15565986,away,3,1,2,0,0,0,1,0,0,0,0,0,0
31508048,15565987,away,3,0,1,0,0,0,1,0,0,0,0,0,0
31508048,15565988,away,3,0,1,0,0,0,0,0,1,0,0,0,0
31508048,15566001,away,3,0,0,0,0,0,0,0,0,0,0,0,0
31508048,15565998,away,2,0,0,0,0,0,0,1,0,0,0,0,0
31508048,15565990,away,3,0,2,0,0,0,0,0,0,0,0,0,0
31508048,15565991,away,3,1,1,0,0,0,0,0,0,0,0,0,0
31508048,15565992,away,3,0,3,0,0,0,0,0,0,0,0,0,0
31508048,15565994,away,3,0,1,0,0,0,0,0,0,0,0,0,0
31508048,15565995,away,3,2,2,0,0,0,0,0,1,0,0,0,0
31508048,15566000,away,2,0,0,0,0,0,0,0,0,0,0,0,0
31508048,15565996,away,3,0,2,0,0,0,0,0,0,0,0,0,0
31508048,15565997,away,3,0,0,0,0,0,1,0,0,0,0,0,0
31508048,15565999,away,0,0,0,0,0,0,0,0,0,0,0,0,0
31508048,15566007,home,3,0,1,0,0,0,0,0,2,1,0,0,0
31508048,15566009,home,3,3,1,2,0,0,2,1,0,0,0,0,0
31508048,15566010,home,4,0,2,0,0,0,1,0,1,0,0,0,0
31508048,15566011,home,3,0,0,0,0,0,0,1,2,0,0,0,0
31508048,15566020,home,3,0,0,0,0,0,0,0,0,0,0,0,0
31508048,15566012,home,3,2,2,0,0,0,0,1,0,0,0,0,0
31508048,15566013,home,3,1,2,0,0,0,0,0,0,1,0,0,0
31508048,15566014,home,3,1,3,0,0,0,1,1,0,0,0,0,0
31508048,15566021,home,2,1,1,0,0,0,2,0,1,0,0,0,0
31508048,15566015,home,4,1,3,0,0,0,0,0,0,0,0,0,0
31508048,15566019,home,3,2,2,0,0,0,0,1,0,0,0,0,0
31508048,15566017,home,3,0,1,0,0,0,2,0,0,0,0,0,0
31508048,15566018,home,4,0,0,0,0,0,0,0,0,0,0,0,0
31508054,15565932,away,3,0,0,0,0,0,0,0,0,0,0,0,0
31508054,15565944,away,3,0,0,0,0,0,0,0,0,0,0,0,0
31508054,15565933,away,1,0,0,0,0,0,0,1,0,0,0,0,0
31508054,15565934,away,3,2,3,0,0,0,0,0,0,0,0,0,0
31508054,15565935,away,2,0,0,0,0,0,0,1,0,0,0,0,0
31508054,15565936,away,2,0,0,0,0,0,0,0,0,0,0,0,0
31508054,15569648,away,3,0,1,0,0,0,0,0,0,0,0,0,0
31508054,15565939,away,3,0,2,0,0,0,2,0,0,0,0,0,0
31508054,15565937,away,3,0,1,0,0,0,0,0,0,0,0,0,0
31508054,15565938,away,3,0,1,0,0,0,0,0,0,0,0,0,0
31508054,15565940,away,2,0,0,0,0,0,0,1,1,0,0,0,0
31508054,15565941,away,1,0,1,0,0,0,0,1,0,0,0,0,0
31508054,15565986,home,4,1,1,1,0,0,0,0,0,0,0,0,0
31508054,15565987,home,4,1,2,0,0,0,1,0,1,0,0,0,0
31508054,15565988,home,3,1,1,0,0,0,1,1,1,0,0,0,0
31508054,15565989,home,3,1,1,0,0,0,0,0,0,0,0,0,0
31508054,15566001,home,3,1,2,0,0,0,4,1,0,0,0,0,0
31508054,15565998,home,3,0,0,0,0,0,0,0,1,0,0,0,0
31508054,15565990,home,2,2,1,0,0,0,0,1,0,1,0,0,0
31508054,15565991,home,4,1,3,0,0,0,1,0,0,0,0,0,0
31508054,15565992,home,3,2,2,0,0,0,1,1,0,0,0,0,0
31508054,15565993,home,4,2,1,1,0,0,1,0,0,0,0,0,0
31508054,15565995,home,3,2,3,0,0,0,1,0,0,0,0,0,0
31508054,15565996,home,4,3,3,0,0,0,1,0,0,0,0,0,0
31508055,15566007,away,1,0,1,0,0,0,0,0,0,0,0,0,0
31508055,15566009,away,3,1,2,1,0,0,0,1,0,0,0,0,0
31508055,15566010,away,3,0,0,0,0,0,0,1,2,0,0,0,0
31508055,15566011,away,2,1,1,1,0,0,0,2,0,0,0,0,0
31508055,15566020,away,3,0,0,0,0,0,0,1,1,0,0,0,0
31508055,15566012,away,2,4,2,0,0,0,0,2,0,0,0,0,0
31508055,15566014,away,2,1,2,0,0,0,1,1,0,0,0,1,0
31508055,15566021,away,4,3,3,0,0,0,0,0,1,0,0,0,0
31508055,15566015,away,4,0,0,0,0,0,0,0,1,0,0,0,0
31508055,15566019,away,3,2,1,0,0,0,0,0,0,1,0,0,0
31508055,15566016,away,4,1,2,0,0,0,0,0,0,0,0,0,0
31508055,15566017,away,4,0,1,0,0,0,0,0,0,0,0,0,0
31508055,15566018,away,4,0,2,0,0,0,1,1,0,0,0,0,0
31508055,15566024,home,3,0,0,0,0,0,0,0,1,0,0,0,0
31508055,15566025,home,3,3,2,0,0,0,0,1,0,0,0,0,0
31508055,15566037,home,0,0,0,0,0,0,0,0,0,0,0,0,0
31508055,15566026,home,3,1,1,0,0,0,0,0,1,0,0,0,0
31508055,15572096,home,3,0,0,0,0,0,0,0,2,0,0,0,0
31508055,15566028,home,2,0,2,0,0,0,0,0,0,0,0,0,0
31508055,15566029,home,2,1,1,0,0,0,0,0,0,1,0,0,0
31508055,15566030,home,4,1,3,0,0,0,0,0,0,0,0,0,0
31508055,15566032,home,2,1,1,0,0,0,0,0,0,0,0,0,0
31508055,15566033,home,3,0,1,0,0,0,0,0,1,0,0,0,0
31508055,15566034,home,2,1,1,0,0,0,0,1,0,0,0,0,0
31508055,15566035,home,3,1,2,0,0,0,0,0,0,0,0,0,0
31508055,15566036,home,3,2,1,0,0,0,0,1,0,0,0,0,0
31508061,15566025,away,4,3,4,0,0,0,0,0,0,0,0,0,0
31508061,15566037,away,3,1,2,0,0,0,0,0,1,0,0,0,0
31508061,15566026,away,3,0,2,0,0,0,0,0,0,0,0,0,0
31508061,15566027,away,3,0,0,0,0,0,0,0,1,0,0,0,0
31508061,15572096,away,3,0,0,0,0,0,0,0,0,0,0,0,0
31508061,15566028,away,4,1,2,0,0,0,1,0,0,0,0,0,0
31508061,15566029,away,4,2,1,2,0,0,3,0,0,0,0,0,0
31508061,15566030,away,2,2,1,0,0,0,0,2,0,0,0,0,0
31508061,15566031,away,3,2,1,1,0,0,4,1,0,0,0,0,0
31508061,15566033,away,2,1,1,1,0,0,0,0,0,1,0,0,0
31508061,15566034,away,3,0,1,0,0,0,0,0,0,0,0,0,0
31508061,15566036,away,3,1,0,0,1,0,1,1,0,0,0,0,0
31508061,15565916,home,3,2,3,0,0,0,0,1,0,0,0,0,0
31508061,15565917,home,3,2,2,0,0,0,0,0,0,0,0,0,0
31508061,15565918,home,3,2,2,1,0,0,1,1,0,0,0,0,0
31508061,15565929,home,2,2,0,0,0,0,0,2,1,0,0,0,0
31508061,15565919,home,3,1,1,0,0,0,0,1,1,0,0,0,0
31508061,15565921,home,2,1,1,0,0,0,0,1,0,0,0,0,0
31508061,15565922,home,3,1,1,0,0,0,0,1,1,0,0,0,0
31508061,15565923,home,2,1,1,0,0,0,0,0,0,1,0,0,0
31508061,15565926,home,2,2,2,0,0,0,0,0,0,0,0,0,0
31508061,15565927,home,2,0,1,0,0,0,0,1,0,0,0,0,0
31508061,15565930,home,3,2,3,0,0,0,1,0,0,1,0,0,0
31508061,15565928,home,2,1,0,0,0,0,0,1,0,0,0,0,0
31508060,15566007,away,1,2,1,0,0,0,0,1,0,1,0,0,0
31508060,15566008,away,3,0,1,1,0,0,2,0,0,0,0,0,0
31508060,15566009,away,3,3,1,0,2,0,3,1,0,0,0,0,0
31508060,15566010,away,2,1,1,0,0,0,1,1,0,0,0,0,0
31508060,15566011,away,2,0,0,0,0,0,0,1,0,0,0,0,0
31508060,15566020,away,2,0,0,0,0,0,1,1,1,0,0,0,0
31508060,15566014,away,3,1,1,1,0,0,2,1,0,0,0,0,0
31508060,15566021,away,3,1,1,0,0,0,0,1,0,0,0,0,0
31508060,15566015,away,3,0,2,0,0,0,0,0,0,0,0,0,0
31508060,15566019,away,4,2,1,0,1,0,1,0,0,0,0,0,0
31508060,15566016,away,7,1,2,0,0,0,2,0,0,0,0,0,0
31508060,15566017,away,4,1,1,0,0,0,0,0,1,0,0,0,0
31508060,15566018,away,3,0,1,0,0,0,0,0,0,0,0,0,0
31508060,15565931,home,3,0,1,0,0,0,0,0,1,0,0,0,0
31508060,15565932,home,3,0,1,0,0,0,0,0,1,0,0,0,0
31508060,15565944,home,3,0,2,0,0,0,1,0,0,0,0,0,0
31508060,15565933,home,2,1,0,0,0,0,0,1,1,0,0,0,0
31508060,15565935,home,2,0,0,0,0,0,0,1,0,0,0,0,0
31508060,15565936,home,3,0,0,0,0,0,0,0,2,0,0,0,0
31508060,15569648,home,2,1,1,0,0,0,0,1,0,0,0,0,0
31508060,15565939,home,2,0,1,0,0,0,2,1,0,0,0,0,0
31508060,15565937,home,3,0,2,0,0,0,1,0,1,0,0,0,0
31508060,15565938,home,3,0,0,0,0,0,0,0,0,0,0,0,0
31508060,15565941,home,3,0,2,0,0,0,0,0,0,0,0,0,0
31508060,15565942,home,3,1,0,0,1,0,1,0,1,0,0,0,0
31508060,15565943,home,3,1,1,1,0,0,0,0,0,0,0,0,0
31508070,15565932,away,4,0,2,0,0,0,0,0,0,0,0,0,0
31508070,15565944,away,4,1,2,0,0,0,2,1,0,0,0,0,0
31508070,15565933,away,3,1,0,0,0,0,0,1,0,0,0,0,0
31508070,15565935,away,4,1,2,0,0,0,0,0,0,0,0,0,0
31508070,15565936,away,3,1,1,0,0,0,0,1,0,0,0,0,0
31508070,15565937,away,4,2,2,0,0,0,0,0,1,1,0,0,0
31508070,15565940,away,4,1,1,0,0,0,0,0,1,0,0,0,0
31508070,15565941,away,4,0,1,0,0,0,2,0,1,0,0,0,0
31508070,15565943,away,3,2,2,0,0,0,1,2,0,0,0,0,0
31508070,15566024,home,4,1,2,0,0,0,1,0,0,0,0,0,0
31508070,15566037,home,3,0,1,0,0,0,0,0,1,0,0,0,0
31508070,15566026,home,2,1,1,0,0,0,0,0,1,0,0,0,0
31508070,15566027,home,3,0,1,0,0,0,0,0,0,0,0,0,0
31508070,15572096,home,2,1,1,0,0,0,0,1,0,0,0,0,0
31508070,15566029,home,4,1,3,0,0,0,0,0,0,0,0,0,0
31508070,15566030,home,4,1,1,1,0,0,0,0,1,0,0,0,0
31508070,15566031,home,2,3,1,0,1,0,0,2,0,0,0,0,0
31508070,15566033,home,4,1,2,0,0,0,1,0,0,0,0,0,0
31508070,15566034,home,4,1,1,0,0,0,0,0,1,0,0,0,0
31508070,15566036,home,3,2,2,0,0,0,1,0,0,0,0,0,0
31508071,15565916,away,3,0,1,0,0,0,0,0,0,0,0,0,0
31508071,15565917,away,3,0,2,0,0,0,0,0,0,0,0,0,0
31508071,15565918,away,2,1,0,0,0,0,0,1,0,0,0,0,0
31508071,15565929,away,1,0,0,0,0,0,0,2,1,0,0,0,0
31508071,15565919,away,3,0,0,1,0,0,0,0,0,0,0,0,0
31508071,15565921,away,3,0,0,0,0,0,0,0,0,0,0,0,0
31508071,15565922,away,3,0,0,0,0,0,0,0,1,0,0,0,0
31508071,15565925,away,3,0,0,0,0,0,0,0,0,0,0,0,0
31508071,15565926,away,3,0,1,0,0,0,0,0,0,0,0,0,0
31508071,15565927,away,2,0,0,0,0,0,0,1,0,0,0,0,0
31508071,15565930,away,2,0,1,0,0,0,0,1,0,0,0,0,0
31508071,15565928,away,3,0,0,0,0,0,0,0,1,0,0,0,0
31508071,15565986,home,4,2,3,0,0,0,0,0,0,0,0,0,0
31508071,15565987,home,4,1,2,0,0,0,1,0,0,0,0,0,0
31508071,15565989,home,3,0,0,0,0,0,1,0,2,0,0,0,0
31508071,15566001,home,4,1,2,0,0,0,1,0,1,0,0,0,0
31508071,15565990,home,2,2,1,0,0,0,0,2,0,0,0,0,0
31508071,15565991,home,4,0,1,0,0,0,1,0,0,0,0,0,0
31508071,15565992,home,4,1,2,0,0,0,2,0,0,0,0,0,0
31508071,15565994,home,3,1,1,1,0,0,1,0,0,0,0,0,0
31508071,15565995,home,4,2,2,1,0,0,0,0,0,0,0,0,0
31508071,15566000,home,2,0,1,0,0,0,0,0,1,0,0,0,0
31508071,15565996,home,4,0,1,0,0,0,1,0,0,0,0,0,0
31508071,15565997,home,3,0,2,0,0,0,2,0,0,0,0,0,0
31508076,15565916,away,4,0,1,0,0,0,0,0,0,0,0,0,0
31508076,15565917,away,4,1,4,0,0,0,0,0,0,0,0,0,0
31508076,15565918,away,4,0,1,1,0,0,0,0,0,0,0,0,0
31508076,15565929,away,3,1,1,0,0,0,0,0,1,0,0,0,0
31508076,15565919,away,4,1,2,0,0,0,0,0,0,0,0,0,0
31508076,15565921,away,4,0,0,0,0,0,0,0,0,0,0,0,0
31508076,15565922,away,4,0,0,0,0,0,0,0,2,0,0,0,0
31508076,15565925,away,2,1,1,0,0,0,0,0,0,0,0,0,0
31508076,15565927,away,3,0,1,0,0,0,0,0,0,0,0,0,0
31508076,15565930,away,2,1,1,0,0,0,0,2,0,0,0,0,0
31508076,15565928,away,3,0,0,0,0,0,0,0,1,0,0,0,0
31508076,15566007,home,2,0,0,0,0,0,0,1,0,0,0,0,0
31508076,15566008,home,0,0,0,0,0,0,0,0,0,0,0,0,0
31508076,15566009,home,3,1,2,1,0,0,2,1,0,0,0,0,0
31508076,15566010,home,4,0,1,0,0,0,0,0,0,0,0,0,0
31508076,15566011,home,3,0,0,0,0,0,0,0,0,0,0,0,0
31508076,15566020,home,3,0,0,0,0,0,0,0,1,0,0,0,0
31508076,15566012,home,4,0,0,0,0,0,0,0,1,0,0,0,0
31508076,15566014,home,4,2,3,0,0,0,0,0,0,0,0,0,0
31508076,15566021,home,3,1,2,0,0,0,1,1,0,0,0,0,0
31508076,15566015,home,3,1,2,0,0,0,0,1,0,0,0,0,0
31508076,15566019,home,4,2,3,0,0,0,0,0,0,0,0,0,0
31508076,15566018,home,2,1,0,0,0,0,0,2,0,0,0,0,0
31508078,15565986,away,4,3,2,1,0,0,2,0,0,0,0,0,0
31508078,15565987,away,3,1,1,0,0,0,1,1,0,0,0,0,0
31508078,15565989,away,1,0,1,0,0,0,1,1,0,0,0,0,0
31508078,15566001,away,1,2,0,0,0,0,1,3,0,0,0,0,0
31508078,15565998,away,2,0,1,0,0,0,3,2,1,0,0,0,0
31508078,15565990,away,1,3,1,0,0,0,0,3,0,0,0,0,0
31508078,15565991,away,3,0,2,0,0,0,1,1,0,0,0,0,0
31508078,15565992,away,3,2,1,0,0,0,0,0,2,0,0,0,0
31508078,15565993,away,4,0,1,0,0,0,0,0,0,0,0,0,0
31508078,15565994,away,4,2,3,0,0,0,1,0,0,0,0,0,0
31508078,15565995,away,3,2,2,0,0,0,2,2,0,0,0,0,0
31508078,15565996,away,4,1,3,0,0,0,1,0,0,0,0,0,0
31508078,15565997,away,4,3,3,0,0,0,3,1,0,0,0,0,0
31508078,15566024,home,1,2,0,0,0,0,0,1,1,0,0,0,0
31508078,15566025,home,4,1,2,0,0,0,2,0,0,0,0,0,0
31508078,15566037,home,2,1,0,0,0,0,0,1,1,0,0,0,0
31508078,15566027,home,3,0,1,0,0,0,0,0,0,0,0,0,0
31508078,15572096,home,3,1,2,0,0,0,0,0,0,0,0,0,0
31508078,15566028,home,3,0,1,0,0,0,0,0,1,0,0,0,0
31508078,15566029,home,4,1,1,0,0,0,0,0,1,0,0,0,0
31508078,15566030,home,2,1,1,0,0,0,2,0,0,0,0,2,0
31508078,15566033,home,3,0,1,0,0,0,0,0,1,0,0,0,0
31508078,15566034,home,3,0,0,0,0,0,0,0,0,0,0,0,0
31508078,15566036,home,4,1,3,1,0,0,1,0,0,0,0,0,0
31508097,15565931,away,4,1,2,0,0,0,0,0,0,0,0,0,0
31508097,15565944,away,0,0,0,0,0,0,0,0,0,0,0,0,0
31508097,15565933,away,0,0,0,0,0,0,0,0,0,0,0,0,0
31508097,15565934,away,4,2,1,0,1,0,1,0,2,0,0,0,0
31508097,15565935,away,3,1,1,0,0,0,1,1,0,0,0,0,0
31508097,15565936,away,4,0,1,0,0,0,0,0,0,0,0,0,0
31508097,15565939,away,3,1,0,0,0,0,1,1,0,0,0,1,0
31508097,15565937,away,4,1,2,0,0,0,0,0,1,0,0,0,0
31508097,15565938,away,4,0,1,0,0,0,1,0,0,0,0,0,0
31508097,15565941,away,4,0,1,0,0,0,1,0,0,0,0,0,0
31508097,15565942,away,4,2,3,0,0,0,2,0,0,0,0,0,0
31508097,15565943,away,4,2,3,0,1,0,1,0,0,0,0,1,0
31508097,15565916,home,4,1,1,0,0,0,0,1,0,0,0,0,0
31508097,15565918,home,5,1,2,1,0,0,1,0,0,0,0,0,0
31508097,15565929,home,3,2,2,0,0,0,0,2,1,0,0,0,0
31508097,15565922,home,4,0,2,0,0,0,0,1,0,0,0,0,0
31508097,15565925,home,4,1,1,0,0,0,0,1,0,0,0,0,0
31508097,15565926,home,3,0,1,0,0,0,0,2,1,0,0,0,0
31508097,15565927,home,4,1,1,0,0,0,0,1,0,0,0,0,0
31508097,15565930,home,4,1,3,0,0,0,1,1,0,0,0,0,0
31508097,15565928,home,3,1,0,0,0,0,0,1,1,0,0,0,0
31508098,15566009,away,5,1,1,2,0,0,3,0,2,0,0,0,0
31508098,15566010,away,5,0,1,0,0,0,0,0,2,0,0,0,0
31508098,15566011,away,4,1,2,0,0,0,0,0,1,0,0,0,0
31508098,15566020,away,4,2,1,0,0,0,0,0,1,0,0,0,0
31508098,15566012,away,5,1,2,0,0,0,0,0,1,0,0,0,0
31508098,15566014,away,5,0,4,0,0,0,3,0,0,0,0,0,0
31508098,15566021,away,3,1,2,0,0,0,0,2,0,0,0,0,0
31508098,15566015,away,5,2,3,0,0,0,1,0,0,0,0,0,0
31508098,15566019,away,5,2,4,0,0,0,2,0,0,0,0,0,0
31508098,15566016,away,3,1,2,0,0,0,0,0,0,0,0,0,0
31508098,15566018,away,2,2,0,0,0,0,0,1,2,1,0,0,0
31508098,15565986,home,4,3,2,0,1,0,1,0,0,0,0,0,0
31508098,15565987,home,4,2,2,0,0,0,1,0,0,0,0,0,0
31508098,15565989,home,2,0,0,0,0,0,0,1,0,0,0,0,0
31508098,15566001,home,3,0,0,0,0,0,0,1,0,0,0,0,0
31508098,15565998,home,3,0,0,0,0,0,0,0,0,0,0,0,0
31508098,15565990,home,4,1,1,0,0,0,1,0,0,0,0,0,0
31508098,15565991,home,4,0,3,0,0,0,3,0,0,0,0,0,0
31508098,15565992,home,3,0,2,0,0,0,0,1,0,0,0,0,0
31508098,15565993,home,2,2,2,0,0,0,1,2,0,0,0,0,0
31508098,15565995,home,3,1,0,0,1,0,0,1,0,0,0,0,0
31508098,15565996,home,4,0,1,1,0,0,1,0,0,0,0,0,0
31508098,15565997,home,3,0,0,0,0,0,0,0,1,0,0,0,0
31508107,15565931,away,4,0,0,0,0,0,1,0,0,0,0,0,0
31508107,15565932,away,4,0,1,0,0,0,0,0,0,0,0,0,0
31508107,15565933,away,1,0,0,0,0,0,0,0,0,0,0,0,0
31508107,15565935,away,4,0,2,0,0,0,1,0,0,0,0,0,0
31508107,15565936,away,4,1,2,0,0,0,2,0,0,0,0,0,0
31508107,15565939,away,3,0,2,0,0,0,1,1,0,0,0,0,0
31508107,15565937,away,3,0,0,0,0,0,0,1,2,0,0,0,0
31508107,15565938,away,2,1,0,0,0,0,0,1,0,0,0,0,0
31508107,15565941,away,0,0,0,0,0,0,0,0,0,0,0,0,0
31508107,15590571,away,4,1,2,0,0,0,0,0,0,0,0,0,0
31508107,15565942,away,4,2,3,0,0,0,0,0,1,0,0,0,0
31508107,15565943,away,4,1,0,1,0,0,1,0,0,0,0,0,0
31508107,15566007,home,3,1,1,1,0,0,2,0,0,0,0,0,0
31508107,15566008,home,2,0,1,0,0,0,0,1,0,0,0,0,0
31508107,15566009,home,3,1,3,0,0,0,1,0,0,0,0,0,0
31508107,15566010,home,3,2,2,0,0,0,1,0,0,0,0,0,0
31508107,15566011,home,2,0,1,0,0,0,1,1,0,0,0,0,0
31508107,15566020,home,0,0,0,0,0,0,0,0,0,0,0,0,0
31508107,15566012,home,3,1,1,0,0,0,1,0,0,0,0,0,0
31508107,15566013,home,0,0,0,0,0,0,0,0,0,0,0,0,0
31508107,15566014,home,3,1,1,0,0,0,1,0,0,0,0,0,0
31508107,15566021,home,2,2,1,0,0,0,1,1,0,0,0,0,0
31508107,15566015,home,3,1,2,0,0,0,1,0,1,0,0,0,0
31508107,15566019,home,3,2,2,0,0,0,0,0,0,0,0,0,0
31508107,15566016,home,3,1,2,1,0,0,2,0,0,0,0,0,0
31508107,15566017,home,2,0,1,0,0,0,0,0,0,0,0,0,0
31508107,15566018,home,3,0,0,0,0,0,0,0,0,0,0,0,0
31508106,15565916,away,4,0,2,0,0,0,0,0,0,0,0,0,0
31508106,15565917,away,3,1,3,0,0,0,0,1,0,0,0,0,0
31508106,15565918,away,3,2,2,0,0,0,0,1,0,0,0,0,0
31508106,15565929,away,3,2,2,0,0,0,0,1,0,0,0,0,0
31508106,15565919,away,3,2,1,0,0,0,0,1,0,0,0,0,0
31508106,15565921,away,2,0,0,0,0,0,0,1,0,0,0,0,0
31508106,15565922,away,2,2,1,1,0,0,0,1,0,0,0,0,0
31508106,15565925,away,4,0,0,0,0,0,0,0,1,0,0,0,0
31508106,15565926,away,3,0,0,0,0,0,0,1,0,0,0,0,0
31508106,15565927,away,2,1,1,0,0,0,0,1,0,0,0,0,0
31508106,15565930,away,3,1,2,0,0,0,0,1,0,0,0,0,0
31508106,15566024,home,2,0,0,0,0,0,1,0,1,0,0,0,0
31508106,15566025,home,4,0,2,0,0,0,2,0,1,0,0,0,0
31508106,15566037,home,2,0,2,0,0,0,0,1,0,0,0,0,0
31508106,15566026,home,3,0,1,0,0,0,2,0,0,0,0,0,0
31508106,15572096,home,3,1,2,0,0,0,0,0,1,0,0,0,0
31508106,15566028,home,3,0,0,0,0,0,0,0,2,0,0,0,0
31508106,15566029,home,3,2,2,0,0,0,0,0,0,0,0,0,0
31508106,15566030,home,3,0,1,1,0,0,1,0,1,0,0,0,0
31508106,15566031,home,3,0,0,0,0,0,0,0,1,0,0,0,0
31508106,15566033,home,2,1,2,0,0,0,0,1,0,0,0,0,0
31508106,15566034,home,3,1,1,0,0,0,0,0,0,0,0,0,0
31508106,15566035,home,1,0,0,0,0,0,0,2,0,0,0,0,0
31508106,15566036,home,2,1,0,0,0,0,0,1,0,0,0,0,0
31508127,15566024,away,3,1,1,0,0,0,0,0,1,0,0,0,0
31508127,15566025,away,4,2,3,1,0,0,2,0,0,0,0,0,0
31508127,15566037,away,2,2,2,0,0,0,1,1,0,0,0,0,0
31508127,15566026,away,3,1,2,0,0,0,0,0,0,0,0,0,0
31508127,15566027,away,3,1,1,0,0,0,1,0,0,0,0,0,0
31508127,15572096,away,3,0,0,0,0,0,0,0,0,0,0,0,0
31508127,15566029,away,3,2,3,0,0,0,0,0,0,0,0,0,0
31508127,15566030,away,3,2,1,0,0,0,0,1,0,0,0,0,0
31508127,15566031,away,3,1,2,0,0,0,0,0,0,0,0,0,0
31508127,15566032,away,1,0,1,0,0,0,0,0,0,0,0,0,0
31508127,15566033,away,3,0,2,0,0,0,0,0,0,0,0,0,0
31508127,15566034,away,3,1,2,0,0,0,0,0,0,0,0,0,0
31508127,15566035,away,2,1,1,1,0,0,2,1,0,0,0,0,0
31508127,15566036,away,4,0,1,0,0,0,1,0,0,0,0,0,0
31508127,15565931,home,5,2,3,0,0,0,1,0,0,0,0,0,0
31508127,15565932,home,5,0,2,0,0,0,2,0,0,0,0,0,0
31508127,15565944,home,3,1,2,0,0,0,0,2,0,0,0,0,0
31508127,15565935,home,4,2,2,0,0,0,0,1,1,0,0,0,0
31508127,15565936,home,5,2,2,0,0,0,1,0,0,0,0,0,0
31508127,15569648,home,4,1,1,0,0,0,0,1,1,0,0,0,0
31508127,15565941,home,4,0,4,0,0,0,0,0,0,0,0,0,0
31508127,15590571,home,5,2,3,0,0,0,0,0,1,0,0,0,0
31508127,15565943,home,2,3,1,0,0,0,0,3,0,0,0,0,0
31508126,15565986,away,2,4,1,0,1,0,1,1,0,1,0,0,0
31508126,15565987,away,4,1,0,2,0,0,2,0,1,0,0,0,0
31508126,15565988,away,2,1,1,0,0,0,1,1,0,0,0,0,0
31508126,15565989,away,3,1,1,0,0,0,1,0,1,0,0,0,0
31508126,15566001,away,2,1,1,0,0,0,0,1,0,0,0,0,0
31508126,15565998,away,3,0,0,0,0,0,0,0,3,0,0,0,0
31508126,15565990,away,3,1,1,0,0,0,1,1,0,0,0,0,0
31508126,15565993,away,3,1,1,0,0,0,0,1,0,0,0,0,0
31508126,15565994,away,3,1,1,1,0,0,2,0,1,0,0,0,0
31508126,15565995,away,4,3,3,0,1,0,2,0,0,0,0,0,0
31508126,15566000,away,3,1,0,0,0,0,0,0,0,0,0,0,0
31508126,15565996,away,3,2,2,0,0,0,1,0,0,1,0,0,0
31508126,15565997,away,4,0,1,0,0,0,2,0,1,0,0,0,0
31508126,15565916,home,4,2,2,0,0,0,1,0,1,0,0,0,0
31508126,15565917,home,4,0,2,0,0,0,3,1,0,0,0,0,0
31508126,15565918,home,5,1,4,0,0,0,3,0,0,0,0,0,0
31508126,15565929,home,5,0,2,0,0,0,1,0,2,0,0,0,0
31508126,15565919,home,5,3,4,0,0,0,0,0,0,0,0,0,0
31508126,15565921,home,3,2,1,0,0,0,1,1,0,0,0,0,0
31508126,15565922,home,3,0,1,0,0,0,0,0,0,0,0,0,0
31508126,15565925,home,4,2,2,1,0,0,0,0,0,0,0,0,0
31508126,15565926,home,3,1,1,0,0,0,0,0,1,1,0,0,0
31508126,15565927,home,3,2,3,0,0,0,0,1,0,0,0,0,0
31508126,15565930,home,2,3,2,0,0,0,1,1,0,1,0,0,0
31508128,15566016,away,4,2,2,1,0,0,2,0,0,0,0,0,0
31508131,15566007,away,4,1,4,0,0,0,1,0,0,0,0,0,0
31508131,15566008,away,4,1,2,0,0,0,1,0,0,0,0,0,0
31508131,15566010,away,4,0,1,1,0,0,2,0,1,0,0,0,0
31508131,15566011,away,3,1,2,0,0,0,0,1,0,0,0,0,0
31508131,15566020,away,3,3,1,0,0,0,1,1,0,0,0,0,0
31508131,15566012,away,5,1,2,1,0,0,3,0,0,0,0,0,0
31508131,15566013,away,4,1,2,0,0,0,0,0,2,0,0,0,0
31508131,15566015,away,4,4,3,0,0,0,1,1,0,0,0,0,0
31508131,15566019,away,4,2,2,0,0,0,1,0,0,0,0,0,0
31508131,15566016,away,3,1,1,0,0,0,1,1,0,0,0,0,0
31508131,15566017,away,3,1,1,0,0,0,0,0,0,1,0,0,0
31508131,15566018,away,4,1,1,0,0,0,3,1,0,0,0,0,0
31508131,15565916,home,4,0,2,0,0,0,0,0,0,0,0,0,0
31508131,15565917,home,4,1,1,0,0,0,0,0,0,0,0,0,0
31508131,15565918,home,4,2,2,1,0,0,0,0,0,0,0,0,0
31508131,15565929,home,4,1,0,2,0,0,0,0,0,0,0,0,0
31508131,15565919,home,4,1,2,0,0,0,0,0,0,0,0,0,0
31508131,15565921,home,4,0,1,0,0,0,0,0,0,0,0,0,0
31508131,15565922,home,2,0,0,0,0,0,0,0,0,0,0,0,0
31508131,15565926,home,4,0,2,0,0,0,0,0,2,0,0,0,0
31508131,15565927,home,3,1,3,0,0,0,0,1,0,0,0,0,0
31508131,15565930,home,3,1,2,0,0,0,0,0,0,0,0,0,0
31508131,15565928,home,3,0,0,0,0,0,1,0,0,0,0,0,0
31508130,15566024,away,3,1,2,0,0,0,0,0,1,0,0,0,0
31508130,15566025,away,4,1,3,0,0,0,1,0,0,0,0,0,0
31508130,15566037,away,2,0,0,0,0,0,0,1,1,0,0,0,0
31508130,15592776,away,3,1,1,1,0,0,1,0,0,0,0,0,0
31508130,15566026,away,3,0,1,0,0,0,0,0,1,0,0,0,0
31508130,15566027,away,3,1,2,0,0,0,0,0,1,0,0,0,0
31508130,15572096,away,3,0,1,0,0,0,1,0,0,0,0,0,0
31508130,15566028,away,2,0,1,0,0,0,0,1,1,0,0,0,0
31508130,15566029,away,3,1,2,0,0,0,0,0,0,0,0,0,0
31508130,15566031,away,3,2,2,0,1,0,0,0,0,0,0,0,0
31508130,15566034,away,3,0,1,0,0,0,0,0,1,0,0,0,0
31508130,15566035,away,3,1,2,1,0,0,2,0,0,0,0,0,0
31508130,15566036,away,4,2,2,0,0,0,0,0,1,0,0,0,0
31508130,15565986,home,4,0,2,1,0,0,1,0,0,0,0,0,0
31508130,15565987,home,3,0,2,0,0,0,1,0,0,1,0,0,0
31508130,15565988,home,2,1,0,0,0,0,0,1,1,0,0,0,0
31508130,15566001,home,2,2,1,0,0,0,1,0,0,2,0,0,0
31508130,15565998,home,2,1,1,0,0,0,0,1,0,0,0,0,0
31508130,15565990,home,4,0,1,0,0,0,0,0,0,0,0,0,0
31508130,15565991,home,4,2,1,0,0,0,1,0,1,0,0,0,0
31508130,15565993,home,2,2,0,2,0,0,5,0,0,0,0,1,0
31508130,15565994,home,4,2,2,1,0,0,1,0,0,0,0,0,0
31508130,15565995,home,4,3,2,1,0,0,1,0,0,0,0,0,0
31508130,15565996,home,3,3,3,0,0,0,1,1,0,0,0,0,0
31508130,15565997,home,4,0,3,0,0,0,1,0,0,0,0,0,0
31508145,15565916,away,5,0,3,0,0,0,0,0,1,0,0,0,0
31508145,15565918,away,5,0,1,2,0,0,2,0,1,0,0,0,0
31508145,15565929,away,3,2,0,1,0,0,0,2,2,0,0,0,0
31508145,15565922,away,4,0,3,0,0,0,1,0,0,0,0,0,0
31508145,15565925,away,1,1,0,0,0,0,0,1,0,0,0,0,0
31508145,15565926,away,4,1,2,0,0,0,0,0,0,0,0,0,0
31508145,15565927,away,5,0,1,0,0,0,0,0,2,0,0,0,0
31508145,15565930,away,4,0,1,0,0,0,0,1,0,0,0,0,0
31508145,15565928,away,2,1,0,0,0,0,0,2,1,0,0,0,0
31508145,15565932,home,3,1,2,0,0,0,1,0,0,0,0,0,0
31508145,15565944,home,3,1,2,0,0,0,0,1,0,0,0,0,0
31508145,15565934,home,4,1,1,0,0,0,0,0,1,0,0,0,0
31508145,15565935,home,3,1,0,0,0,0,0,1,0,0,0,0,0
31508145,15565936,home,3,0,1,0,0,0,1,0,0,0,0,0,0
31508145,15569648,home,4,0,2,0,0,0,0,0,0,0,0,0,0
31508145,15565938,home,2,0,1,0,0,0,0,1,0,0,0,0,0
31508145,15565941,home,4,0,0,0,0,0,0,0,0,0,0,0,0
31508145,15590571,home,4,1,2,0,0,0,0,0,0,0,0,0,0
31508145,15565942,home,2,1,0,0,0,0,0,2,0,0,0,0,0
31508145,15565943,home,4,0,2,0,0,0,0,0,0,0,0,0,0
31508146,15566025,away,3,0,2,0,0,0,0,1,1,0,0,0,0
31508146,15566030,away,4,2,1,0,0,0,0,0,1,0,0,0,0
31508144,15565986,away,5,1,1,1,2,0,3,0,0,0,0,0,0
31508144,15565987,away,5,2,3,1,0,0,1,0,0,0,0,0,0
31508144,15565988,away,4,2,1,2,0,0,3,0,0,0,0,0,0
31508144,15565989,away,1,3,1,0,0,0,2,3,0,0,0,0,0
31508144,15566001,away,3,4,3,0,0,0,1,1,0,0,0,0,0
31508144,15565998,away,4,2,3,0,0,0,2,0,1,0,0,0,0
31508144,15565990,away,2,1,0,0,0,0,1,2,0,0,0,0,0
31508144,15565992,away,3,2,2,0,0,0,0,1,0,0,0,0,0
31508144,15565994,away,4,0,0,0,0,0,0,0,1,0,0,0,0
31508144,15565995,away,4,1,2,0,0,0,2,1,0,0,0,0,0
31508144,15566000,away,2,0,1,0,0,0,2,1,0,0,0,0,0
31508144,15565996,away,5,1,3,0,0,0,2,0,0,0,0,0,0
31508144,15565997,away,4,2,2,0,0,0,0,0,1,0,0,0,0
31508144,15566008,home,2,0,1,1,0,0,2,1,0,0,0,0,0
31508144,15566010,home,4,0,1,0,0,0,1,0,1,0,0,0,0
31508144,15566011,home,3,1,1,0,0,0,0,1,1,0,0,0,0
31508144,15566020,home,2,0,0,0,0,0,0,1,0,0,0,0,0
31508144,15566012,home,4,0,2,0,0,0,0,1,2,0,0,0,0
31508144,15566013,home,3,0,1,0,0,0,0,0,1,0,0,0,0
31508144,15566021,home,4,1,2,0,0,0,0,0,0,0,0,0,0
31508144,15566015,home,3,1,1,0,0,0,0,1,0,0,0,0,0
31508144,15566019,home,3,0,1,0,0,0,0,0,0,1,0,0,0
31508144,15566016,home,3,1,2,0,0,0,0,0,1,0,0,0,0
31508144,15566017,home,4,0,0,0,0,0,0,0,0,0,0,0,0
31508151,15565931,away,4,3,4,0,0,0,0,0,0,0,0,0,0
31508151,15565934,away,4,0,1,1,0,0,0,0,1,0,0,0,0
31508151,15565935,away,4,0,1,0,0,0,0,0,1,0,0,0,0
31508151,15565936,away,2,0,0,0,0,0,0,2,0,0,0,0,0
31508151,15569648,away,3,0,0,0,0,0,1,1,1,0,0,0,0
31508151,15565938,away,4,1,1,0,0,0,0,0,0,0,0,0,0
31508151,15565940,away,4,0,1,0,0,0,0,0,2,0,0,0,0
31508151,15565941,away,4,0,2,0,0,0,0,0,0,0,0,0,0
31508151,15590571,away,3,0,1,1,0,0,2,1,0,0,0,0,0
31508151,15565943,away,3,2,1,0,0,0,0,1,0,0,0,0,0
31508151,15565986,home,4,1,1,0,0,0,1,0,0,0,0,0,0
31508151,15565988,home,3,0,1,0,0,0,0,0,0,0,0,0,0
31508151,15565989,home,3,1,1,0,0,0,0,0,1,0,0,0,0
31508151,15566001,home,3,0,2,0,0,0,2,1,1,0,0,0,0
31508151,15565998,home,1,0,0,0,0,0,1,2,1,0,0,0,0
31508151,15565990,home,3,1,3,0,0,0,0,0,0,0,0,0,0
31508151,15565992,home,3,1,0,0,0,0,0,1,0,0,0,0,0
31508151,15565993,home,4,1,3,0,0,0,3,0,0,0,0,0,0
31508151,15565994,home,4,1,2,0,0,0,0,0,0,0,0,0,0
31508151,15565995,home,4,2,2,0,0,0,1,0,0,0,0,0,0
31508151,15565996,home,3,2,1,0,0,0,1,1,0,0,0,0,0
31508151,15565997,home,3,1,1,0,0,0,1,0,1,0,0,0,0
31508152,15566008,away,3,1,1,0,0,0,0,0,0,0,0,0,0
31508152,15566009,away,4,2,2,1,0,0,1,0,0,0,0,0,0
31508152,15566010,away,4,0,1,0,0,0,0,0,2,0,0,0,0
31508152,15566011,away,3,0,1,0,0,0,0,0,2,1,0,0,0
31508152,15566020,away,2,1,1,0,0,0,0,0,0,1,0,0,0
31508152,15566012,away,4,0,2,0,0,0,1,0,1,0,0,0,0
31508152,15566021,away,3,0,1,0,0,0,0,0,1,1,0,0,0
31508152,15566019,away,4,1,2,0,0,0,1,0,0,0,0,0,0
31508152,15566016,away,4,0,1,0,0,0,0,0,1,0,0,0,0
31508152,15566017,away,3,1,1,0,0,0,0,0,1,0,0,0,0
31508152,15566018,away,1,0,0,0,0,0,0,1,1,0,0,0,0
31508152,15566025,home,4,0,1,0,0,0,0,0,2,0,0,0,0
31508152,15566037,home,1,0,0,0,0,0,0,2,0,0,0,0,0
31508152,15592776,home,3,1,2,0,0,0,0,0,1,0,0,0,0
31508152,15566026,home,3,0,1,0,0,0,0,0,1,0,0,0,0
31508152,15566027,home,3,1,3,0,0,0,0,0,0,0,0,0,0
31508152,15572096,home,2,0,0,0,0,0,0,1,0,0,0,0,0
31508152,15566029,home,3,1,2,0,0,0,1,0,0,0,0,0,0
31508152,15566030,home,3,2,0,1,0,0,0,0,1,0,0,0,0
31508152,15566031,home,4,1,1,0,1,0,0,0,0,0,0,0,0
31508152,15566033,home,2,0,1,0,0,0,0,1,0,0,0,0,0
31508152,15566034,home,3,0,0,0,0,0,0,0,0,0,0,0,0
31508152,15566035,home,3,1,1,0,0,0,1,0,0,0,0,0,0
31508153,15565918,away,2,1,1,0,0,0,1,1,0,0,0,0,0
31508155,15566024,away,3,1,1,0,0,0,0,0,0,0,0,0,0
31508155,15566025,away,3,2,1,1,0,0,3,1,0,0,0,0,0
31508155,15566037,away,3,0,0,0,0,0,1,0,1,0,0,0,0
31508155,15592776,away,3,2,1,1,0,0,0,0,0,0,0,0,0
31508155,15566026,away,3,0,1,1,0,0,1,0,0,0,0,0,0
31508155,15566027,away,0,0,0,0,0,0,0,0,0,0,0,0,0
31508155,15572096,away,2,1,1,0,0,0,0,1,0,0,0,0,0
31508155,15566029,away,3,0,0,0,0,0,0,0,0,0,0,0,0
31508155,15566030,away,3,0,1,1,0,0,2,0,0,0,0,0,0
31508155,15566031,away,4,2,2,1,0,0,1,0,0,0,0,0,0
31508155,15566032,away,3,1,2,0,0,0,0,0,0,0,0,0,0
31508155,15566033,away,3,0,0,0,0,0,1,0,1,0,0,0,0
31508155,15566034,away,2,2,1,0,0,0,0,0,0,0,0,0,0
31508155,15566035,away,2,1,1,0,0,0,0,1,0,0,0,0,0
31508155,15565916,home,4,1,2,0,0,0,1,0,1,0,0,0,0
31508155,15565917,home,3,1,1,1,0,0,3,1,0,0,0,0,0
31508155,15565918,home,3,0,3,0,0,0,3,1,0,0,0,0,0
31508155,15565919,home,3,4,2,1,0,0,1,0,0,1,0,0,0
31508155,15565921,home,3,1,0,0,0,0,0,1,1,0,0,0,0
31508155,15565922,home,4,0,0,0,0,0,0,0,0,0,0,0,0
31508155,15565925,home,1,2,0,0,0,0,0,1,0,0,0,0,0
31508155,15565926,home,3,1,1,0,0,0,0,1,0,0,0,0,0
31508155,15565927,home,3,1,1,0,0,0,0,1,0,0,0,0,0
31508155,15565930,home,4,0,0,0,0,0,0,0,0,0,0,0,0
31508155,15565928,home,1,1,1,0,0,0,1,0,0,2,0,0,0
31508154,15566008,away,4,2,1,1,0,0,0,0,1,0,0,0,0
31508154,15566009,away,3,1,2,1,0,0,2,1,0,0,0,0,0
31508154,15566010,away,4,0,0,0,0,0,1,0,1,0,0,0,0
31508154,15566011,away,4,0,2,0,0,0,0,0,0,0,0,0,0
31508154,15566020,away,3,1,2,0,0,0,0,1,0,0,0,0,0
31508154,15566012,away,4,2,2,0,0,0,1,0,0,0,0,0,0
31508154,15566013,away,4,0,0,0,0,0,0,0,4,0,0,0,0
31508154,15566021,away,4,0,1,0,0,0,0,0,0,0,0,0,0
31508154,15566019,away,4,0,1,0,0,0,1,0,0,0,0,0,0
31508154,15566016,away,3,0,0,0,0,0,0,1,0,0,0,0,0
31508154,15566017,away,3,0,1,0,0,0,0,1,0,0,0,0,0
31508154,15565932,home,5,2,2,0,0,0,2,0,0,0,0,0,0
31508154,15565944,home,4,2,3,0,0,0,1,1,0,0,0,0,0
31508154,15565934,home,3,2,0,0,0,0,1,1,0,1,0,0,0
31508154,15565935,home,5,1,2,0,0,0,2,0,2,0,0,0,0
31508154,15565936,home,4,0,3,0,0,0,1,0,1,0,0,0,0
31508154,15569648,home,4,2,2,0,0,0,1,1,2,0,0,0,0
31508154,15565938,home,4,1,2,0,0,0,4,0,0,0,0,0,0
31508154,15565940,home,3,2,1,0,0,0,0,1,2,0,0,0,0
31508154,15565943,home,5,2,2,0,0,0,0,0,0,0,0,0,0
31508156,15565986,away,3,0,2,0,0,0,1,1,0,0,0,0,0
31508159,15566016,away,3,0,2,0,0,0,0,0,0,0,0,0,0
31508157,15565932,away,3,1,1,0,0,0,0,1,0,0,0,0,0
31508157,15565944,away,0,0,0,0,0,0,0,0,0,0,0,0,0
31508157,15565934,away,3,2,2,0,0,0,0,0,1,1,0,0,0
31508157,15565935,away,4,0,2,0,0,0,0,0,1,0,0,0,0
31508157,15565936,away,4,1,1,0,0,0,0,0,0,0,0,0,0
31508157,15569648,away,5,0,0,0,0,0,2,0,2,0,0,0,0
31508157,15565938,away,3,3,2,1,0,0,0,1,0,0,0,0,0
31508157,15565941,away,4,0,0,0,0,0,0,0,0,0,0,0,0
31508157,15590571,away,3,0,2,0,0,0,1,1,0,0,0,1,0
31508157,15565943,away,3,2,1,1,0,0,2,0,0,1,0,0,0
31508157,15566024,home,2,0,0,0,0,0,0,0,2,0,0,0,0
31508157,15566025,home,2,1,1,0,0,0,0,1,0,0,0,0,0
31508157,15566037,home,0,0,0,0,0,0,0,0,0,0,0,0,0
31508157,15592776,home,3,2,2,0,0,0,0,0,0,0,0,0,0
31508157,15566026,home,3,0,1,0,0,0,1,0,0,0,0,0,0
31508157,15566027,home,3,1,1,0,0,0,1,0,1,0,0,0,0
31508157,15572096,home,3,1,2,0,0,0,0,0,0,0,0,0,0
31508157,15566028,home,3,0,1,0,0,0,0,0,2,0,0,0,0
31508157,15566029,home,3,1,2,0,0,0,1,0,1,0,0,0,0
31508157,15566030,home,3,0,1,0,0,0,0,0,1,0,0,0,0
31508157,15566031,home,3,1,1,0,0,0,0,0,0,0,0,0,0
31508157,15566032,home,3,1,3,0,0,0,1,0,0,0,0,0,0
31508157,15566034,home,1,0,0,0,0,0,0,1,0,0,0,0,0
31508157,15566035,home,3,1,2,0,0,0,2,0,0,0,0,0,0
31508157,15566036,home,2,1,2,0,0,0,0,1,0,0,0,0,0
31508158,15565916,away,4,0,0,0,0,0,0,0,0,0,0,0,0
31508158,15565918,away,4,1,1,1,0,0,0,0,0,0,0,0,0
31508158,15565929,away,3,0,2,0,0,0,0,1,1,0,0,0,0
31508158,15565919,away,3,2,3,1,0,0,0,0,0,0,0,0,0
31508158,15565921,away,3,1,1,0,0,0,0,0,0,0,0,0,0
31508158,15565922,away,4,0,1,0,0,0,0,0,0,0,0,0,0
31508158,15565923,away,4,0,1,0,0,0,0,0,1,0,0,0,0
31508158,15565926,away,4,0,2,0,0,0,0,0,0,0,0,0,0
31508158,15565927,away,4,1,1,0,0,0,0,0,0,0,0,0,0
31508158,15565928,away,1,0,0,0,0,0,0,0,0,0,0,0,0
31508158,15565986,home,4,0,1,0,0,0,1,0,0,0,0,0,0
31508158,15565987,home,3,0,0,0,0,0,0,1,0,0,0,0,0
31508158,15565988,home,3,0,1,0,0,0,1,1,1,0,0,0,0
31508158,15565989,home,0,0,0,0,0,0,0,0,0,0,0,0,0
31508158,15566001,home,2,2,1,0,0,0,0,2,0,0,0,0,0
31508158,15565998,home,2,1,1,0,0,0,0,1,0,0,0,0,0
31508158,15565990,home,4,3,2,1,0,0,2,0,0,0,0,0,0
31508158,15565992,home,4,1,4,0,0,0,2,0,0,0,0,0,0
31508158,15565993,home,3,1,0,1,0,0,1,1,0,0,0,0,0
31508158,15565994,home,4,2,2,0,0,0,1,0,0,0,0,0,0
31508158,15565995,home,4,1,3,0,0,0,1,0,0,0,0,0,0
31508158,15566000,home,4,0,0,0,0,0,0,0,0,0,0,0,0
31508158,15565996,home,4,0,3,0,0,0,1,0,0,0,0,0,0
31508158,15565997,home,3,1,2,0,0,0,2,1,0,0,0,0,0
31508166,15565916,away,5,1,3,0,0,0,1,0,0,0,0,0,0
31508166,15565918,away,4,1,1,0,0,0,0,0,0,0,0,0,0
31508166,15565929,away,4,0,2,0,0,0,0,0,1,0,0,0,0
31508166,15565919,away,5,1,2,0,0,0,0,0,0,0,0,0,0
31508166,15565921,away,4,0,2,0,0,0,0,0,0,0,0,0,0
31508166,15565922,away,4,2,2,0,0,0,0,0,0,0,0,0,0
31508166,15565923,away,3,0,2,0,0,0,0,1,0,0,0,0,0
31508166,15565926,away,4,0,1,0,0,0,0,0,1,0,0,0,0
31508166,15565927,away,4,0,2,0,0,0,0,0,0,0,0,0,0
31508166,15565928,away,4,1,0,0,0,0,0,0,0,0,0,0,0
31508166,15566008,home,4,0,0,0,0,0,0,0,2,0,0,0,0
31508166,15566009,home,2,4,2,0,0,0,2,2,0,0,0,0,0
31508166,15566010,home,0,0,0,0,0,0,0,0,0,0,0,0,0
31508166,15566011,home,4,1,1,0,0,0,2,0,1,0,0,0,0
31508166,15566020,home,3,1,0,0,0,0,0,1,1,0,0,0,0
31508166,15566012,home,4,1,2,0,0,0,0,0,0,0,0,0,0
31508166,15566013,home,1,1,0,0,0,0,0,2,1,1,0,0,0
31508166,15566014,home,3,2,1,0,0,0,1,1,0,0,0,0,0
31508166,15566021,home,4,0,2,0,0,0,1,0,0,0,0,0,0
31508166,15566015,home,4,1,1,2,0,0,2,0,0,0,0,0,0
31508166,15566019,home,4,1,3,0,0,0,0,0,0,0,0,0,0
31508166,15566016,home,3,1,2,0,0,0,3,0,0,0,0,1,0
31508166,15566017,home,2,0,2,0,0,0,1,2,0,0,0,0,0
31508166,15566018,home,3,1,0,0,0,0,0,1,1,0,0,0,0
31508168,15565943,away,4,1,3,0,0,0,0,0,0,0,0,0,0
31508167,15565986,away,4,1,2,0,0,0,0,0,0,0,0,0,0
31508167,15565987,away,3,2,2,0,0,0,1,1,0,0,0,0,0
31508167,15565988,away,1,1,0,0,0,0,0,3,0,0,0,0,0
31508167,15565989,away,2,1,0,0,0,0,2,1,0,1,0,0,0
31508167,15566001,away,3,2,2,0,0,0,2,0,0,1,0,0,0
31508167,15565998,away,4,1,1,0,0,0,2,0,0,0,0,0,0
31508167,15565992,away,4,2,1,1,0,0,2,0,0,0,0,0,0
31508167,15565993,away,4,2,4,0,0,0,2,0,0,0,0,0,0
31508167,15565994,away,3,2,1,1,0,0,1,1,0,0,0,0,0
31508167,15565995,away,4,1,2,0,0,0,1,1,0,0,0,0,0
31508167,15565996,away,4,2,1,0,0,0,1,0,0,0,0,0,0
31508167,15565999,away,0,0,0,0,0,0,0,0,0,0,0,0,0
31508167,15566025,home,2,1,1,0,0,0,0,1,0,0,0,0,0
31508167,15592776,home,2,0,2,0,0,0,0,0,0,0,0,0,0
31508167,15566026,home,2,0,0,0,0,0,0,0,0,0,0,0,0
31508167,15566027,home,2,0,0,0,0,0,0,0,0,0,0,0,0
31508167,15572096,home,2,0,1,0,0,0,0,0,0,0,0,0,0
31508167,15566028,home,2,0,0,0,0,0,0,0,0,0,0,0,0
31508167,15566029,home,3,1,1,0,0,0,0,0,1,0,0,0,0
31508167,15566030,home,2,0,1,0,0,0,1,1,1,0,0,0,0
31508167,15566031,home,3,0,0,0,0,0,0,0,1,0,0,0,0
31508167,15566032,home,2,0,1,0,0,0,0,0,1,0,0,0,0
31508167,15566033,home,2,0,0,0,0,0,0,0,0,0,0,0,0
31508167,15566034,home,2,1,1,0,0,0,0,0,0,0,0,0,0
31508167,15566036,home,2,0,2,0,0,0,1,1,0,0,0,0,0
